This is pdfTeX, Version 3.141592653-2.6-1.40.27 (TeX Live 2025) (preloaded format=pdflatex 2025.3.13)  25 JUL 2025 13:55
entering extended mode
 restricted \write18 enabled.
 file:line:error style messages enabled.
 %&-line parsing enabled.
**"/Users/varikakasandor/Documents/ETH/Masters Thesis/masters-thesis/thesis/thesis.tex"
(/Users/varikakasandor/Documents/ETH/Masters Thesis/masters-thesis/thesis/thesis.tex
LaTeX2e <2024-11-01> patch level 2
L3 programming layer <2025-01-18>
(/usr/local/texlive/2025/texmf-dist/tex/latex/memoir/memoir.cls
Document Class: memoir 2025/03/06 v3.8.3 configurable book, report, article document class
(/usr/local/texlive/2025/texmf-dist/tex/latex/xpatch/xpatch.sty (/usr/local/texlive/2025/texmf-dist/tex/latex/l3kernel/expl3.sty
Package: expl3 2025-01-18 L3 programming layer (loader) 
 (/usr/local/texlive/2025/texmf-dist/tex/latex/l3backend/l3backend-pdftex.def
File: l3backend-pdftex.def 2024-05-08 L3 backend support: PDF output (pdfTeX)
\l__color_backend_stack_int=\count196
\l__pdf_internal_box=\box52
))
Package: xpatch 2020/03/25 v0.3a Extending etoolbox patching commands
 (/usr/local/texlive/2025/texmf-dist/tex/latex/l3packages/xparse/xparse.sty
Package: xparse 2024-08-16 L3 Experimental document command parser
) (/usr/local/texlive/2025/texmf-dist/tex/latex/etoolbox/etoolbox.sty
Package: etoolbox 2025/02/11 v2.5l e-TeX tools for LaTeX (JAW)
\etb@tempcnta=\count197
))
\onelineskip=\skip49
\lxvchars=\skip50
\xlvchars=\skip51
\@memcnta=\count198
\c@@memmarkcntra=\count199
 (/usr/local/texlive/2025/texmf-dist/tex/generic/iftex/iftex.sty
Package: iftex 2024/12/12 v1.0g TeX engine tests
)
\trimtop=\skip52
\trimedge=\skip53
 (/usr/local/texlive/2025/texmf-dist/tex/latex/memoir/mem11.clo
File: mem11.clo 2022/07/29 v0.5 memoir class 11pt size option
)
\binding=\skip54
\spinemargin=\skip55
\foremargin=\skip56
\uppermargin=\skip57
\lowermargin=\skip58
\headdrop=\skip59
\normalrulethickness=\skip60
\mem@maxheadheight=\skip61
\mem@maxfootheight=\skip62
\headwidth=\skip63
\c@storedpagenumber=\count266
\memPD=\dimen141
\m@mabparskip=\skip64
\thanksmarkwidth=\skip65
\thanksmarksep=\skip66
\droptitle=\skip67
\c@book=\count267
\c@part=\count268
\c@chapter=\count269
\c@section=\count270
\c@subsection=\count271
\c@subsubsection=\count272
\c@paragraph=\count273
\c@subparagraph=\count274
\beforechapskip=\skip68
\midchapskip=\skip69
\afterchapskip=\skip70
\chapindent=\skip71
\bottomsectionskip=\skip72
\secindent=\skip73
\beforesecskip=\skip74
\aftersecskip=\skip75
\subsecindent=\skip76
\beforesubsecskip=\skip77
\aftersubsecskip=\skip78
\subsubsecindent=\skip79
\beforesubsubsecskip=\skip80
\aftersubsubsecskip=\skip81
\paraindent=\skip82
\beforeparaskip=\skip83
\afterparaskip=\skip84
\subparaindent=\skip85
\beforesubparaskip=\skip86
\aftersubparaskip=\skip87
\pfbreakskip=\skip88
\c@@ppsavesec=\count275
\c@@ppsaveapp=\count276
\ragrparindent=\dimen142
\everylistparindent=\dimen143
\parsepi=\skip89
\topsepi=\skip90
\itemsepi=\skip91
\parsepii=\skip92
\topsepii=\skip93
\topsepiii=\skip94
\itemsepii=\skip95
\itemsepiii=\skip96
\partopsepii=\skip97
\partopsepiii=\skip98
\m@msavetopsep=\skip99
\m@msavepartopsep=\skip100
\@enLab=\toks17
\abstitleskip=\skip101
\absleftindent=\skip102
\abs@leftindent=\dimen144
\absrightindent=\skip103
\absparindent=\skip104
\absparsep=\skip105
\c@vslineno=\count277
\c@poemline=\count278
\c@modulo@vs=\count279
\c@memfvsline=\count280
\vleftskip=\skip106
\vrightskip=\skip107
\stanzaskip=\skip108
\versewidth=\skip109
\vgap=\skip110
\vindent=\skip111
\vleftmargin=\dimen145
\c@verse=\count281
\c@chrsinstr=\count282
\beforepoemtitleskip=\skip112
\afterpoemtitleskip=\skip113
\c@poem=\count283
\beforePoemTitleskip=\skip114
\midPoemTitleskip=\skip115
\afterPoemTitleskip=\skip116
 (/usr/local/texlive/2025/texmf-dist/tex/latex/tools/array.sty
Package: array 2024/10/17 v2.6g Tabular extension package (FMi)
\col@sep=\dimen146
\ar@mcellbox=\box53
\extrarowheight=\dimen147
\NC@list=\toks18
\extratabsurround=\skip117
\backup@length=\skip118
\ar@cellbox=\box54
) (/usr/local/texlive/2025/texmf-dist/tex/latex/tools/dcolumn.sty
Package: dcolumn 2023/07/08 v1.06 decimal alignment package (DPC)
) (/usr/local/texlive/2025/texmf-dist/tex/latex/tools/delarray.sty
Package: delarray 2014/10/28 v1.01 array delimiter package (DPC)
) (/usr/local/texlive/2025/texmf-dist/tex/latex/tools/tabularx.sty
Package: tabularx 2023/12/11 v2.12a `tabularx' package (DPC)
\TX@col@width=\dimen148
\TX@old@table=\dimen149
\TX@old@col=\dimen150
\TX@target=\dimen151
\TX@delta=\dimen152
\TX@cols=\count284
\TX@ftn=\toks19
) (/usr/local/texlive/2025/texmf-dist/tex/latex/booktabs/booktabs.sty
Package: booktabs 2020/01/12 v1.61803398 Publication quality tables
\heavyrulewidth=\dimen153
\lightrulewidth=\dimen154
\cmidrulewidth=\dimen155
\belowrulesep=\dimen156
\belowbottomsep=\dimen157
\aboverulesep=\dimen158
\abovetopsep=\dimen159
\cmidrulesep=\dimen160
\cmidrulekern=\dimen161
\defaultaddspace=\dimen162
\@cmidla=\count285
\@cmidlb=\count286
\@aboverulesep=\dimen163
\@belowrulesep=\dimen164
\@thisruleclass=\count287
\@lastruleclass=\count288
\@thisrulewidth=\dimen165
)
\ctableftskip=\skip119
\ctabrightskip=\skip120
\abovecolumnspenalty=\count289
\@linestogo=\count290
\@cellstogo=\count291
\@cellsincolumn=\count292
\crtok=\toks20
\@mincolumnwidth=\dimen166
\c@newflo@tctr=\count293
\mem@margin@floatbox=\box55
\@contcwidth=\skip121
\@contindw=\skip122
\abovecaptionskip=\skip123
\belowcaptionskip=\skip124
\subfloattopskip=\skip125
\subfloatcapskip=\skip126
\subfloatcaptopadj=\skip127
\subfloatbottomskip=\skip128
\subfloatlabelskip=\skip129
\subfloatcapmargin=\dimen167
\c@@contsubnum=\count294
\m@mscap@capbox=\box56
\m@mscap@fbox=\box57
\sidecapsep=\dimen168
\sidecapwidth=\dimen169
\m@m@tempdima=\dimen170
\m@mscapraise=\dimen171
\sidecapraise=\dimen172
\m@mscapmainwidth=\dimen173
\m@mscaplkern=\dimen174
\beforeepigraphskip=\skip130
\afterepigraphskip=\skip131
\epigraphwidth=\skip132
\epigraphrule=\skip133
LaTeX Info: Redefining \em on input line 7017.
LaTeX Info: Redefining \emph on input line 7025.
 (/usr/local/texlive/2025/texmf-dist/tex/latex/hyperref/nameref.sty
Package: nameref 2023-11-26 v2.56 Cross-referencing by name of section
 (/usr/local/texlive/2025/texmf-dist/tex/latex/refcount/refcount.sty
Package: refcount 2019/12/15 v3.6 Data extraction from label references (HO)
 (/usr/local/texlive/2025/texmf-dist/tex/generic/ltxcmds/ltxcmds.sty
Package: ltxcmds 2023-12-04 v1.26 LaTeX kernel commands for general use (HO)
) (/usr/local/texlive/2025/texmf-dist/tex/generic/infwarerr/infwarerr.sty
Package: infwarerr 2019/12/03 v1.5 Providing info/warning/error messages (HO)
)) (/usr/local/texlive/2025/texmf-dist/tex/generic/gettitlestring/gettitlestring.sty
Package: gettitlestring 2019/12/15 v1.6 Cleanup title references (HO)
 (/usr/local/texlive/2025/texmf-dist/tex/latex/kvoptions/kvoptions.sty
Package: kvoptions 2022-06-15 v3.15 Key value format for package options (HO)
 (/usr/local/texlive/2025/texmf-dist/tex/latex/graphics/keyval.sty
Package: keyval 2022/05/29 v1.15 key=value parser (DPC)
\KV@toks@=\toks21
) (/usr/local/texlive/2025/texmf-dist/tex/latex/kvsetkeys/kvsetkeys.sty
Package: kvsetkeys 2022-10-05 v1.19 Key value parser (HO)
)))
\c@section@level=\count295
)
\tocentryskip=\skip134
\tocbaseline=\skip135
\cftparskip=\skip136
\cftbeforebookskip=\skip137
\cftbookindent=\dimen175
\cftbooknumwidth=\dimen176
\cftbeforepartskip=\skip138
\cftpartindent=\skip139
\cftpartnumwidth=\skip140
\cftbeforechapterskip=\skip141
\cftchapterindent=\skip142
\cftchapternumwidth=\skip143
\cftbeforesectionskip=\skip144
\cftsectionindent=\skip145
\cftsectionnumwidth=\skip146
\cftbeforesubsectionskip=\skip147
\cftsubsectionindent=\skip148
\cftsubsectionnumwidth=\skip149
\cftbeforesubsubsectionskip=\skip150
\cftsubsubsectionindent=\skip151
\cftsubsubsectionnumwidth=\skip152
\cftbeforeparagraphskip=\skip153
\cftparagraphindent=\skip154
\cftparagraphnumwidth=\skip155
\cftbeforesubparagraphskip=\skip156
\cftsubparagraphindent=\skip157
\cftsubparagraphnumwidth=\skip158
\prechapterprecisshift=\dimen177
\c@maxsecnumdepth=\count296
\bibindent=\dimen178
\bibitemsep=\skip159
\indexcolsep=\skip160
\indexrule=\skip161
\indexmarkstyle=\toks22
\@indexbox=\insert252
LaTeX Info: Redefining \raggedbottom on input line 8107.
LaTeX Info: Redefining \flushbottom on input line 8111.
\glossarycolsep=\dimen179
\glossaryrule=\dimen180
\sideparvshift=\skip162
\sideins=\insert251
\sidebartopsep=\skip163
\sidebarhsep=\skip164
\sidebarvsep=\skip165
\sidebarwidth=\skip166
\footmarkwidth=\skip167
\footmarksep=\skip168
\footparindent=\skip169
\footinsdim=\skip170
\footinsv@r=\insert250
\@mpfootinsv@r=\insert249
\m@m@k=\count297
\m@m@h=\dimen181
\m@mipn@skip=\skip171
\sidefootins=\insert248
\sidefootadjust=\skip172
\sidefootheight=\skip173
\sidefoothsep=\skip174
\sidefootvsep=\skip175
\sidefootwidth=\skip176
\m@mdownsf=\skip177
\c@sidefootnote=\count298
\sidefootmarkwidth=\skip178
\sidefootmarksep=\skip179
\sidefootparindent=\skip180
\c@pagenote=\count299
\c@pagenoteshadow=\count300
\mem@pn@lastkern=\skip181
 (/usr/local/texlive/2025/texmf-dist/tex/latex/tools/verbatim.sty
Package: verbatim 2024-01-22 v1.5x LaTeX2e package for verbatim enhancements
\every@verbatim=\toks23
\verbatim@line=\toks24
\verbatim@in@stream=\read2
)
\verbatimindent=\skip182
\verbatim@out=\write3
 (/usr/local/texlive/2025/texmf-dist/tex/latex/base/shortvrb.sty
Package: shortvrb 2024/10/23 v3.0q Standard LaTeX documentation package V3 (FMi)
)
\bvboxsep=\skip183
\c@memfbvline=\count301
\c@bvlinectr=\count302
\bvnumlength=\skip184
\fb@frw=\dimen182
\fb@frh=\dimen183
\FrameRule=\dimen184
\FrameSep=\dimen185
\c@cp@cntr=\count303
\c@ism@mctr=\count304
\c@xsm@mctr=\count305
\c@csm@mctr=\count306
\c@ksm@mctr=\count307
\c@xksm@mctr=\count308
\c@cksm@mctr=\count309
\c@msm@mctr=\count310
\c@xmsm@mctr=\count311
\c@cmsm@mctr=\count312
\c@bsm@mctr=\count313
\c@workm@mctr=\count314
\c@sheetsequence=\count315
\c@lastsheet=\count316
\c@lastpage=\count317
 (/usr/local/texlive/2025/texmf-dist/tex/latex/textcase/textcase.sty
Package: textcase 2025/02/16 v1.05 Text only upper/lower case changing (DPC)
Package textcase Info: Defining Legacy names on input line 20.
)
\c@figure=\count318
\c@lofdepth=\count319
\cftbeforefigureskip=\skip185
\cftfigureindent=\skip186
\cftfigurenumwidth=\skip187
\c@table=\count320
\c@lotdepth=\count321
\cftbeforetableskip=\skip188
\cfttableindent=\skip189
\cfttablenumwidth=\skip190
Package abstract [2008/07/23] emulated by memoir.
Package appendix [2008/07/23] emulated by memoir.
Package ccaption [2008/07/23] emulated by memoir.
Package changepage [2008/07/23] emulated by memoir.
Package chngcntr [2008/07/23] emulated by memoir.
Package chngpage [2008/07/23] emulated by memoir.
Package crop emulated by memoir.
Package enumerate [2008/07/23] emulated by memoir.
Package epigraph [2008/07/23] emulated by memoir.
Package ifmtarg [2008/07/23] emulated by memoir.
Package index [2008/07/23] emulated by memoir.
Package makeidx [2008/07/23] emulated by memoir.
Package moreverb [2008/07/23] emulated by memoir.
Package needspace [2008/07/23] emulated by memoir.
Package newfile [2008/07/23] emulated by memoir.
Package nextpage [2008/07/23] emulated by memoir.
Package pagenote [2008/07/23] emulated by memoir.
Package parskip [2008/07/23] emulated by memoir.
Package patchcmd [2008/07/23] emulated by memoir.
Package setspace [2008/07/23] emulated by memoir.
Package showidx [2008/07/23] emulated by memoir.
Package titleref [2008/07/23] emulated by memoir.
Package titling [2008/07/23] emulated by memoir.
Package tocbibind [2008/07/23] emulated by memoir.
Package tocloft [2008/07/23] emulated by memoir.
Package tocvsec2 [2008/07/23] emulated by memoir.
Package verse [2008/07/23] emulated by memoir.
) (/usr/local/texlive/2025/texmf-dist/tex/latex/base/fontenc.sty
Package: fontenc 2021/04/29 v2.0v Standard LaTeX package
) (/usr/local/texlive/2025/texmf-dist/tex/generic/babel/babel.sty
Package: babel 2025/02/14 v25.4 The multilingual framework for pdfLaTeX, LuaLaTeX and XeLaTeX
\babel@savecnt=\count322
\U@D=\dimen186
\l@unhyphenated=\language90
 (/usr/local/texlive/2025/texmf-dist/tex/generic/babel/txtbabel.def)
\bbl@readstream=\read3
\bbl@dirlevel=\count323
 (/usr/local/texlive/2025/texmf-dist/tex/generic/babel-english/english.ldf
Language: english 2017/06/06 v3.3r English support from the babel system
Package babel Info: Hyphen rules for 'canadian' set to \l@english
(babel)             (\language0). Reported on input line 102.
Package babel Info: Hyphen rules for 'australian' set to \l@ukenglish
(babel)             (\language22). Reported on input line 105.
Package babel Info: Hyphen rules for 'newzealand' set to \l@ukenglish
(babel)             (\language22). Reported on input line 108.
)) (/usr/local/texlive/2025/texmf-dist/tex/generic/babel/locale/en/babel-english.tex
Package babel Info: Importing font and identification data for english
(babel)             from babel-en.ini. Reported on input line 11.
) (/usr/local/texlive/2025/texmf-dist/tex/latex/base/inputenc.sty
Package: inputenc 2024/02/08 v1.3d Input encoding file
\inpenc@prehook=\toks25
\inpenc@posthook=\toks26
) (/usr/local/texlive/2025/texmf-dist/tex/latex/psnfss/mathpazo.sty
Package: mathpazo 2020/03/25 PSNFSS-v9.3 Palatino w/ Pazo Math (D.Puga, WaS) 
\symupright=\mathgroup4
) (/usr/local/texlive/2025/texmf-dist/tex/latex/pgf/frontendlayer/tikz.sty (/usr/local/texlive/2025/texmf-dist/tex/latex/pgf/basiclayer/pgf.sty (/usr/local/texlive/2025/texmf-dist/tex/latex/pgf/utilities/pgfrcs.sty (/usr/local/texlive/2025/texmf-dist/tex/generic/pgf/utilities/pgfutil-common.tex
\pgfutil@everybye=\toks27
\pgfutil@tempdima=\dimen187
\pgfutil@tempdimb=\dimen188
) (/usr/local/texlive/2025/texmf-dist/tex/generic/pgf/utilities/pgfutil-latex.def
\pgfutil@abb=\box58
) (/usr/local/texlive/2025/texmf-dist/tex/generic/pgf/utilities/pgfrcs.code.tex (/usr/local/texlive/2025/texmf-dist/tex/generic/pgf/pgf.revision.tex)
Package: pgfrcs 2023-01-15 v3.1.10 (3.1.10)
))
Package: pgf 2023-01-15 v3.1.10 (3.1.10)
 (/usr/local/texlive/2025/texmf-dist/tex/latex/pgf/basiclayer/pgfcore.sty (/usr/local/texlive/2025/texmf-dist/tex/latex/graphics/graphicx.sty
Package: graphicx 2021/09/16 v1.2d Enhanced LaTeX Graphics (DPC,SPQR)
 (/usr/local/texlive/2025/texmf-dist/tex/latex/graphics/graphics.sty
Package: graphics 2024/08/06 v1.4g Standard LaTeX Graphics (DPC,SPQR)
 (/usr/local/texlive/2025/texmf-dist/tex/latex/graphics/trig.sty
Package: trig 2023/12/02 v1.11 sin cos tan (DPC)
) (/usr/local/texlive/2025/texmf-dist/tex/latex/graphics-cfg/graphics.cfg
File: graphics.cfg 2016/06/04 v1.11 sample graphics configuration
)
Package graphics Info: Driver file: pdftex.def on input line 106.
 (/usr/local/texlive/2025/texmf-dist/tex/latex/graphics-def/pdftex.def
File: pdftex.def 2024/04/13 v1.2c Graphics/color driver for pdftex
))
\Gin@req@height=\dimen189
\Gin@req@width=\dimen190
) (/usr/local/texlive/2025/texmf-dist/tex/latex/pgf/systemlayer/pgfsys.sty (/usr/local/texlive/2025/texmf-dist/tex/generic/pgf/systemlayer/pgfsys.code.tex
Package: pgfsys 2023-01-15 v3.1.10 (3.1.10)
 (/usr/local/texlive/2025/texmf-dist/tex/generic/pgf/utilities/pgfkeys.code.tex
\pgfkeys@pathtoks=\toks28
\pgfkeys@temptoks=\toks29
 (/usr/local/texlive/2025/texmf-dist/tex/generic/pgf/utilities/pgfkeyslibraryfiltered.code.tex
\pgfkeys@tmptoks=\toks30
))
\pgf@x=\dimen191
\pgf@y=\dimen192
\pgf@xa=\dimen193
\pgf@ya=\dimen194
\pgf@xb=\dimen195
\pgf@yb=\dimen196
\pgf@xc=\dimen197
\pgf@yc=\dimen198
\pgf@xd=\dimen199
\pgf@yd=\dimen256
\w@pgf@writea=\write4
\r@pgf@reada=\read4
\c@pgf@counta=\count324
\c@pgf@countb=\count325
\c@pgf@countc=\count326
\c@pgf@countd=\count327
\t@pgf@toka=\toks31
\t@pgf@tokb=\toks32
\t@pgf@tokc=\toks33
\pgf@sys@id@count=\count328
 (/usr/local/texlive/2025/texmf-dist/tex/generic/pgf/systemlayer/pgf.cfg
File: pgf.cfg 2023-01-15 v3.1.10 (3.1.10)
)
Driver file for pgf: pgfsys-pdftex.def
 (/usr/local/texlive/2025/texmf-dist/tex/generic/pgf/systemlayer/pgfsys-pdftex.def
File: pgfsys-pdftex.def 2023-01-15 v3.1.10 (3.1.10)
 (/usr/local/texlive/2025/texmf-dist/tex/generic/pgf/systemlayer/pgfsys-common-pdf.def
File: pgfsys-common-pdf.def 2023-01-15 v3.1.10 (3.1.10)
))) (/usr/local/texlive/2025/texmf-dist/tex/generic/pgf/systemlayer/pgfsyssoftpath.code.tex
File: pgfsyssoftpath.code.tex 2023-01-15 v3.1.10 (3.1.10)
\pgfsyssoftpath@smallbuffer@items=\count329
\pgfsyssoftpath@bigbuffer@items=\count330
) (/usr/local/texlive/2025/texmf-dist/tex/generic/pgf/systemlayer/pgfsysprotocol.code.tex
File: pgfsysprotocol.code.tex 2023-01-15 v3.1.10 (3.1.10)
)) (/usr/local/texlive/2025/texmf-dist/tex/latex/xcolor/xcolor.sty
Package: xcolor 2024/09/29 v3.02 LaTeX color extensions (UK)
 (/usr/local/texlive/2025/texmf-dist/tex/latex/graphics-cfg/color.cfg
File: color.cfg 2016/01/02 v1.6 sample color configuration
)
Package xcolor Info: Driver file: pdftex.def on input line 274.
 (/usr/local/texlive/2025/texmf-dist/tex/latex/graphics/mathcolor.ltx)
Package xcolor Info: Model `cmy' substituted by `cmy0' on input line 1349.
Package xcolor Info: Model `hsb' substituted by `rgb' on input line 1353.
Package xcolor Info: Model `RGB' extended on input line 1365.
Package xcolor Info: Model `HTML' substituted by `rgb' on input line 1367.
Package xcolor Info: Model `Hsb' substituted by `hsb' on input line 1368.
Package xcolor Info: Model `tHsb' substituted by `hsb' on input line 1369.
Package xcolor Info: Model `HSB' substituted by `hsb' on input line 1370.
Package xcolor Info: Model `Gray' substituted by `gray' on input line 1371.
Package xcolor Info: Model `wave' substituted by `hsb' on input line 1372.
) (/usr/local/texlive/2025/texmf-dist/tex/generic/pgf/basiclayer/pgfcore.code.tex
Package: pgfcore 2023-01-15 v3.1.10 (3.1.10)
 (/usr/local/texlive/2025/texmf-dist/tex/generic/pgf/math/pgfmath.code.tex (/usr/local/texlive/2025/texmf-dist/tex/generic/pgf/math/pgfmathutil.code.tex) (/usr/local/texlive/2025/texmf-dist/tex/generic/pgf/math/pgfmathparser.code.tex
\pgfmath@dimen=\dimen257
\pgfmath@count=\count331
\pgfmath@box=\box59
\pgfmath@toks=\toks34
\pgfmath@stack@operand=\toks35
\pgfmath@stack@operation=\toks36
) (/usr/local/texlive/2025/texmf-dist/tex/generic/pgf/math/pgfmathfunctions.code.tex) (/usr/local/texlive/2025/texmf-dist/tex/generic/pgf/math/pgfmathfunctions.basic.code.tex) (/usr/local/texlive/2025/texmf-dist/tex/generic/pgf/math/pgfmathfunctions.trigonometric.code.tex) (/usr/local/texlive/2025/texmf-dist/tex/generic/pgf/math/pgfmathfunctions.random.code.tex) (/usr/local/texlive/2025/texmf-dist/tex/generic/pgf/math/pgfmathfunctions.comparison.code.tex) (/usr/local/texlive/2025/texmf-dist/tex/generic/pgf/math/pgfmathfunctions.base.code.tex) (/usr/local/texlive/2025/texmf-dist/tex/generic/pgf/math/pgfmathfunctions.round.code.tex) (/usr/local/texlive/2025/texmf-dist/tex/generic/pgf/math/pgfmathfunctions.misc.code.tex) (/usr/local/texlive/2025/texmf-dist/tex/generic/pgf/math/pgfmathfunctions.integerarithmetics.code.tex) (/usr/local/texlive/2025/texmf-dist/tex/generic/pgf/math/pgfmathcalc.code.tex) (/usr/local/texlive/2025/texmf-dist/tex/generic/pgf/math/pgfmathfloat.code.tex
\c@pgfmathroundto@lastzeros=\count332
)) (/usr/local/texlive/2025/texmf-dist/tex/generic/pgf/math/pgfint.code.tex) (/usr/local/texlive/2025/texmf-dist/tex/generic/pgf/basiclayer/pgfcorepoints.code.tex
File: pgfcorepoints.code.tex 2023-01-15 v3.1.10 (3.1.10)
\pgf@picminx=\dimen258
\pgf@picmaxx=\dimen259
\pgf@picminy=\dimen260
\pgf@picmaxy=\dimen261
\pgf@pathminx=\dimen262
\pgf@pathmaxx=\dimen263
\pgf@pathminy=\dimen264
\pgf@pathmaxy=\dimen265
\pgf@xx=\dimen266
\pgf@xy=\dimen267
\pgf@yx=\dimen268
\pgf@yy=\dimen269
\pgf@zx=\dimen270
\pgf@zy=\dimen271
) (/usr/local/texlive/2025/texmf-dist/tex/generic/pgf/basiclayer/pgfcorepathconstruct.code.tex
File: pgfcorepathconstruct.code.tex 2023-01-15 v3.1.10 (3.1.10)
\pgf@path@lastx=\dimen272
\pgf@path@lasty=\dimen273
) (/usr/local/texlive/2025/texmf-dist/tex/generic/pgf/basiclayer/pgfcorepathusage.code.tex
File: pgfcorepathusage.code.tex 2023-01-15 v3.1.10 (3.1.10)
\pgf@shorten@end@additional=\dimen274
\pgf@shorten@start@additional=\dimen275
) (/usr/local/texlive/2025/texmf-dist/tex/generic/pgf/basiclayer/pgfcorescopes.code.tex
File: pgfcorescopes.code.tex 2023-01-15 v3.1.10 (3.1.10)
\pgfpic=\box60
\pgf@hbox=\box61
\pgf@layerbox@main=\box62
\pgf@picture@serial@count=\count333
) (/usr/local/texlive/2025/texmf-dist/tex/generic/pgf/basiclayer/pgfcoregraphicstate.code.tex
File: pgfcoregraphicstate.code.tex 2023-01-15 v3.1.10 (3.1.10)
\pgflinewidth=\dimen276
) (/usr/local/texlive/2025/texmf-dist/tex/generic/pgf/basiclayer/pgfcoretransformations.code.tex
File: pgfcoretransformations.code.tex 2023-01-15 v3.1.10 (3.1.10)
\pgf@pt@x=\dimen277
\pgf@pt@y=\dimen278
\pgf@pt@temp=\dimen279
) (/usr/local/texlive/2025/texmf-dist/tex/generic/pgf/basiclayer/pgfcorequick.code.tex
File: pgfcorequick.code.tex 2023-01-15 v3.1.10 (3.1.10)
) (/usr/local/texlive/2025/texmf-dist/tex/generic/pgf/basiclayer/pgfcoreobjects.code.tex
File: pgfcoreobjects.code.tex 2023-01-15 v3.1.10 (3.1.10)
) (/usr/local/texlive/2025/texmf-dist/tex/generic/pgf/basiclayer/pgfcorepathprocessing.code.tex
File: pgfcorepathprocessing.code.tex 2023-01-15 v3.1.10 (3.1.10)
) (/usr/local/texlive/2025/texmf-dist/tex/generic/pgf/basiclayer/pgfcorearrows.code.tex
File: pgfcorearrows.code.tex 2023-01-15 v3.1.10 (3.1.10)
\pgfarrowsep=\dimen280
) (/usr/local/texlive/2025/texmf-dist/tex/generic/pgf/basiclayer/pgfcoreshade.code.tex
File: pgfcoreshade.code.tex 2023-01-15 v3.1.10 (3.1.10)
\pgf@max=\dimen281
\pgf@sys@shading@range@num=\count334
\pgf@shadingcount=\count335
) (/usr/local/texlive/2025/texmf-dist/tex/generic/pgf/basiclayer/pgfcoreimage.code.tex
File: pgfcoreimage.code.tex 2023-01-15 v3.1.10 (3.1.10)
) (/usr/local/texlive/2025/texmf-dist/tex/generic/pgf/basiclayer/pgfcoreexternal.code.tex
File: pgfcoreexternal.code.tex 2023-01-15 v3.1.10 (3.1.10)
\pgfexternal@startupbox=\box63
) (/usr/local/texlive/2025/texmf-dist/tex/generic/pgf/basiclayer/pgfcorelayers.code.tex
File: pgfcorelayers.code.tex 2023-01-15 v3.1.10 (3.1.10)
) (/usr/local/texlive/2025/texmf-dist/tex/generic/pgf/basiclayer/pgfcoretransparency.code.tex
File: pgfcoretransparency.code.tex 2023-01-15 v3.1.10 (3.1.10)
) (/usr/local/texlive/2025/texmf-dist/tex/generic/pgf/basiclayer/pgfcorepatterns.code.tex
File: pgfcorepatterns.code.tex 2023-01-15 v3.1.10 (3.1.10)
) (/usr/local/texlive/2025/texmf-dist/tex/generic/pgf/basiclayer/pgfcorerdf.code.tex
File: pgfcorerdf.code.tex 2023-01-15 v3.1.10 (3.1.10)
))) (/usr/local/texlive/2025/texmf-dist/tex/generic/pgf/modules/pgfmoduleshapes.code.tex
File: pgfmoduleshapes.code.tex 2023-01-15 v3.1.10 (3.1.10)
\pgfnodeparttextbox=\box64
) (/usr/local/texlive/2025/texmf-dist/tex/generic/pgf/modules/pgfmoduleplot.code.tex
File: pgfmoduleplot.code.tex 2023-01-15 v3.1.10 (3.1.10)
) (/usr/local/texlive/2025/texmf-dist/tex/latex/pgf/compatibility/pgfcomp-version-0-65.sty
Package: pgfcomp-version-0-65 2023-01-15 v3.1.10 (3.1.10)
\pgf@nodesepstart=\dimen282
\pgf@nodesepend=\dimen283
) (/usr/local/texlive/2025/texmf-dist/tex/latex/pgf/compatibility/pgfcomp-version-1-18.sty
Package: pgfcomp-version-1-18 2023-01-15 v3.1.10 (3.1.10)
)) (/usr/local/texlive/2025/texmf-dist/tex/latex/pgf/utilities/pgffor.sty (/usr/local/texlive/2025/texmf-dist/tex/latex/pgf/utilities/pgfkeys.sty (/usr/local/texlive/2025/texmf-dist/tex/generic/pgf/utilities/pgfkeys.code.tex)) (/usr/local/texlive/2025/texmf-dist/tex/latex/pgf/math/pgfmath.sty (/usr/local/texlive/2025/texmf-dist/tex/generic/pgf/math/pgfmath.code.tex)) (/usr/local/texlive/2025/texmf-dist/tex/generic/pgf/utilities/pgffor.code.tex
Package: pgffor 2023-01-15 v3.1.10 (3.1.10)
\pgffor@iter=\dimen284
\pgffor@skip=\dimen285
\pgffor@stack=\toks37
\pgffor@toks=\toks38
)) (/usr/local/texlive/2025/texmf-dist/tex/generic/pgf/frontendlayer/tikz/tikz.code.tex
Package: tikz 2023-01-15 v3.1.10 (3.1.10)
 (/usr/local/texlive/2025/texmf-dist/tex/generic/pgf/libraries/pgflibraryplothandlers.code.tex
File: pgflibraryplothandlers.code.tex 2023-01-15 v3.1.10 (3.1.10)
\pgf@plot@mark@count=\count336
\pgfplotmarksize=\dimen286
)
\tikz@lastx=\dimen287
\tikz@lasty=\dimen288
\tikz@lastxsaved=\dimen289
\tikz@lastysaved=\dimen290
\tikz@lastmovetox=\dimen291
\tikz@lastmovetoy=\dimen292
\tikzleveldistance=\dimen293
\tikzsiblingdistance=\dimen294
\tikz@figbox=\box65
\tikz@figbox@bg=\box66
\tikz@tempbox=\box67
\tikz@tempbox@bg=\box68
\tikztreelevel=\count337
\tikznumberofchildren=\count338
\tikznumberofcurrentchild=\count339
\tikz@fig@count=\count340
 (/usr/local/texlive/2025/texmf-dist/tex/generic/pgf/modules/pgfmodulematrix.code.tex
File: pgfmodulematrix.code.tex 2023-01-15 v3.1.10 (3.1.10)
\pgfmatrixcurrentrow=\count341
\pgfmatrixcurrentcolumn=\count342
\pgf@matrix@numberofcolumns=\count343
)
\tikz@expandcount=\count344
 (/usr/local/texlive/2025/texmf-dist/tex/generic/pgf/frontendlayer/tikz/libraries/tikzlibrarytopaths.code.tex
File: tikzlibrarytopaths.code.tex 2023-01-15 v3.1.10 (3.1.10)
))) (/usr/local/texlive/2025/texmf-dist/tex/generic/pgf/frontendlayer/tikz/libraries/tikzlibrarypositioning.code.tex
File: tikzlibrarypositioning.code.tex 2023-01-15 v3.1.10 (3.1.10)
) (/usr/local/texlive/2025/texmf-dist/tex/generic/pgf/libraries/pgflibraryarrows.meta.code.tex
File: pgflibraryarrows.meta.code.tex 2023-01-15 v3.1.10 (3.1.10)
\pgfarrowinset=\dimen295
\pgfarrowlength=\dimen296
\pgfarrowwidth=\dimen297
\pgfarrowlinewidth=\dimen298
) (/usr/local/texlive/2025/texmf-dist/tex/latex/amsmath/amsmath.sty
Package: amsmath 2024/11/05 v2.17t AMS math features
\@mathmargin=\skip191

For additional information on amsmath, use the `?' option.
(/usr/local/texlive/2025/texmf-dist/tex/latex/amsmath/amstext.sty
Package: amstext 2021/08/26 v2.01 AMS text
 (/usr/local/texlive/2025/texmf-dist/tex/latex/amsmath/amsgen.sty
File: amsgen.sty 1999/11/30 v2.0 generic functions
\@emptytoks=\toks39
\ex@=\dimen299
)) (/usr/local/texlive/2025/texmf-dist/tex/latex/amsmath/amsbsy.sty
Package: amsbsy 1999/11/29 v1.2d Bold Symbols
\pmbraise@=\dimen300
) (/usr/local/texlive/2025/texmf-dist/tex/latex/amsmath/amsopn.sty
Package: amsopn 2022/04/08 v2.04 operator names
)
\inf@bad=\count345
LaTeX Info: Redefining \frac on input line 233.
\uproot@=\count346
\leftroot@=\count347
LaTeX Info: Redefining \overline on input line 398.
LaTeX Info: Redefining \colon on input line 409.
\classnum@=\count348
\DOTSCASE@=\count349
LaTeX Info: Redefining \ldots on input line 495.
LaTeX Info: Redefining \dots on input line 498.
LaTeX Info: Redefining \cdots on input line 619.
\Mathstrutbox@=\box69
\strutbox@=\box70
LaTeX Info: Redefining \big on input line 721.
LaTeX Info: Redefining \Big on input line 722.
LaTeX Info: Redefining \bigg on input line 723.
LaTeX Info: Redefining \Bigg on input line 724.
\big@size=\dimen301
LaTeX Font Info:    Redeclaring font encoding OML on input line 742.
LaTeX Font Info:    Redeclaring font encoding OMS on input line 743.
\macc@depth=\count350
LaTeX Info: Redefining \bmod on input line 904.
LaTeX Info: Redefining \pmod on input line 909.
LaTeX Info: Redefining \smash on input line 939.
LaTeX Info: Redefining \relbar on input line 969.
LaTeX Info: Redefining \Relbar on input line 970.
\c@MaxMatrixCols=\count351
\dotsspace@=\muskip17
\c@parentequation=\count352
\dspbrk@lvl=\count353
\tag@help=\toks40
\row@=\count354
\column@=\count355
\maxfields@=\count356
\andhelp@=\toks41
\eqnshift@=\dimen302
\alignsep@=\dimen303
\tagshift@=\dimen304
\tagwidth@=\dimen305
\totwidth@=\dimen306
\lineht@=\dimen307
\@envbody=\toks42
\multlinegap=\skip192
\multlinetaggap=\skip193
\mathdisplay@stack=\toks43
LaTeX Info: Redefining \[ on input line 2953.
LaTeX Info: Redefining \] on input line 2954.
) (/usr/local/texlive/2025/texmf-dist/tex/latex/amsfonts/amssymb.sty
Package: amssymb 2013/01/14 v3.01 AMS font symbols
 (/usr/local/texlive/2025/texmf-dist/tex/latex/amsfonts/amsfonts.sty
Package: amsfonts 2013/01/14 v3.01 Basic AMSFonts support
\symAMSa=\mathgroup5
\symAMSb=\mathgroup6
LaTeX Font Info:    Redeclaring math symbol \hbar on input line 98.
LaTeX Font Info:    Overwriting math alphabet `\mathfrak' in version `bold'
(Font)                  U/euf/m/n --> U/euf/b/n on input line 106.
)) (/usr/local/texlive/2025/texmf-dist/tex/latex/jknapltx/mathrsfs.sty
Package: mathrsfs 1996/01/01 Math RSFS package v1.0 (jk)
\symrsfs=\mathgroup7
) (/usr/local/texlive/2025/texmf-dist/tex/latex/ntheorem/ntheorem.sty
Style `ntheorem', Version 1.33 <2011/08/15>
Package: ntheorem 2011/08/15 1.33
(/usr/local/texlive/2025/texmf-dist/tex/latex/base/ifthen.sty
Package: ifthen 2024/03/16 v1.1e Standard LaTeX ifthen package (DPC)
)
\theorem@style=\toks44
\theorem@@style=\toks45
\theorembodyfont=\toks46
\theoremnumbering=\toks47
\theorempreskipamount=\skip194
\theorempostskipamount=\skip195
\theoremframepreskipamount=\skip196
\theoremframepostskipamount=\skip197
\theoreminframepreskipamount=\skip198
\theoreminframepostskipamount=\skip199
\theorem@preskip=\toks48
\theorem@postskip=\toks49
\theorem@framepreskip=\toks50
\theorem@framepostskip=\toks51
\theorem@inframepreskip=\toks52
\theorem@inframepostskip=\toks53
\theoremindent=\dimen308
\theorem@indent=\dimen309
\theoremrightindent=\dimen310
\theorem@rightindent=\dimen311
\theoremheaderfont=\toks54
\theoremseparator=\toks55
\theoremprework=\toks56
\theorempostwork=\toks57
\theoremsymbol=\toks58
\qedsymbol=\toks59
\theoremkeyword=\toks60
\qedsymbol=\toks61
\thm@topsep=\skip256
\thm@topsepadd=\skip257
Package ntheorem Info: Option `thmmarks' loaded on input line 1175.
\c@endNonectr=\count357
\c@currNonectr=\count358
\mysavskip=\skip258
Package ntheorem Info: option `amsmath' handling for `thmmarks' loaded on input line 1175.
\thm@amstmpdepth=\dimen312
\tagwidth=\dimen313
) (/usr/local/texlive/2025/texmf-dist/tex/generic/soul/soul.sty
Package: soul 2023-06-14 v3.1 Permit use of UTF-8 characters in soul (HO)
 (/usr/local/texlive/2025/texmf-dist/tex/generic/soul/soul-ori.sty
Package: soul-ori 2023-06-14 v3.1 letterspacing/underlining (mf)
\SOUL@word=\toks62
\SOUL@lasttoken=\toks63
\SOUL@syllable=\toks64
\SOUL@cmds=\toks65
\SOUL@buffer=\toks66
\SOUL@token=\toks67
\SOUL@syllgoal=\dimen314
\SOUL@syllwidth=\dimen315
\SOUL@charkern=\dimen316
\SOUL@hyphkern=\dimen317
\SOUL@dimen=\dimen318
\SOUL@dimeni=\dimen319
\SOUL@minus=\count359
\SOUL@comma=\count360
\SOUL@apo=\count361
\SOUL@grave=\count362
\SOUL@spaceskip=\skip259
\SOUL@ttwidth=\dimen320
\SOUL@uldp=\dimen321
\SOUL@ulht=\dimen322
) (/usr/local/texlive/2025/texmf-dist/tex/generic/etexcmds/etexcmds.sty
Package: etexcmds 2019/12/15 v1.7 Avoid name clashes with e-TeX commands (HO)
)) (/usr/local/texlive/2025/texmf-dist/tex/latex/pdfpages/pdfpages.sty
Package: pdfpages 2025/01/30 v0.6e Insert pages of external PDF documents (AM)
 (/usr/local/texlive/2025/texmf-dist/tex/latex/tools/calc.sty
Package: calc 2023/07/08 v4.3 Infix arithmetic (KKT,FJ)
\calc@Acount=\count363
\calc@Bcount=\count364
\calc@Adimen=\dimen323
\calc@Bdimen=\dimen324
\calc@Askip=\skip260
\calc@Bskip=\skip261
LaTeX Info: Redefining \setlength on input line 80.
LaTeX Info: Redefining \addtolength on input line 81.
\calc@Ccount=\count365
\calc@Cskip=\skip262
) (/usr/local/texlive/2025/texmf-dist/tex/latex/eso-pic/eso-pic.sty
Package: eso-pic 2023/05/03 v3.0c eso-pic (RN)
\ESO@tempdima=\dimen325
\ESO@tempdimb=\dimen326
)
\AM@pagewidth=\dimen327
\AM@pageheight=\dimen328
\AM@fboxrule=\dimen329
 (/usr/local/texlive/2025/texmf-dist/tex/latex/pdfpages/pppdftex.def
File: pppdftex.def 2025/01/30 v0.6e Pdfpages driver for pdfTeX (AM)
)
\pdfpages@includegraphics@status=\count366
\AM@pagebox=\box71
\AM@global@opts=\toks68
\AM@pagecnt=\count367
\AM@toc@title=\toks69
\AM@lof@heading=\toks70
\c@AM@survey=\count368
\AM@templatesizebox=\box72
) (/usr/local/texlive/2025/texmf-dist/tex/latex/natbib/natbib.sty
Package: natbib 2010/09/13 8.31b (PWD, AO)
\bibhang=\skip263
\bibsep=\skip264
LaTeX Info: Redefining \cite on input line 694.
\c@NAT@ctr=\count369
) (./extrapackages.tex (/usr/local/texlive/2025/texmf-dist/tex/latex/datetime/datetime.sty
Package: datetime 2015/03/20 v2.60 Date Time Package
 (/usr/local/texlive/2025/texmf-dist/tex/latex/fmtcount/fmtcount.sty
Package: fmtcount 2025/02/09 v3.10 Displaying the values of LaTeX counters (NT,VB,NE)
 (/usr/local/texlive/2025/texmf-dist/tex/latex/xkeyval/xkeyval.sty
Package: xkeyval 2022/06/16 v2.9 package option processing (HA)
 (/usr/local/texlive/2025/texmf-dist/tex/generic/xkeyval/xkeyval.tex (/usr/local/texlive/2025/texmf-dist/tex/generic/xkeyval/xkvutils.tex
\XKV@toks=\toks71
\XKV@tempa@toks=\toks72
)
\XKV@depth=\count370
File: xkeyval.tex 2014/12/03 v2.7a key=value parser (HA)
)) (/usr/local/texlive/2025/texmf-dist/tex/latex/fmtcount/fcprefix.sty
Package: fcprefix 2012/09/28
 (/usr/local/texlive/2025/texmf-dist/tex/latex/fmtcount/fcnumparser.sty
Package: fcnumparser 2017/06/15
\fc@digit@counter=\count371
))
\c@padzeroesN=\count372
\fc@tmpcatcode=\count373
 (/usr/local/texlive/2025/texmf-dist/tex/latex/fmtcount/fc-english.def
File: fc-english.def 2016/01/12
)
\@DT@modctr=\count374
\@ordinalctr=\count375
\@orgargctr=\count376
\@strctr=\count377
\@tmpstrctr=\count378
\@DT@loopN=\count379
\@DT@X=\count380
) (/usr/local/texlive/2025/texmf-dist/tex/latex/datetime/datetime-defaults.sty
Package: datetime-defaults 2013/09/10
)
\@day=\count381
\@month=\count382
\@year=\count383
\c@HOUR=\count384
\c@HOURXII=\count385
\c@MINUTE=\count386
\c@TOHOUR=\count387
\c@TOMINUTE=\count388
\c@SECOND=\count389
\currenthour=\count390
\currentminute=\count391
\currentsecond=\count392
Package datetime Info: No datetime.cfg file found, using default settings on input line 308.
\@dtctr=\count393
\dayofyear=\count394
\dayofweek=\count395
LaTeX Info: Redefining \today on input line 736.
\dt@a=\toks73
\dt@b=\toks74
) (/usr/local/texlive/2025/texmf-dist/tex/latex/mathtools/mathtools.sty
Package: mathtools 2024/10/04 v1.31 mathematical typesetting tools
 (/usr/local/texlive/2025/texmf-dist/tex/latex/mathtools/mhsetup.sty
Package: mhsetup 2021/03/18 v1.4 programming setup (MH)
)
\g_MT_multlinerow_int=\count396
\l_MT_multwidth_dim=\dimen330
\origjot=\skip265
\l_MT_shortvdotswithinadjustabove_dim=\dimen331
\l_MT_shortvdotswithinadjustbelow_dim=\dimen332
\l_MT_above_intertext_sep=\dimen333
\l_MT_below_intertext_sep=\dimen334
\l_MT_above_shortintertext_sep=\dimen335
\l_MT_below_shortintertext_sep=\dimen336
\xmathstrut@box=\box73
\xmathstrut@dim=\dimen337
) (/usr/local/texlive/2025/texmf-dist/tex/latex/listings/listings.sty
\lst@mode=\count397
\lst@gtempboxa=\box74
\lst@token=\toks75
\lst@length=\count398
\lst@currlwidth=\dimen338
\lst@column=\count399
\lst@pos=\count400
\lst@lostspace=\dimen339
\lst@width=\dimen340
\lst@newlines=\count401
\lst@lineno=\count402
\lst@maxwidth=\dimen341
 (/usr/local/texlive/2025/texmf-dist/tex/latex/listings/lstpatch.sty
File: lstpatch.sty 2024/09/23 1.10c (Carsten Heinz)
) (/usr/local/texlive/2025/texmf-dist/tex/latex/listings/lstmisc.sty
File: lstmisc.sty 2024/09/23 1.10c (Carsten Heinz)
\c@lstnumber=\count403
\lst@skipnumbers=\count404
\lst@framebox=\box75
) (/usr/local/texlive/2025/texmf-dist/tex/latex/listings/listings.cfg
File: listings.cfg 2024/09/23 1.10c listings configuration
))
Package: listings 2024/09/23 1.10c (Carsten Heinz)
 (/usr/local/texlive/2025/texmf-dist/tex/latex/listings/lstlang1.sty
File: lstlang1.sty 2024/09/23 1.10c listings language file
) (/usr/local/texlive/2025/texmf-dist/tex/latex/listings/lstlang2.sty
File: lstlang2.sty 2024/09/23 1.10c listings language file
) (/usr/local/texlive/2025/texmf-dist/tex/latex/listings/lstlang3.sty
File: lstlang3.sty 2024/09/23 1.10c listings language file
) (/usr/local/texlive/2025/texmf-dist/tex/latex/listings/lstlang1.sty
File: lstlang1.sty 2024/09/23 1.10c listings language file
) (/usr/local/texlive/2025/texmf-dist/tex/latex/listings/lstlang2.sty
File: lstlang2.sty 2024/09/23 1.10c listings language file
) (/usr/local/texlive/2025/texmf-dist/tex/latex/listings/lstlang3.sty
File: lstlang3.sty 2024/09/23 1.10c listings language file
) (/usr/local/texlive/2025/texmf-dist/tex/latex/listings/lstlang1.sty
File: lstlang1.sty 2024/09/23 1.10c listings language file
) (/usr/local/texlive/2025/texmf-dist/tex/latex/listings/lstlang2.sty
File: lstlang2.sty 2024/09/23 1.10c listings language file
) (/usr/local/texlive/2025/texmf-dist/tex/latex/listings/lstlang3.sty
File: lstlang3.sty 2024/09/23 1.10c listings language file
) (/usr/local/texlive/2025/texmf-dist/tex/latex/listings/lstmisc.sty
File: lstmisc.sty 2024/09/23 1.10c (Carsten Heinz)
) (/usr/local/texlive/2025/texmf-dist/tex/latex/microtype/microtype.sty
Package: microtype 2025/02/11 v3.2a Micro-typographical refinements (RS)
\MT@toks=\toks76
\MT@tempbox=\box76
\MT@count=\count405
LaTeX Info: Redefining \noprotrusionifhmode on input line 1087.
LaTeX Info: Redefining \leftprotrusion on input line 1088.
\MT@prot@toks=\toks77
LaTeX Info: Redefining \rightprotrusion on input line 1107.
LaTeX Info: Redefining \textls on input line 1449.
\MT@outer@kern=\dimen342
LaTeX Info: Redefining \microtypecontext on input line 2053.
LaTeX Info: Redefining \textmicrotypecontext on input line 2070.
\MT@listname@count=\count406
 (/usr/local/texlive/2025/texmf-dist/tex/latex/microtype/microtype-pdftex.def
File: microtype-pdftex.def 2025/02/11 v3.2a Definitions specific to pdftex (RS)
LaTeX Info: Redefining \lsstyle on input line 944.
LaTeX Info: Redefining \lslig on input line 944.
\MT@outer@space=\skip266
)
Package microtype Info: Loading configuration file microtype.cfg.
 (/usr/local/texlive/2025/texmf-dist/tex/latex/microtype/microtype.cfg
File: microtype.cfg 2025/02/11 v3.2a microtype main configuration file (RS)
)
LaTeX Info: Redefining \microtypesetup on input line 3065.
) (/usr/local/texlive/2025/texmf-dist/tex/generic/mleftright/mleftright.sty
Package: mleftright 2019/12/03 v1.2 Math left/right delim. as open/close (HO)
)) (/usr/local/texlive/2025/texmf-dist/tex/latex/tools/xspace.sty
Package: xspace 2014/10/28 v1.13 Space after command names (DPC,MH)
) (./layoutsetup.tex (./ETHlogo.sty
Package: ETHlogo 2000/11/06 0.1 ETH Logo command
)

******************************************************
Stock height and width: 845.04684pt by 597.50787pt
Top and edge trims: 0pt and 0pt
Page height and width: 845.04684pt by 597.50787pt
Text height and width: 595.80026pt by 369pt
Spine and edge margins: 113.26999pt and 115.23788pt
Upper and lower margins: 126.74379pt and 122.50279pt
Headheight and headsep: 13.6pt and 19.8738pt
Footskip: 27.46295pt
Columnsep and columnseprule: 10pt and 0pt
Marginparsep and marginparwidth: 7pt and 101.23788pt
Sidecapsep and sidecapwidth: 7pt and 49pt
Sidebarhsep and sidebarwidth: 7pt and 49pt
Sidebarvsep and sidebartopsep: 13.6pt and 0pt
Sidebarheight: 594.32022pt
Sidefoothsep and sidefootwidth: 7pt and 49pt
Sidefootvsep and sidefootheight: 13.6pt and 594.32022pt
******************************************************

) (./theoremsetup.tex
\c@currtheoremctr=\count407
\c@endtheoremctr=\count408
\c@theorem=\count409
\c@currexamplectr=\count410
\c@endexamplectr=\count411
\c@currremarkctr=\count412
\c@endremarkctr=\count413
\c@currcorollaryctr=\count414
\c@endcorollaryctr=\count415
\c@currdefinitionctr=\count416
\c@enddefinitionctr=\count417
\c@currlemmactr=\count418
\c@endlemmactr=\count419
\c@currpropositionctr=\count420
\c@endpropositionctr=\count421
\c@currclaimctr=\count422
\c@endclaimctr=\count423
\c@currproofctr=\count424
\c@endproofctr=\count425
)
\c@proof=\count426
 (./macrosetup.tex) (/usr/local/texlive/2025/texmf-dist/tex/latex/hyperref/hyperref.sty
Package: hyperref 2024-11-05 v7.01l Hypertext links for LaTeX
 (/usr/local/texlive/2025/texmf-dist/tex/generic/kvdefinekeys/kvdefinekeys.sty
Package: kvdefinekeys 2019-12-19 v1.6 Define keys (HO)
) (/usr/local/texlive/2025/texmf-dist/tex/generic/pdfescape/pdfescape.sty
Package: pdfescape 2019/12/09 v1.15 Implements pdfTeX's escape features (HO)
 (/usr/local/texlive/2025/texmf-dist/tex/generic/pdftexcmds/pdftexcmds.sty
Package: pdftexcmds 2020-06-27 v0.33 Utility functions of pdfTeX for LuaTeX (HO)
Package pdftexcmds Info: \pdf@primitive is available.
Package pdftexcmds Info: \pdf@ifprimitive is available.
Package pdftexcmds Info: \pdfdraftmode found.
)) (/usr/local/texlive/2025/texmf-dist/tex/latex/hycolor/hycolor.sty
Package: hycolor 2020-01-27 v1.10 Color options for hyperref/bookmark (HO)
) (/usr/local/texlive/2025/texmf-dist/tex/generic/stringenc/stringenc.sty
Package: stringenc 2019/11/29 v1.12 Convert strings between diff. encodings (HO)
)
\@linkdim=\dimen343
\Hy@linkcounter=\count427
\Hy@pagecounter=\count428
 (/usr/local/texlive/2025/texmf-dist/tex/latex/hyperref/pd1enc.def
File: pd1enc.def 2024-11-05 v7.01l Hyperref: PDFDocEncoding definition (HO)
Now handling font encoding PD1 ...
... no UTF-8 mapping file for font encoding PD1
) (/usr/local/texlive/2025/texmf-dist/tex/generic/intcalc/intcalc.sty
Package: intcalc 2019/12/15 v1.3 Expandable calculations with integers (HO)
)
\Hy@SavedSpaceFactor=\count429
 (/usr/local/texlive/2025/texmf-dist/tex/latex/hyperref/puenc.def
File: puenc.def 2024-11-05 v7.01l Hyperref: PDF Unicode definition (HO)
Now handling font encoding PU ...
... no UTF-8 mapping file for font encoding PU
)
Package hyperref Info: Option `colorlinks' set `true' on input line 4040.
Package hyperref Info: Hyper figures OFF on input line 4157.
Package hyperref Info: Link nesting OFF on input line 4162.
Package hyperref Info: Hyper index ON on input line 4165.
Package hyperref Info: Plain pages OFF on input line 4172.
Package hyperref Info: Backreferencing OFF on input line 4177.
Package hyperref Info: Implicit mode ON; LaTeX internals redefined.
Package hyperref Info: Bookmarks ON on input line 4424.
\c@Hy@tempcnt=\count430
 (/usr/local/texlive/2025/texmf-dist/tex/latex/url/url.sty
\Urlmuskip=\muskip18
Package: url 2013/09/16  ver 3.4  Verb mode for urls, etc.
)
LaTeX Info: Redefining \url on input line 4763.
\XeTeXLinkMargin=\dimen344
 (/usr/local/texlive/2025/texmf-dist/tex/generic/bitset/bitset.sty
Package: bitset 2019/12/09 v1.3 Handle bit-vector datatype (HO)
 (/usr/local/texlive/2025/texmf-dist/tex/generic/bigintcalc/bigintcalc.sty
Package: bigintcalc 2019/12/15 v1.5 Expandable calculations on big integers (HO)
))
\Fld@menulength=\count431
\Field@Width=\dimen345
\Fld@charsize=\dimen346
Package hyperref Info: Hyper figures OFF on input line 6042.
Package hyperref Info: Link nesting OFF on input line 6047.
Package hyperref Info: Hyper index ON on input line 6050.
Package hyperref Info: backreferencing OFF on input line 6057.
Package hyperref Info: Link coloring ON on input line 6060.
Package hyperref Info: Link coloring with OCG OFF on input line 6067.
Package hyperref Info: PDF/A mode OFF on input line 6072.
 (/usr/local/texlive/2025/texmf-dist/tex/latex/base/atbegshi-ltx.sty
Package: atbegshi-ltx 2021/01/10 v1.0c Emulation of the original atbegshi
package with kernel methods
)
\Hy@abspage=\count432
\c@Item=\count433
\c@Hfootnote=\count434
)
Package hyperref Info: Driver (autodetected): hpdftex.
 (/usr/local/texlive/2025/texmf-dist/tex/latex/hyperref/hpdftex.def
File: hpdftex.def 2024-11-05 v7.01l Hyperref driver for pdfTeX
 (/usr/local/texlive/2025/texmf-dist/tex/latex/base/atveryend-ltx.sty
Package: atveryend-ltx 2020/08/19 v1.0a Emulation of the original atveryend package
with kernel methods
)
\Fld@listcount=\count435
\c@bookmark@seq@number=\count436
 (/usr/local/texlive/2025/texmf-dist/tex/latex/rerunfilecheck/rerunfilecheck.sty
Package: rerunfilecheck 2022-07-10 v1.10 Rerun checks for auxiliary files (HO)
 (/usr/local/texlive/2025/texmf-dist/tex/generic/uniquecounter/uniquecounter.sty
Package: uniquecounter 2019/12/15 v1.4 Provide unlimited unique counter (HO)
)
Package uniquecounter Info: New unique counter `rerunfilecheck' on input line 285.
)
\Hy@SectionHShift=\skip267
) (/usr/local/texlive/2025/texmf-dist/tex/latex/memoir/memhfixc.sty
Package: memhfixc 2025/03/06 v1.23 hyperref package fixes for memoir class
\c@memhycontfloat=\count437
\c@mem@Hpagenote=\count438
) (/usr/local/texlive/2025/texmf-dist/tex/latex/cleveref/cleveref.sty
Package: cleveref 2018/03/27 v0.21.4 Intelligent cross-referencing
LaTeX Info: Redefining \Cref on input line 925.
Package cleveref Info: `hyperref' support loaded on input line 2370.
LaTeX Info: Redefining \cref on input line 2370.
LaTeX Info: Redefining \Cref on input line 2370.
LaTeX Info: Redefining \crefrange on input line 2370.
LaTeX Info: Redefining \Crefrange on input line 2370.
LaTeX Info: Redefining \cpageref on input line 2370.
LaTeX Info: Redefining \Cpageref on input line 2370.
LaTeX Info: Redefining \cpagerefrange on input line 2370.
LaTeX Info: Redefining \Cpagerefrange on input line 2370.
LaTeX Info: Redefining \labelcref on input line 2370.
LaTeX Info: Redefining \labelcpageref on input line 2370.
Package cleveref Info: `ntheorem' support loaded on input line 3055.
Package cleveref Info: `listings' support loaded on input line 3131.
) (/usr/local/texlive/2025/texmf-dist/tex/latex/thmtools/thmtools.sty
Package: thmtools 2023/05/04 v0.76
\thmt@toks=\toks78
\c@thmt@dummyctr=\count439
 (/usr/local/texlive/2025/texmf-dist/tex/latex/thmtools/thm-patch.sty
Package: thm-patch 2023/05/04 v0.76
 (/usr/local/texlive/2025/texmf-dist/tex/latex/thmtools/parseargs.sty
Package: parseargs 2023/05/04 v0.76
\@parsespec=\toks79
)) (/usr/local/texlive/2025/texmf-dist/tex/latex/thmtools/thm-kv.sty
Package: thm-kv 2023/05/04 v0.76
Package thm-kv Info: Theorem names will be uppercased on input line 42.
Package thm-kv Info: kvsetkeys patch (v1.16 or later) on input line 158.
) (/usr/local/texlive/2025/texmf-dist/tex/latex/thmtools/thm-autoref.sty
Package: thm-autoref 2023/05/04 v0.76
 (/usr/local/texlive/2025/texmf-dist/tex/latex/thmtools/aliasctr.sty
Package: aliasctr 2023/05/04 v0.76
)) (/usr/local/texlive/2025/texmf-dist/tex/latex/thmtools/thm-listof.sty
Package: thm-listof 2023/05/04 v0.76
) (/usr/local/texlive/2025/texmf-dist/tex/latex/thmtools/thm-restate.sty
Package: thm-restate 2023/05/04 v0.76
) (/usr/local/texlive/2025/texmf-dist/tex/latex/thmtools/thm-ntheorem.sty
Package: thm-ntheorem 2023/05/04 v0.76
)) (/usr/local/texlive/2025/texmf-dist/tex/latex/algorithms/algorithm.sty
Package: algorithm 2009/08/24 v0.1 Document Style `algorithm' - floating environment
 (/usr/local/texlive/2025/texmf-dist/tex/latex/float/float.sty
Package: float 2001/11/08 v1.3d Float enhancements (AL)
\c@float@type=\count440
\float@exts=\toks80
\float@box=\box77
\@float@everytoks=\toks81
\@floatcapt=\box78
)
\@float@every@algorithm=\toks82
\c@algorithm=\count441
) (/usr/local/texlive/2025/texmf-dist/tex/latex/algorithmicx/algorithmicx.sty
Package: algorithmicx 2005/04/27 v1.2 Algorithmicx

Document Style algorithmicx 1.2 - a greatly improved `algorithmic' style
\c@ALG@line=\count442
\c@ALG@rem=\count443
\c@ALG@nested=\count444
\ALG@tlm=\skip268
\ALG@thistlm=\skip269
\c@ALG@Lnr=\count445
\c@ALG@blocknr=\count446
\c@ALG@storecount=\count447
\c@ALG@tmpcounter=\count448
\ALG@tmplength=\skip270
) (/usr/local/texlive/2025/texmf-dist/tex/latex/algorithmicx/algpseudocode.sty
Package: algpseudocode 

Document Style - pseudocode environments for use with the `algorithmicx' style
)
LaTeX Font Info:    Trying to load font information for OT1+pplx on input line 54.
 (/usr/local/texlive/2025/texmf-dist/tex/latex/psnfss/ot1pplx.fd
File: ot1pplx.fd 2004/09/06 font definitions for OT1/pplx.
)
No file thesis.aux.
\openout1 = `thesis.aux'.

LaTeX Font Info:    Checking defaults for OML/cmm/m/it on input line 54.
LaTeX Font Info:    ... okay on input line 54.
LaTeX Font Info:    Checking defaults for OMS/cmsy/m/n on input line 54.
LaTeX Font Info:    ... okay on input line 54.
LaTeX Font Info:    Checking defaults for OT1/cmr/m/n on input line 54.
LaTeX Font Info:    ... okay on input line 54.
LaTeX Font Info:    Checking defaults for T1/cmr/m/n on input line 54.
LaTeX Font Info:    ... okay on input line 54.
LaTeX Font Info:    Checking defaults for TS1/cmr/m/n on input line 54.
LaTeX Font Info:    ... okay on input line 54.
LaTeX Font Info:    Checking defaults for OMX/cmex/m/n on input line 54.
LaTeX Font Info:    ... okay on input line 54.
LaTeX Font Info:    Checking defaults for U/cmr/m/n on input line 54.
LaTeX Font Info:    ... okay on input line 54.
LaTeX Font Info:    Checking defaults for PD1/pdf/m/n on input line 54.
LaTeX Font Info:    ... okay on input line 54.
LaTeX Font Info:    Checking defaults for PU/pdf/m/n on input line 54.
LaTeX Font Info:    ... okay on input line 54.

Class memoir Warning: \addtodef is marked deprecated and will be
(memoir)              removed in 2026, use instead \patchcmd,
(memoir)              \pretocmd or \apptocmd from the etoolbox package
(memoir)              (which is autoloaded by the class) on input line 54.

(/usr/local/texlive/2025/texmf-dist/tex/context/base/mkii/supp-pdf.mkii
[Loading MPS to PDF converter (version 2006.09.02).]
\scratchcounter=\count449
\scratchdimen=\dimen347
\scratchbox=\box79
\nofMPsegments=\count450
\nofMParguments=\count451
\everyMPshowfont=\toks83
\MPscratchCnt=\count452
\MPscratchDim=\dimen348
\MPnumerator=\count453
\makeMPintoPDFobject=\count454
\everyMPtoPDFconversion=\toks84
) (/usr/local/texlive/2025/texmf-dist/tex/latex/epstopdf-pkg/epstopdf-base.sty
Package: epstopdf-base 2020-01-24 v2.11 Base part for package epstopdf
Package epstopdf-base Info: Redefining graphics rule for `.eps' on input line 485.
 (/usr/local/texlive/2025/texmf-dist/tex/latex/latexconfig/epstopdf-sys.cfg
File: epstopdf-sys.cfg 2010/07/13 v1.3 Configuration of (r)epstopdf for TeX Live
)) (/usr/local/texlive/2025/texmf-dist/tex/latex/pdflscape/pdflscape.sty
Package: pdflscape 2022-10-27 v0.13 Display of landscape pages in PDF
 (/usr/local/texlive/2025/texmf-dist/tex/latex/pdflscape/pdflscape-nometadata.sty
Package: pdflscape-nometadata 2022-10-28 v0.13 Display of landscape pages in PDF (HO)
 (/usr/local/texlive/2025/texmf-dist/tex/latex/graphics/lscape.sty
Package: lscape 2020/05/28 v3.02 Landscape Pages (DPC)
)
Package pdflscape Info: Auto-detected driver: pdftex on input line 81.
))
\c@lstlisting=\count455
LaTeX Info: Redefining \microtypecontext on input line 54.
Package microtype Info: Applying patch `item' on input line 54.
Package microtype Info: Applying patch `toc' on input line 54.
Package microtype Info: Applying patch `eqnum' on input line 54.
Package microtype Info: Applying patch `footnote' on input line 54.
Package microtype Info: Applying patch `verbatim' on input line 54.
LaTeX Info: Redefining \microtypesetup on input line 54.
Package microtype Info: Generating PDF output.
Package microtype Info: Character protrusion enabled (level 2).
Package microtype Info: Using default protrusion set `alltext'.
Package microtype Info: Automatic font expansion enabled (level 2),
(microtype)             stretch: 20, shrink: 20, step: 1, non-selected.
Package microtype Info: Using default expansion set `alltext-nott'.
LaTeX Info: Redefining \showhyphens on input line 54.
Package microtype Info: No adjustment of tracking.
Package microtype Info: No adjustment of interword spacing.
Package microtype Info: No adjustment of character kerning.
 (/usr/local/texlive/2025/texmf-dist/tex/latex/microtype/mt-ppl.cfg
File: mt-ppl.cfg 2005/11/16 v1.6 microtype config. file: Palatino (RS)
)
Package hyperref Info: Link coloring ON on input line 54.
\@outlinefile=\write5
\openout5 = `thesis.out'.

<ETHlogo.pdf, id=7, 179.67125pt x 45.16875pt>
File: ETHlogo.pdf Graphic file (type pdf)
<use ETHlogo.pdf>
Package pdftex.def Info: ETHlogo.pdf  used on input line 60.
(pdftex.def)             Requested size: 179.67079pt x 45.16862pt.
Package microtype Info: Loading generic protrusion settings for font family
(microtype)             `cmss' (encoding: OT1).
(microtype)             For optimal results, create family-specific settings.
(microtype)             See the microtype manual for details.


[1


{/usr/local/texlive/2025/texmf-var/fonts/map/pdftex/updmap/pdftex.map} <./ETHlogo.pdf>] (./acknowledgments.tex) (./student_abstract.tex
LaTeX Font Info:    Trying to load font information for OML+zplm on input line 2.
 (/usr/local/texlive/2025/texmf-dist/tex/latex/psnfss/omlzplm.fd
File: omlzplm.fd 2002/09/08 Fontinst v1.914 font definitions for OML/zplm.
)
LaTeX Font Info:    Trying to load font information for OMS+zplm on input line 2.
 (/usr/local/texlive/2025/texmf-dist/tex/latex/psnfss/omszplm.fd
File: omszplm.fd 2002/09/08 Fontinst v1.914 font definitions for OMS/zplm.
)
LaTeX Font Info:    Trying to load font information for OMX+zplm on input line 2.
 (/usr/local/texlive/2025/texmf-dist/tex/latex/psnfss/omxzplm.fd
File: omxzplm.fd 2002/09/08 Fontinst v1.914 font definitions for OMX/zplm.
)
LaTeX Font Info:    Trying to load font information for OT1+zplm on input line 2.
 (/usr/local/texlive/2025/texmf-dist/tex/latex/psnfss/ot1zplm.fd
File: ot1zplm.fd 2002/09/08 Fontinst v1.914 font definitions for OT1/zplm.
)
Package microtype Info: Loading generic protrusion settings for font family
(microtype)             `zplm' (encoding: OT1).
(microtype)             For optimal results, create family-specific settings.
(microtype)             See the microtype manual for details.
LaTeX Font Info:    Font shape `U/msa/m/n' will be
(Font)              scaled to size 10.42007pt on input line 2.
 (/usr/local/texlive/2025/texmf-dist/tex/latex/microtype/mt-msa.cfg
File: mt-msa.cfg 2006/02/04 v1.1 microtype config. file: AMS symbols (a) (RS)
)
LaTeX Font Info:    Font shape `U/msa/m/n' will be
(Font)              scaled to size 7.91925pt on input line 2.
LaTeX Font Info:    Font shape `U/msa/m/n' will be
(Font)              scaled to size 6.25204pt on input line 2.
LaTeX Font Info:    Font shape `U/msb/m/n' will be
(Font)              scaled to size 10.42007pt on input line 2.
 (/usr/local/texlive/2025/texmf-dist/tex/latex/microtype/mt-msb.cfg
File: mt-msb.cfg 2005/06/01 v1.0 microtype config. file: AMS symbols (b) (RS)
)
LaTeX Font Info:    Font shape `U/msb/m/n' will be
(Font)              scaled to size 7.91925pt on input line 2.
LaTeX Font Info:    Font shape `U/msb/m/n' will be
(Font)              scaled to size 6.25204pt on input line 2.
LaTeX Font Info:    Trying to load font information for U+rsfs on input line 2.
 (/usr/local/texlive/2025/texmf-dist/tex/latex/jknapltx/ursfs.fd
File: ursfs.fd 1998/03/24 rsfs font definition file (jk)
)
LaTeX Font Info:    Trying to load font information for U+fplmbb on input line 2.
 (/usr/local/texlive/2025/texmf-dist/tex/latex/psnfss/ufplmbb.fd
File: ufplmbb.fd 2003/10/30 Fontinst v1.914 font definitions for U/fplmbb.
))


pdfTeX warning (ext4): destination with the same identifier (name{page.i}) has been already used, duplicate ignored
<to be read again> 
                   \relax 
l.72   \cleartorecto
                     [1


{/usr/local/texlive/2025/texmf-dist/fonts/enc/dvips/base/8r.enc}]
No file thesis.toc.


[2

] (./content/intro.tex
LaTeX Font Info:    Font shape `U/msa/m/n' will be
(Font)              scaled to size 11.40997pt on input line 5.
LaTeX Font Info:    Font shape `U/msa/m/n' will be
(Font)              scaled to size 8.33606pt on input line 5.
LaTeX Font Info:    Font shape `U/msb/m/n' will be
(Font)              scaled to size 11.40997pt on input line 5.
LaTeX Font Info:    Font shape `U/msb/m/n' will be
(Font)              scaled to size 8.33606pt on input line 5.


Package natbib Warning: Citation `MR4679190-Karp72' on page 1 undefined on input line 5.


Package natbib Warning: Citation `MR1344544-Blum95' on page 1 undefined on input line 7.

./content/intro.tex:7: Undefined control sequence.
l.7 ...om case -- when the initial graph is \Erdos
                                                  -\Renyi and a $k$-colourin...
The control sequence at the end of the top line
of your error message was never \def'ed. If you have
misspelled it (e.g., `\hobx'), type `I' and the correct
spelling (e.g., `I\hbox'). Otherwise just continue,
and I'll forget about whatever was undefined.

./content/intro.tex:7: Undefined control sequence.
l.7 ... -- when the initial graph is \Erdos-\Renyi
                                                   and a $k$-colouring is ra...
The control sequence at the end of the top line
of your error message was never \def'ed. If you have
misspelled it (e.g., `\hobx'), type `I' and the correct
spelling (e.g., `I\hbox'). Otherwise just continue,
and I'll forget about whatever was undefined.


Package natbib Warning: Citation `MR1484153-Alon97' on page 1 undefined on input line 7.


Package natbib Warning: Citation `MR1484153-Alon97' on page 1 undefined on input line 9.


Package natbib Warning: Citation `MR3536556-David16' on page 1 undefined on input line 9.


Package natbib Warning: Citation `kumar2018finding' on page 1 undefined on input line 9.


Package natbib Warning: Citation `kumar2018finding' on page 1 undefined on input line 11.



[1


]

Package natbib Warning: Citation `bafna-hsieh-kothari' on page 2 undefined on input line 13.


Package natbib Warning: Citation `barak-raghavendra-steurer' on page 2 undefined on input line 13.


Package natbib Warning: Citation `MR4764817-24' on page 2 undefined on input line 15.


LaTeX Warning: Reference `thm:kalg' on page 1 undefined on input line 21.


LaTeX Warning: Reference `thm:kalg-partial' on page 1 undefined on input line 21.


LaTeX Warning: Reference `thm:2alg' on page 1 undefined on input line 23.


LaTeX Warning: Reference `thm:3alg' on page 1 undefined on input line 23.


LaTeX Warning: Reference `thm: random-planting-full' on page 1 undefined on input line 23.


LaTeX Warning: Reference `cor:independentsetrecovery' on page 1 undefined on input line 25.


Package natbib Warning: Citation `bafna-hsieh-kothari' on page 2 undefined on input line 25.


LaTeX Warning: Reference `sec: hardness' on page 1 undefined on input line 27.


LaTeX Warning: Reference `thm:kalg' on page 1 undefined on input line 31.



[2]

LaTeX Warning: Reference `lem: eigenvectorsdistinguish' on page 1 undefined on input line 34.


LaTeX Warning: Reference `lemma: expansionimpliesvariance' on page 1 undefined on input line 35.


LaTeX Warning: Reference `cor:spectral_small_to_small' on page 1 undefined on input line 36.


LaTeX Warning: Reference `thm:3alg' on page 1 undefined on input line 40.


LaTeX Warning: Reference `thm:kalg' on page 1 undefined on input line 40.


LaTeX Warning: Reference `lemma: 3colouringfixedaveragedegree' on page 1 undefined on input line 40.


LaTeX Warning: Reference `thm: random-planting-partial' on page 1 undefined on input line 42.


LaTeX Warning: Reference `thm:kalg' on page 1 undefined on input line 42.


LaTeX Warning: Reference `lemma: expansionimpliesvariance' on page 1 undefined on input line 42.


LaTeX Warning: Reference `lemma: threshold_rank_kept' on page 1 undefined on input line 42.


LaTeX Warning: Reference `thm: random-planting-full' on page 1 undefined on input line 42.


Package natbib Warning: Citation `MR3536556-David16' on page 3 undefined on input line 42.


LaTeX Warning: Reference `lemma: emlonesided' on page 1 undefined on input line 42.


LaTeX Warning: Reference `lemma: ssveonesided' on page 1 undefined on input line 42.



[3]

LaTeX Warning: Reference `cor:independentsetrecovery' on page 1 undefined on input line 44.


LaTeX Warning: Reference `sec: hardness' on page 1 undefined on input line 46.


LaTeX Warning: Reference `thm:propA1' on page 1 undefined on input line 46.


Package natbib Warning: Citation `bafna-hsieh-kothari' on page 4 undefined on input line 46.


Package natbib Warning: Citation `MR3536556-David16' on page 4 undefined on input line 50.

Package hyperref Info: bookmark level for unknown lemma defaults to 0 on input line 52.
./content/intro.tex:55: Undefined control sequence.
l.55 ...ists a polynomial-time algorithm that \whp
                                                   recovers a complete $3$-c...
The control sequence at the end of the top line
of your error message was never \def'ed. If you have
misspelled it (e.g., `\hobx'), type `I' and the correct
spelling (e.g., `I\hbox'). Otherwise just continue,
and I'll forget about whatever was undefined.


Overfull \hbox (13.89613pt too wide) in paragraph at lines 54--56
[]\OT1/pplx/m/it/10.95 (-20) Let $\OML/zplm/m/it/10.95 H$ \OT1/pplx/m/it/10.95 (-20) be an $\OML/zplm/m/it/10.95 n$\OT1/pplx/m/it/10.95 (-20) -vertex
 []


LaTeX Warning: Reference `lemma: lineardegree' on page 1 undefined on input line 60.

Package hyperref Info: bookmark level for unknown proof defaults to 0 on input line 60.
Package hyperref Info: bookmark level for unknown algorithm defaults to 0 on input line 65.
./content/intro.tex:67: Undefined control sequence.
l.67     \DontPrintSemicolon
                            
The control sequence at the end of the top line
of your error message was never \def'ed. If you have
misspelled it (e.g., `\hobx'), type `I' and the correct
spelling (e.g., `I\hbox'). Otherwise just continue,
and I'll forget about whatever was undefined.

./content/intro.tex:70: Missing \endcsname inserted.
<to be read again> 
                   \ALG@currentblock@0 
l.70     \For
             {each of the $3^{|S|}$ ways of assigning colours to the vertice...
The control sequence marked <to be read again> should
not appear between \csname and \endcsname.

./content/intro.tex:70: Extra \endcsname.
\ALG@makebeginrepeat ...\ALG@thisblock \endcsname 
                                                  \relax \def \ALG@thisblock...
l.70     \For
             {each of the $3^{|S|}$ ways of assigning colours to the vertice...
I'm ignoring this, since I wasn't doing a \csname.



[4]
./content/intro.tex:81: Undefined control sequence.
l.81 ...rtices. It only remains to show that, \whp
                                                  , the assertion in Line 2 ...
The control sequence at the end of the top line
of your error message was never \def'ed. If you have
misspelled it (e.g., `\hobx'), type `I' and the correct
spelling (e.g., `I\hbox'). Otherwise just continue,
and I'll forget about whatever was undefined.


LaTeX Warning: Reference `alg:linear_min_deg' on page 1 undefined on input line 81.

./content/intro.tex:88: Undefined control sequence.
<argument> ... (1-\frac {d_G(x)}{n}\right )^{\Abs 
                                                  {S}} \quad \text {by union...
l.88 \end{align*}
                 
The control sequence at the end of the top line
of your error message was never \def'ed. If you have
misspelled it (e.g., `\hobx'), type `I' and the correct
spelling (e.g., `I\hbox'). Otherwise just continue,
and I'll forget about whatever was undefined.

./content/intro.tex:88: Undefined control sequence.
<argument> \Abs 
                {S} d_G(x)
l.88 \end{align*}
                 
The control sequence at the end of the top line
of your error message was never \def'ed. If you have
misspelled it (e.g., `\hobx'), type `I' and the correct
spelling (e.g., `I\hbox'). Otherwise just continue,
and I'll forget about whatever was undefined.

./content/intro.tex:88: Undefined control sequence.
<recently read> \Abs 
                     
l.88 \end{align*}
                 
The control sequence at the end of the top line
of your error message was never \def'ed. If you have
misspelled it (e.g., `\hobx'), type `I' and the correct
spelling (e.g., `I\hbox'). Otherwise just continue,
and I'll forget about whatever was undefined.

./content/intro.tex:88: Undefined control sequence.
<recently read> \Abs 
                     
l.88 \end{align*}
                 
The control sequence at the end of the top line
of your error message was never \def'ed. If you have
misspelled it (e.g., `\hobx'), type `I' and the correct
spelling (e.g., `I\hbox'). Otherwise just continue,
and I'll forget about whatever was undefined.

./content/intro.tex:88: Undefined control sequence.
<recently read> \Abs 
                     
l.88 \end{align*}
                 
The control sequence at the end of the top line
of your error message was never \def'ed. If you have
misspelled it (e.g., `\hobx'), type `I' and the correct
spelling (e.g., `I\hbox'). Otherwise just continue,
and I'll forget about whatever was undefined.

./content/intro.tex:88: Undefined control sequence.
<recently read> \Abs 
                     
l.88 \end{align*}
                 
The control sequence at the end of the top line
of your error message was never \def'ed. If you have
misspelled it (e.g., `\hobx'), type `I' and the correct
spelling (e.g., `I\hbox'). Otherwise just continue,
and I'll forget about whatever was undefined.

./content/intro.tex:88: Undefined control sequence.
<argument> ... (1-\frac {d_G(x)}{n}\right )^{\Abs 
                                                  {S}} \quad \text {by union...
l.88 \end{align*}
                 
The control sequence at the end of the top line
of your error message was never \def'ed. If you have
misspelled it (e.g., `\hobx'), type `I' and the correct
spelling (e.g., `I\hbox'). Otherwise just continue,
and I'll forget about whatever was undefined.

./content/intro.tex:88: Undefined control sequence.
<argument> \Abs 
                {S} d_G(x)
l.88 \end{align*}
                 
The control sequence at the end of the top line
of your error message was never \def'ed. If you have
misspelled it (e.g., `\hobx'), type `I' and the correct
spelling (e.g., `I\hbox'). Otherwise just continue,
and I'll forget about whatever was undefined.

./content/intro.tex:88: Undefined control sequence.
<recently read> \Abs 
                     
l.88 \end{align*}
                 
The control sequence at the end of the top line
of your error message was never \def'ed. If you have
misspelled it (e.g., `\hobx'), type `I' and the correct
spelling (e.g., `I\hbox'). Otherwise just continue,
and I'll forget about whatever was undefined.

./content/intro.tex:88: Undefined control sequence.
<recently read> \Abs 
                     
l.88 \end{align*}
                 
The control sequence at the end of the top line
of your error message was never \def'ed. If you have
misspelled it (e.g., `\hobx'), type `I' and the correct
spelling (e.g., `I\hbox'). Otherwise just continue,
and I'll forget about whatever was undefined.

./content/intro.tex:88: Undefined control sequence.
<recently read> \Abs 
                     
l.88 \end{align*}
                 
The control sequence at the end of the top line
of your error message was never \def'ed. If you have
misspelled it (e.g., `\hobx'), type `I' and the correct
spelling (e.g., `I\hbox'). Otherwise just continue,
and I'll forget about whatever was undefined.

./content/intro.tex:88: Undefined control sequence.
<recently read> \Abs 
                     
l.88 \end{align*}
                 
The control sequence at the end of the top line
of your error message was never \def'ed. If you have
misspelled it (e.g., `\hobx'), type `I' and the correct
spelling (e.g., `I\hbox'). Otherwise just continue,
and I'll forget about whatever was undefined.


Overfull \hbox (17.00024pt too wide) detected at line 88
[]
 []

LaTeX Font Info:    Trying to load font information for TS1+pplx on input line 93.
(/usr/local/texlive/2025/texmf-dist/tex/latex/psnfss/ts1pplx.fd
File: ts1pplx.fd 2004/09/06 font definitions for TS1/pplx.
))

[5] (./content/notations.tex
Package hyperref Info: bookmark level for unknown definition defaults to 0 on input line 12.

./content/notations.tex:25: Undefined control sequence.
l.25     \item The partition matrix $Z \in \set
                                               {0, 1}^{n \times k}$ has $Z_{...
The control sequence at the end of the top line
of your error message was never \def'ed. If you have
misspelled it (e.g., `\hobx'), type `I' and the correct
spelling (e.g., `I\hbox'). Otherwise just continue,
and I'll forget about whatever was undefined.

./content/notations.tex:33: Undefined control sequence.
<recently read> \D 
                   
l.33 For $x \in [n]$ and $a \in [k]$, let $\D
                                             {x}{a} = \sum_{y \in \chi^{-1}(...
The control sequence at the end of the top line
of your error message was never \def'ed. If you have
misspelled it (e.g., `\hobx'), type `I' and the correct
spelling (e.g., `I\hbox'). Otherwise just continue,
and I'll forget about whatever was undefined.

./content/notations.tex:34: Undefined control sequence.
l.34 ...\chi^{-1}(a)|} \sum_{x \in \chi^{-1}(a)}\D
                                                  {x}{b}$.
The control sequence at the end of the top line
of your error message was never \def'ed. If you have
misspelled it (e.g., `\hobx'), type `I' and the correct
spelling (e.g., `I\hbox'). Otherwise just continue,
and I'll forget about whatever was undefined.

Package hyperref Info: bookmark level for unknown remark defaults to 0 on input line 38.

LaTeX Warning: Reference `def:partition_Z' on page 1 undefined on input line 38.



[6

]
./content/notations.tex:47: Undefined control sequence.
<recently read> \Norm 
                      
l.47 ...ition $\chi: [n] \to [k]$ such that $\Norm
                                                  {M - M(\tilde{A}, \chi)}_{...
The control sequence at the end of the top line
of your error message was never \def'ed. If you have
misspelled it (e.g., `\hobx'), type `I' and the correct
spelling (e.g., `I\hbox'). Otherwise just continue,
and I'll forget about whatever was undefined.

)

[7] (./content/spectral_result.tex
Overfull \hbox (2.83011pt too wide) in paragraph at lines 1--1
[]\OT1/cmss/bx/n/14.4 (-20) Small top thresh-old rank im-plies small bot-tom thresh-
 []

Package hyperref Info: bookmark level for unknown theorem defaults to 0 on input line 6.
./content/spectral_result.tex:8: Undefined control sequence.
<recently read> \Norm 
                      
l.8 ...times n}_{\geq 0}$ be symmetric with $\Norm
                                                  {A} \leq 1$.
The control sequence at the end of the top line
of your error message was never \def'ed. If you have
misspelled it (e.g., `\hobx'), type `I' and the correct
spelling (e.g., `I\hbox'). Otherwise just continue,
and I'll forget about whatever was undefined.

./content/spectral_result.tex:12: Undefined control sequence.
l.12         \rank
                  _{\leq -\lambda} (A) \geq t\,,
The control sequence at the end of the top line
of your error message was never \def'ed. If you have
misspelled it (e.g., `\hobx'), type `I' and the correct
spelling (e.g., `I\hbox'). Otherwise just continue,
and I'll forget about whatever was undefined.

./content/spectral_result.tex:17: Undefined control sequence.
l.17         \rank
                  _{\geq \frac{\lambda^2-\sigma}{1-\sigma}} (A) \geq \sigma^...
The control sequence at the end of the top line
of your error message was never \def'ed. If you have
misspelled it (e.g., `\hobx'), type `I' and the correct
spelling (e.g., `I\hbox'). Otherwise just continue,
and I'll forget about whatever was undefined.


LaTeX Warning: Reference `thm:spectral_large_to_large' on page 1 undefined on input line 21.

Package hyperref Info: bookmark level for unknown corollary defaults to 0 on input line 23.
./content/spectral_result.tex:25: Undefined control sequence.
<recently read> \Norm 
                      
l.25 ...imes n}_{\geq 0}$ be symmetric with $\Norm
                                                  {A} \leq 1$.
The control sequence at the end of the top line
of your error message was never \def'ed. If you have
misspelled it (e.g., `\hobx'), type `I' and the correct
spelling (e.g., `I\hbox'). Otherwise just continue,
and I'll forget about whatever was undefined.

./content/spectral_result.tex:29: Undefined control sequence.
l.29         \rank
                  _{\geq \tau}(A) \leq s\,,
The control sequence at the end of the top line
of your error message was never \def'ed. If you have
misspelled it (e.g., `\hobx'), type `I' and the correct
spelling (e.g., `I\hbox'). Otherwise just continue,
and I'll forget about whatever was undefined.

./content/spectral_result.tex:33: Undefined control sequence.
l.33          \rank
                   _{\leq -\sqrt{\tau(1-\sigma) + \sigma}} (A) \leq \frac{s}...
The control sequence at the end of the top line
of your error message was never \def'ed. If you have
misspelled it (e.g., `\hobx'), type `I' and the correct
spelling (e.g., `I\hbox'). Otherwise just continue,
and I'll forget about whatever was undefined.


LaTeX Warning: Reference `thm:spectral_large_to_large' on page 1 undefined on input line 37.


Package natbib Warning: Citation `barak-raghavendra-steurer' on page 8 undefined on input line 37.


LaTeX Warning: Reference `sec:rank-lb' on page 1 undefined on input line 38.


Package natbib Warning: Citation `barak-raghavendra-steurer' on page 8 undefined on input line 39.

./content/spectral_result.tex:41: Undefined control sequence.
<recently read> \Norm 
                      
l.41 ... \R^{n \times n}$ be symmetric with $\Norm
                                                  {A} \leq 1$.
The control sequence at the end of the top line
of your error message was never \def'ed. If you have
misspelled it (e.g., `\hobx'), type `I' and the correct
spelling (e.g., `I\hbox'). Otherwise just continue,
and I'll forget about whatever was undefined.



[8

]
./content/spectral_result.tex:44: Undefined control sequence.
l.44         \iprod
                   {A, M} \geq 1-\e \,, \quad
The control sequence at the end of the top line
of your error message was never \def'ed. If you have
misspelled it (e.g., `\hobx'), type `I' and the correct
spelling (e.g., `I\hbox'). Otherwise just continue,
and I'll forget about whatever was undefined.

./content/spectral_result.tex:44: Undefined control sequence.
l.44         \iprod{A, M} \geq 1-\e
                                    \,, \quad
The control sequence at the end of the top line
of your error message was never \def'ed. If you have
misspelled it (e.g., `\hobx'), type `I' and the correct
spelling (e.g., `I\hbox'). Otherwise just continue,
and I'll forget about whatever was undefined.

./content/spectral_result.tex:45: Undefined control sequence.
l.45         \Norm
                  {M}_F^2 \leq \frac{1}{r} \,, \quad
The control sequence at the end of the top line
of your error message was never \def'ed. If you have
misspelled it (e.g., `\hobx'), type `I' and the correct
spelling (e.g., `I\hbox'). Otherwise just continue,
and I'll forget about whatever was undefined.

./content/spectral_result.tex:46: Undefined control sequence.
l.46         \Tr
                (M) = 1 \,.
The control sequence at the end of the top line
of your error message was never \def'ed. If you have
misspelled it (e.g., `\hobx'), type `I' and the correct
spelling (e.g., `I\hbox'). Otherwise just continue,
and I'll forget about whatever was undefined.

./content/spectral_result.tex:50: Undefined control sequence.
l.50         \rank
                  _{\geq 1- C \cdot \e} (A) \geq \Paren{1-\frac{1}{C}}^2 r \,.
The control sequence at the end of the top line
of your error message was never \def'ed. If you have
misspelled it (e.g., `\hobx'), type `I' and the correct
spelling (e.g., `I\hbox'). Otherwise just continue,
and I'll forget about whatever was undefined.

./content/spectral_result.tex:50: Undefined control sequence.
l.50         \rank_{\geq 1- C \cdot \e
                                      } (A) \geq \Paren{1-\frac{1}{C}}^2 r \,.
The control sequence at the end of the top line
of your error message was never \def'ed. If you have
misspelled it (e.g., `\hobx'), type `I' and the correct
spelling (e.g., `I\hbox'). Otherwise just continue,
and I'll forget about whatever was undefined.


LaTeX Warning: Reference `thm:spectral_large_to_large' on page 1 undefined on input line 54.


LaTeX Warning: Reference `lemma:BRS11_lower_bound_top_threshold_rank' on page 1 undefined on input line 54.

./content/spectral_result.tex:59: Undefined control sequence.
<recently read> \Norm 
                      
l.59 ...imes n}_{\geq 0}$ be symmetric with $\Norm
                                                  {A} \leq 1$.
The control sequence at the end of the top line
of your error message was never \def'ed. If you have
misspelled it (e.g., `\hobx'), type `I' and the correct
spelling (e.g., `I\hbox'). Otherwise just continue,
and I'll forget about whatever was undefined.


Overfull \hbox (2.2824pt too wide) in paragraph at lines 59--62
[]\OT1/pplx/m/it/10.95 (-20) Let $\OML/zplm/m/it/10.95 A \OMS/zplm/m/n/10.95 2 \U/fplmbb/m/n/10.95 R[]$ \OT1/pplx/m/it/10.95 (-20) be sym-met-ric with
 []

./content/spectral_result.tex:63: Undefined control sequence.
l.63         \rank
                  _{\leq -\lambda} (A) \geq t\,,
The control sequence at the end of the top line
of your error message was never \def'ed. If you have
misspelled it (e.g., `\hobx'), type `I' and the correct
spelling (e.g., `I\hbox'). Otherwise just continue,
and I'll forget about whatever was undefined.

./content/spectral_result.tex:67: Undefined control sequence.
l.67         \iprod
                   {A, V^{\top} V} \geq \lambda^2 \,, \quad
The control sequence at the end of the top line
of your error message was never \def'ed. If you have
misspelled it (e.g., `\hobx'), type `I' and the correct
spelling (e.g., `I\hbox'). Otherwise just continue,
and I'll forget about whatever was undefined.

./content/spectral_result.tex:68: Undefined control sequence.
l.68         \Norm
                  {V^{\top} V}_F^2 \leq \frac{1}{t} \,, \quad
The control sequence at the end of the top line
of your error message was never \def'ed. If you have
misspelled it (e.g., `\hobx'), type `I' and the correct
spelling (e.g., `I\hbox'). Otherwise just continue,
and I'll forget about whatever was undefined.

./content/spectral_result.tex:69: Undefined control sequence.
l.69         \Tr
                (V^{\top} V) = 1 \,.
The control sequence at the end of the top line
of your error message was never \def'ed. If you have
misspelled it (e.g., `\hobx'), type `I' and the correct
spelling (e.g., `I\hbox'). Otherwise just continue,
and I'll forget about whatever was undefined.

./content/spectral_result.tex:74: Undefined control sequence.
<recently read> \set 
                     
l.74     Let $\set
                  {u_1, u_2, \dots, u_t}$ be $t$ orthonormal eigenvectors of...
The control sequence at the end of the top line
of your error message was never \def'ed. If you have
misspelled it (e.g., `\hobx'), type `I' and the correct
spelling (e.g., `I\hbox'). Otherwise just continue,
and I'll forget about whatever was undefined.

./content/spectral_result.tex:76: Undefined control sequence.
l.76         \iprod
                   {u_s, A u_s} \leq - \lambda \quad \text{and} \quad
The control sequence at the end of the top line
of your error message was never \def'ed. If you have
misspelled it (e.g., `\hobx'), type `I' and the correct
spelling (e.g., `I\hbox'). Otherwise just continue,
and I'll forget about whatever was undefined.

./content/spectral_result.tex:83: Undefined control sequence.
l.83         \iprod
                   {A, U U^{\top}}
The control sequence at the end of the top line
of your error message was never \def'ed. If you have
misspelled it (e.g., `\hobx'), type `I' and the correct
spelling (e.g., `I\hbox'). Otherwise just continue,
and I'll forget about whatever was undefined.

./content/spectral_result.tex:84: Undefined control sequence.
l.84         = \sum_{s \in [t]} \frac{1}{t} \iprod
                                                  {A, u_s (u_s)^{\top}}
The control sequence at the end of the top line
of your error message was never \def'ed. If you have
misspelled it (e.g., `\hobx'), type `I' and the correct
spelling (e.g., `I\hbox'). Otherwise just continue,
and I'll forget about whatever was undefined.

./content/spectral_result.tex:85: Undefined control sequence.
l.85         = \frac{1}{t} \sum_{s \in [t]} \iprod
                                                  {u_s, A u_s}
The control sequence at the end of the top line
of your error message was never \def'ed. If you have
misspelled it (e.g., `\hobx'), type `I' and the correct
spelling (e.g., `I\hbox'). Otherwise just continue,
and I'll forget about whatever was undefined.

./content/spectral_result.tex:91: Undefined control sequence.
l.91             \Norm
                      {U U^{\top}}_F^2
The control sequence at the end of the top line
of your error message was never \def'ed. If you have
misspelled it (e.g., `\hobx'), type `I' and the correct
spelling (e.g., `I\hbox'). Otherwise just continue,
and I'll forget about whatever was undefined.

./content/spectral_result.tex:92: Undefined control sequence.
l.92             = \Norm
                        {U^{\top} U}_F^2
The control sequence at the end of the top line
of your error message was never \def'ed. If you have
misspelled it (e.g., `\hobx'), type `I' and the correct
spelling (e.g., `I\hbox'). Otherwise just continue,
and I'll forget about whatever was undefined.

./content/spectral_result.tex:99: Undefined control sequence.
l.99         \Tr
                (U U^{\top})
The control sequence at the end of the top line
of your error message was never \def'ed. If you have
misspelled it (e.g., `\hobx'), type `I' and the correct
spelling (e.g., `I\hbox'). Otherwise just continue,
and I'll forget about whatever was undefined.

./content/spectral_result.tex:100: Undefined control sequence.
l.100         = \Tr
                   (U^{\top} U)
The control sequence at the end of the top line
of your error message was never \def'ed. If you have
misspelled it (e.g., `\hobx'), type `I' and the correct
spelling (e.g., `I\hbox'). Otherwise just continue,
and I'll forget about whatever was undefined.

./content/spectral_result.tex:107: Undefined control sequence.
l.107     Let $S = \Set
                       {i \in [n]: \norm{w_i} \neq 0}$.
The control sequence at the end of the top line
of your error message was never \def'ed. If you have
misspelled it (e.g., `\hobx'), type `I' and the correct
spelling (e.g., `I\hbox'). Otherwise just continue,
and I'll forget about whatever was undefined.

./content/spectral_result.tex:117: Undefined control sequence.
<argument> \sum _{i, j \in S} A_{i j} \iprod 
                                             {w_i, w_j}
l.117     \end{align*}
                      
The control sequence at the end of the top line
of your error message was never \def'ed. If you have
misspelled it (e.g., `\hobx'), type `I' and the correct
spelling (e.g., `I\hbox'). Otherwise just continue,
and I'll forget about whatever was undefined.

./content/spectral_result.tex:117: Undefined control sequence.
<argument>  \sqrt {A_{i j}} \cdot \iprod 
                                         {w_i, w_j}
l.117     \end{align*}
                      
The control sequence at the end of the top line
of your error message was never \def'ed. If you have
misspelled it (e.g., `\hobx'), type `I' and the correct
spelling (e.g., `I\hbox'). Otherwise just continue,
and I'll forget about whatever was undefined.

./content/spectral_result.tex:117: Undefined control sequence.
<argument> \iprod 
                  {w_i, w_j}^2
l.117     \end{align*}
                      
The control sequence at the end of the top line
of your error message was never \def'ed. If you have
misspelled it (e.g., `\hobx'), type `I' and the correct
spelling (e.g., `I\hbox'). Otherwise just continue,
and I'll forget about whatever was undefined.

./content/spectral_result.tex:117: Undefined control sequence.
<argument> \sum _{i, j \in S} A_{i j} \iprod 
                                             {w_i, w_j}
l.117     \end{align*}
                      
The control sequence at the end of the top line
of your error message was never \def'ed. If you have
misspelled it (e.g., `\hobx'), type `I' and the correct
spelling (e.g., `I\hbox'). Otherwise just continue,
and I'll forget about whatever was undefined.

./content/spectral_result.tex:117: Undefined control sequence.
<argument>  \sqrt {A_{i j}} \cdot \iprod 
                                         {w_i, w_j}
l.117     \end{align*}
                      
The control sequence at the end of the top line
of your error message was never \def'ed. If you have
misspelled it (e.g., `\hobx'), type `I' and the correct
spelling (e.g., `I\hbox'). Otherwise just continue,
and I'll forget about whatever was undefined.

./content/spectral_result.tex:117: Undefined control sequence.
<argument> \iprod 
                  {w_i, w_j}^2
l.117     \end{align*}
                      
The control sequence at the end of the top line
of your error message was never \def'ed. If you have
misspelled it (e.g., `\hobx'), type `I' and the correct
spelling (e.g., `I\hbox'). Otherwise just continue,
and I'll forget about whatever was undefined.



[9]
./content/spectral_result.tex:121: Undefined control sequence.
l.121         \iprod
                    {A, V^{\top} V}
The control sequence at the end of the top line
of your error message was never \def'ed. If you have
misspelled it (e.g., `\hobx'), type `I' and the correct
spelling (e.g., `I\hbox'). Otherwise just continue,
and I'll forget about whatever was undefined.

./content/spectral_result.tex:122: Undefined control sequence.
l.122         = \sum_{i, j} A_{i j} \iprod
                                          {v_i, v_j}
The control sequence at the end of the top line
of your error message was never \def'ed. If you have
misspelled it (e.g., `\hobx'), type `I' and the correct
spelling (e.g., `I\hbox'). Otherwise just continue,
and I'll forget about whatever was undefined.

./content/spectral_result.tex:123: Undefined control sequence.
<argument> \iprod 
                  {w_i, w_j}^2
l.123 ...iprod{w_i, w_j}^2}{\norm{w_i} \norm{w_j}}
                                                   \\
The control sequence at the end of the top line
of your error message was never \def'ed. If you have
misspelled it (e.g., `\hobx'), type `I' and the correct
spelling (e.g., `I\hbox'). Otherwise just continue,
and I'll forget about whatever was undefined.

./content/spectral_result.tex:124: Undefined control sequence.
<argument> \sum _{i, j \in S} A_{i j} \iprod 
                                             {w_i, w_j}
l.124 ..., j \in S} A_{i j} \norm{w_i} \norm{w_j}}
                                                   \,.
The control sequence at the end of the top line
of your error message was never \def'ed. If you have
misspelled it (e.g., `\hobx'), type `I' and the correct
spelling (e.g., `I\hbox'). Otherwise just continue,
and I'll forget about whatever was undefined.

./content/spectral_result.tex:126: Undefined control sequence.
<recently read> \iprod 
                       
l.126 ... the numerator, by observing that $\iprod
                                                  {w_i, w_j} = (U U^{\top})_...
The control sequence at the end of the top line
of your error message was never \def'ed. If you have
misspelled it (e.g., `\hobx'), type `I' and the correct
spelling (e.g., `I\hbox'). Otherwise just continue,
and I'll forget about whatever was undefined.


LaTeX Warning: Reference `eq:spectral_construction_1' on page 1 undefined on input line 126.

./content/spectral_result.tex:129: Undefined control sequence.
<argument> \sum _{i, j \in S} A_{i j} \iprod 
                                             {w_i, w_j}
l.129 ...um_{i, j \in S} A_{i j} \iprod{w_i, w_j}}
                                                  ^2
The control sequence at the end of the top line
of your error message was never \def'ed. If you have
misspelled it (e.g., `\hobx'), type `I' and the correct
spelling (e.g., `I\hbox'). Otherwise just continue,
and I'll forget about whatever was undefined.

./content/spectral_result.tex:130: Undefined control sequence.
l.130         = \Iprod
                      {A, U U^{\top}}^2
The control sequence at the end of the top line
of your error message was never \def'ed. If you have
misspelled it (e.g., `\hobx'), type `I' and the correct
spelling (e.g., `I\hbox'). Otherwise just continue,
and I'll forget about whatever was undefined.

./content/spectral_result.tex:133: Undefined control sequence.
<recently read> \Norm 
                      
l.133     For the denominator, because $\Norm
                                             {A} \leq 1$ we get
The control sequence at the end of the top line
of your error message was never \def'ed. If you have
misspelled it (e.g., `\hobx'), type `I' and the correct
spelling (e.g., `I\hbox'). Otherwise just continue,
and I'll forget about whatever was undefined.

./content/spectral_result.tex:142: Undefined control sequence.
<argument> ...\sum _{i \in S} \norm {w_i}^2 = \Tr 
                                                  (U U^{\top }) = 1 \,. \end...
l.142     \end{align}
                     
The control sequence at the end of the top line
of your error message was never \def'ed. If you have
misspelled it (e.g., `\hobx'), type `I' and the correct
spelling (e.g., `I\hbox'). Otherwise just continue,
and I'll forget about whatever was undefined.

./content/spectral_result.tex:142: Undefined control sequence.
<argument> ...\sum _{i \in S} \norm {w_i}^2 = \Tr 
                                                  (U U^{\top }) = 1 \,. \end...
l.142     \end{align}
                     
The control sequence at the end of the top line
of your error message was never \def'ed. If you have
misspelled it (e.g., `\hobx'), type `I' and the correct
spelling (e.g., `I\hbox'). Otherwise just continue,
and I'll forget about whatever was undefined.


LaTeX Warning: Reference `eq:spectral_construction_5' on page 1 undefined on input line 143.


LaTeX Warning: Reference `eq:spectral_construction_6' on page 1 undefined on input line 143.


LaTeX Warning: Reference `eq:spectral_construction_4' on page 1 undefined on input line 143.

./content/spectral_result.tex:145: Undefined control sequence.
l.145         \iprod
                    {A, V^{\top} V} \geq \lambda^2 \,.
The control sequence at the end of the top line
of your error message was never \def'ed. If you have
misspelled it (e.g., `\hobx'), type `I' and the correct
spelling (e.g., `I\hbox'). Otherwise just continue,
and I'll forget about whatever was undefined.

./content/spectral_result.tex:151: Undefined control sequence.
l.151         \Norm
                   {V^{\top} V}_F^2
The control sequence at the end of the top line
of your error message was never \def'ed. If you have
misspelled it (e.g., `\hobx'), type `I' and the correct
spelling (e.g., `I\hbox'). Otherwise just continue,
and I'll forget about whatever was undefined.

./content/spectral_result.tex:152: Undefined control sequence.
l.152         = \sum_{i, j} \iprod
                                  {v_i, v_j}^2
The control sequence at the end of the top line
of your error message was never \def'ed. If you have
misspelled it (e.g., `\hobx'), type `I' and the correct
spelling (e.g., `I\hbox'). Otherwise just continue,
and I'll forget about whatever was undefined.

./content/spectral_result.tex:153: Undefined control sequence.
<argument> \iprod 
                  {w_i, w_j}^4
l.153 ...d{w_i, w_j}^4}{\norm{w_i}^2 \norm{w_j}^2}
                                                  
The control sequence at the end of the top line
of your error message was never \def'ed. If you have
misspelled it (e.g., `\hobx'), type `I' and the correct
spelling (e.g., `I\hbox'). Otherwise just continue,
and I'll forget about whatever was undefined.

./content/spectral_result.tex:154: Undefined control sequence.
l.154         \leq \sum_{i, j \in S} \iprod
                                           {w_i, w_j}^2 \,.
The control sequence at the end of the top line
of your error message was never \def'ed. If you have
misspelled it (e.g., `\hobx'), type `I' and the correct
spelling (e.g., `I\hbox'). Otherwise just continue,
and I'll forget about whatever was undefined.

./content/spectral_result.tex:156: Undefined control sequence.
<recently read> \iprod 
                       
l.156     Since $\iprod
                       {w_i, w_j} = (U U^{\top})_{i j}$, it follows by \cref...
The control sequence at the end of the top line
of your error message was never \def'ed. If you have
misspelled it (e.g., `\hobx'), type `I' and the correct
spelling (e.g., `I\hbox'). Otherwise just continue,
and I'll forget about whatever was undefined.


LaTeX Warning: Reference `eq:spectral_construction_2' on page 1 undefined on input line 156.

./content/spectral_result.tex:158: Undefined control sequence.
l.158         \Norm
                   {V^{\top} V}_F^2
The control sequence at the end of the top line
of your error message was never \def'ed. If you have
misspelled it (e.g., `\hobx'), type `I' and the correct
spelling (e.g., `I\hbox'). Otherwise just continue,
and I'll forget about whatever was undefined.

./content/spectral_result.tex:159: Undefined control sequence.
l.159         \leq \sum_{i, j \in S} \iprod
                                           {w_i, w_j}^2
The control sequence at the end of the top line
of your error message was never \def'ed. If you have
misspelled it (e.g., `\hobx'), type `I' and the correct
spelling (e.g., `I\hbox'). Otherwise just continue,
and I'll forget about whatever was undefined.

./content/spectral_result.tex:160: Undefined control sequence.
l.160         = \Norm
                     {U U^{\top}}_F^2
The control sequence at the end of the top line
of your error message was never \def'ed. If you have
misspelled it (e.g., `\hobx'), type `I' and the correct
spelling (e.g., `I\hbox'). Otherwise just continue,
and I'll forget about whatever was undefined.


LaTeX Warning: Reference `eq:spectral_construction_3' on page 1 undefined on input line 165.

./content/spectral_result.tex:167: Undefined control sequence.
l.167         \Tr
                 (V^{\top} V)
The control sequence at the end of the top line
of your error message was never \def'ed. If you have
misspelled it (e.g., `\hobx'), type `I' and the correct
spelling (e.g., `I\hbox'). Otherwise just continue,
and I'll forget about whatever was undefined.

./content/spectral_result.tex:170: Undefined control sequence.
l.170         = \Tr
                    (U U^{\top})
The control sequence at the end of the top line
of your error message was never \def'ed. If you have
misspelled it (e.g., `\hobx'), type `I' and the correct
spelling (e.g., `I\hbox'). Otherwise just continue,
and I'll forget about whatever was undefined.


LaTeX Warning: Reference `lemma:BRS11_lower_bound_top_threshold_rank' on page 1 undefined on input line 175.


LaTeX Warning: Reference `lemma:spectral_construction_of_vectors' on page 1 undefined on input line 175.


LaTeX Warning: Reference `thm:spectral_large_to_large' on page 1 undefined on input line 175.


LaTeX Warning: Reference `thm:spectral_large_to_large' on page 1 undefined on input line 176.


LaTeX Warning: Reference `lemma:spectral_construction_of_vectors' on page 1 undefined on input line 177.

./content/spectral_result.tex:177: Undefined control sequence.
<recently read> \rank 
                      
l.177 ...ral_construction_of_vectors}, when $\rank
                                                  _{\leq -\lambda} (A) \geq ...
The control sequence at the end of the top line
of your error message was never \def'ed. If you have
misspelled it (e.g., `\hobx'), type `I' and the correct
spelling (e.g., `I\hbox'). Otherwise just continue,
and I'll forget about whatever was undefined.

./content/spectral_result.tex:179: Undefined control sequence.
l.179         \iprod
                    {A, V^{\top} V} \geq \lambda^2 \,, \quad
The control sequence at the end of the top line
of your error message was never \def'ed. If you have
misspelled it (e.g., `\hobx'), type `I' and the correct
spelling (e.g., `I\hbox'). Otherwise just continue,
and I'll forget about whatever was undefined.

./content/spectral_result.tex:180: Undefined control sequence.
l.180         \Norm
                   {V^{\top} V}_F^2 \leq \frac{1}{t} \,, \quad
The control sequence at the end of the top line
of your error message was never \def'ed. If you have
misspelled it (e.g., `\hobx'), type `I' and the correct
spelling (e.g., `I\hbox'). Otherwise just continue,
and I'll forget about whatever was undefined.

./content/spectral_result.tex:181: Undefined control sequence.
l.181         \Tr
                 (V^{\top} V) = 1 \,.
The control sequence at the end of the top line
of your error message was never \def'ed. If you have
misspelled it (e.g., `\hobx'), type `I' and the correct
spelling (e.g., `I\hbox'). Otherwise just continue,
and I'll forget about whatever was undefined.


LaTeX Warning: Reference `lemma:BRS11_lower_bound_top_threshold_rank' on page 1 undefined on input line 183.

./content/spectral_result.tex:183: Undefined control sequence.
<recently read> \e 
                   
l.183 ...hold_rank} by setting $M=V^{\top} V$, $\e
                                                   = 1-\lambda^2$, $r=t$, an...
The control sequence at the end of the top line
of your error message was never \def'ed. If you have
misspelled it (e.g., `\hobx'), type `I' and the correct
spelling (e.g., `I\hbox'). Otherwise just continue,
and I'll forget about whatever was undefined.

./content/spectral_result.tex:185: Undefined control sequence.
l.185         \rank
                   _{\geq \frac{\lambda^2-\sigma}{1-\sigma}} (A) \geq \sigma...
The control sequence at the end of the top line
of your error message was never \def'ed. If you have
misspelled it (e.g., `\hobx'), type `I' and the correct
spelling (e.g., `I\hbox'). Otherwise just continue,
and I'll forget about whatever was undefined.

)

[10]
LaTeX Font Info:    Font shape `U/msa/m/n' will be
(Font)              scaled to size 21.61124pt on input line 86.
LaTeX Font Info:    Font shape `U/msa/m/n' will be
(Font)              scaled to size 15.0049pt on input line 86.
LaTeX Font Info:    Font shape `U/msa/m/n' will be
(Font)              scaled to size 12.50409pt on input line 86.
LaTeX Font Info:    Font shape `U/msb/m/n' will be
(Font)              scaled to size 21.61124pt on input line 86.
LaTeX Font Info:    Font shape `U/msb/m/n' will be
(Font)              scaled to size 15.0049pt on input line 86.
LaTeX Font Info:    Font shape `U/msb/m/n' will be
(Font)              scaled to size 12.50409pt on input line 86.


Package hyperref Warning: Token not allowed in a PDF string (Unicode):
(hyperref)                removing `math shift' on input line 86.

(./content/k_partitioning.tex

LaTeX Warning: Reference `sec:algorithms' on page 1 undefined on input line 6.


LaTeX Warning: Reference `def:partition_Z' on page 1 undefined on input line 10.


Overfull \hbox (9.37497pt too wide) in paragraph at lines 10--14
[]\OT1/pplx/m/it/10.95 (-20) Let $\OML/zplm/m/it/10.95 ^^_ \OT1/zplm/m/n/10.95 : [\OML/zplm/m/it/10.95 n\OT1/zplm/m/n/10.95 ] \OMS/zplm/m/n/10.95 ! \OT1/zplm/m/n/10.95 [\OML/zplm/m/it/10.95 k\OT1/zplm/m/n/10.95 ]$ \OT1/pplx/m/it/10.95 (-20) be a $\OML/zplm/m/it/10.95 k$\OT1/pplx/m/it/10.95 (-20) -partition
 []

./content/k_partitioning.tex:15: Undefined control sequence.
<recently read> \Norm 
                      
l.15     \item $\Norm
                     {M} \leq \zeta$,
The control sequence at the end of the top line
of your error message was never \def'ed. If you have
misspelled it (e.g., `\hobx'), type `I' and the correct
spelling (e.g., `I\hbox'). Otherwise just continue,
and I'll forget about whatever was undefined.

./content/k_partitioning.tex:16: Undefined control sequence.
<recently read> \Norm 
                      
l.16     \item $\Norm
                     {M^{(a)} - M^{(b)}} \geq \alpha$ for any two rows $M^{(...
The control sequence at the end of the top line
of your error message was never \def'ed. If you have
misspelled it (e.g., `\hobx'), type `I' and the correct
spelling (e.g., `I\hbox'). Otherwise just continue,
and I'll forget about whatever was undefined.

./content/k_partitioning.tex:19: Undefined control sequence.
l.19 \[\Norm
            {A \frac{Z_a}{\Norm{Z_a}} - W \frac{Z_a}{\Norm{Z_a}}}^2 \leq \de...
The control sequence at the end of the top line
of your error message was never \def'ed. If you have
misspelled it (e.g., `\hobx'), type `I' and the correct
spelling (e.g., `I\hbox'). Otherwise just continue,
and I'll forget about whatever was undefined.

./content/k_partitioning.tex:19: Undefined control sequence.
<argument> \Norm 
                 {Z_a}
l.19 \[\Norm{A \frac{Z_a}{\Norm{Z_a}}
                                      - W \frac{Z_a}{\Norm{Z_a}}}^2 \leq \de...
The control sequence at the end of the top line
of your error message was never \def'ed. If you have
misspelled it (e.g., `\hobx'), type `I' and the correct
spelling (e.g., `I\hbox'). Otherwise just continue,
and I'll forget about whatever was undefined.

./content/k_partitioning.tex:19: Undefined control sequence.
<argument> \Norm 
                 {Z_a}
l.19 ..._a}{\Norm{Z_a}} - W \frac{Z_a}{\Norm{Z_a}}
                                                  }^2 \leq \delta\,,\]
The control sequence at the end of the top line
of your error message was never \def'ed. If you have
misspelled it (e.g., `\hobx'), type `I' and the correct
spelling (e.g., `I\hbox'). Otherwise just continue,
and I'll forget about whatever was undefined.

./content/k_partitioning.tex:20: Undefined control sequence.
<recently read> \rank 
                      
l.20 and suppose that $\rank
                            _{\leq -\lambda}(A) + \rank_{\geq \lambda}(A) \l...
The control sequence at the end of the top line
of your error message was never \def'ed. If you have
misspelled it (e.g., `\hobx'), type `I' and the correct
spelling (e.g., `I\hbox'). Otherwise just continue,
and I'll forget about whatever was undefined.

./content/k_partitioning.tex:20: Undefined control sequence.
l.20 ...ose that $\rank_{\leq -\lambda}(A) + \rank
                                                  _{\geq \lambda}(A) \leq t$...
The control sequence at the end of the top line
of your error message was never \def'ed. If you have
misspelled it (e.g., `\hobx'), type `I' and the correct
spelling (e.g., `I\hbox'). Otherwise just continue,
and I'll forget about whatever was undefined.

./content/k_partitioning.tex:22: Undefined control sequence.
l.22 ...f the colour classes that $\mathbb{E}_{\bm
                                                  {x} \sim \operatorname{Uni...
The control sequence at the end of the top line
of your error message was never \def'ed. If you have
misspelled it (e.g., `\hobx'), type `I' and the correct
spelling (e.g., `I\hbox'). Otherwise just continue,
and I'll forget about whatever was undefined.

./content/k_partitioning.tex:22: Undefined control sequence.
l.22 ..._{\bm{x} \sim \operatorname{Unif}([n])} \1
                                                  [\hat\chi(\bm{x}) \neq \ch...
The control sequence at the end of the top line
of your error message was never \def'ed. If you have
misspelled it (e.g., `\hobx'), type `I' and the correct
spelling (e.g., `I\hbox'). Otherwise just continue,
and I'll forget about whatever was undefined.

./content/k_partitioning.tex:22: Undefined control sequence.
l.22 ... \operatorname{Unif}([n])} \1[\hat\chi(\bm
                                                  {x}) \neq \chi(\bm{x})] \l...
The control sequence at the end of the top line
of your error message was never \def'ed. If you have
misspelled it (e.g., `\hobx'), type `I' and the correct
spelling (e.g., `I\hbox'). Otherwise just continue,
and I'll forget about whatever was undefined.

./content/k_partitioning.tex:22: Undefined control sequence.
l.22 ...f}([n])} \1[\hat\chi(\bm{x}) \neq \chi(\bm
                                                  {x})] \leq O\Paren{\frac{\...
The control sequence at the end of the top line
of your error message was never \def'ed. If you have
misspelled it (e.g., `\hobx'), type `I' and the correct
spelling (e.g., `I\hbox'). Otherwise just continue,
and I'll forget about whatever was undefined.


LaTeX Warning: Reference `def:model' on page 1 undefined on input line 25.


LaTeX Warning: Reference `thm: random-planting-partial' on page 1 undefined on input line 28.



[11

]

LaTeX Warning: Reference `thm:part-recovery' on page 1 undefined on input line 31.


LaTeX Warning: Reference `def:partition_Z' on page 1 undefined on input line 35.

./content/k_partitioning.tex:36: Undefined control sequence.
<recently read> \set 
                     
l.36 ...t $W$ has column span in the span of $\set
                                                  {Z_a}_{a \in [k]}$.
The control sequence at the end of the top line
of your error message was never \def'ed. If you have
misspelled it (e.g., `\hobx'), type `I' and the correct
spelling (e.g., `I\hbox'). Otherwise just continue,
and I'll forget about whatever was undefined.

./content/k_partitioning.tex:38: Undefined control sequence.
l.38     \[\Norm
                {A \frac{Z_a}{\Norm{Z_a}} - W \frac{Z_a}{\Norm{Z_a}}}^2 \leq...
The control sequence at the end of the top line
of your error message was never \def'ed. If you have
misspelled it (e.g., `\hobx'), type `I' and the correct
spelling (e.g., `I\hbox'). Otherwise just continue,
and I'll forget about whatever was undefined.

./content/k_partitioning.tex:38: Undefined control sequence.
<argument> \Norm 
                 {Z_a}
l.38     \[\Norm{A \frac{Z_a}{\Norm{Z_a}}
                                          - W \frac{Z_a}{\Norm{Z_a}}}^2 \leq...
The control sequence at the end of the top line
of your error message was never \def'ed. If you have
misspelled it (e.g., `\hobx'), type `I' and the correct
spelling (e.g., `I\hbox'). Otherwise just continue,
and I'll forget about whatever was undefined.

./content/k_partitioning.tex:38: Undefined control sequence.
<argument> \Norm 
                 {Z_a}
l.38 ..._a}{\Norm{Z_a}} - W \frac{Z_a}{\Norm{Z_a}}
                                                  }^2 \leq \delta\,,\]
The control sequence at the end of the top line
of your error message was never \def'ed. If you have
misspelled it (e.g., `\hobx'), type `I' and the correct
spelling (e.g., `I\hbox'). Otherwise just continue,
and I'll forget about whatever was undefined.

./content/k_partitioning.tex:39: Undefined control sequence.
<recently read> \rank 
                      
l.39     and suppose that $\rank
                                _{\leq -\lambda}(A) + \rank_{\geq \lambda}(A...
The control sequence at the end of the top line
of your error message was never \def'ed. If you have
misspelled it (e.g., `\hobx'), type `I' and the correct
spelling (e.g., `I\hbox'). Otherwise just continue,
and I'll forget about whatever was undefined.

./content/k_partitioning.tex:39: Undefined control sequence.
l.39 ...ose that $\rank_{\leq -\lambda}(A) + \rank
                                                  _{\geq \lambda}(A) \leq t$...
The control sequence at the end of the top line
of your error message was never \def'ed. If you have
misspelled it (e.g., `\hobx'), type `I' and the correct
spelling (e.g., `I\hbox'). Otherwise just continue,
and I'll forget about whatever was undefined.

./content/k_partitioning.tex:41: Undefined control sequence.
<recently read> \Norm 
                      
l.41 ...{u} \in \R^n$ in the list such that $\Norm
                                                  {\hat{u}-u}^2 \leq O\Paren...
The control sequence at the end of the top line
of your error message was never \def'ed. If you have
misspelled it (e.g., `\hobx'), type `I' and the correct
spelling (e.g., `I\hbox'). Otherwise just continue,
and I'll forget about whatever was undefined.


LaTeX Warning: Reference `def:partition_Z' on page 1 undefined on input line 46.

./content/k_partitioning.tex:51: Undefined control sequence.
<recently read> \Norm 
                      
l.51         \item $\Norm
                         {M} \leq \zeta$,
The control sequence at the end of the top line
of your error message was never \def'ed. If you have
misspelled it (e.g., `\hobx'), type `I' and the correct
spelling (e.g., `I\hbox'). Otherwise just continue,
and I'll forget about whatever was undefined.

./content/k_partitioning.tex:52: Undefined control sequence.
<recently read> \Norm 
                      
l.52         \item $\Norm
                         {M^{(a)} - M^{(b)}} \geq \alpha$ for any two rows $...
The control sequence at the end of the top line
of your error message was never \def'ed. If you have
misspelled it (e.g., `\hobx'), type `I' and the correct
spelling (e.g., `I\hbox'). Otherwise just continue,
and I'll forget about whatever was undefined.

./content/k_partitioning.tex:56: Undefined control sequence.
<argument> \Norm 
                 {Z v_i}
l.56 ...k]}\max_{i \in [r]} \frac{1}{\Norm{Z v_i}}
                                                   \Abs{(v_i)_a- (v_i)_b} \g...
The control sequence at the end of the top line
of your error message was never \def'ed. If you have
misspelled it (e.g., `\hobx'), type `I' and the correct
spelling (e.g., `I\hbox'). Otherwise just continue,
and I'll forget about whatever was undefined.

./content/k_partitioning.tex:56: Undefined control sequence.
l.56 ...ax_{i \in [r]} \frac{1}{\Norm{Z v_i}} \Abs
                                                  {(v_i)_a- (v_i)_b} \geq \O...
The control sequence at the end of the top line
of your error message was never \def'ed. If you have
misspelled it (e.g., `\hobx'), type `I' and the correct
spelling (e.g., `I\hbox'). Otherwise just continue,
and I'll forget about whatever was undefined.


LaTeX Warning: Reference `def:partition_Z' on page 1 undefined on input line 61.


Overfull \hbox (1.72102pt too wide) in paragraph at lines 61--64
[]\OT1/pplx/m/it/10.95 (-20) Let $\OML/zplm/m/it/10.95 ^^_ \OT1/zplm/m/n/10.95 : [\OML/zplm/m/it/10.95 n\OT1/zplm/m/n/10.95 ] \OMS/zplm/m/n/10.95 ! \OT1/zplm/m/n/10.95 [\OML/zplm/m/it/10.95 k\OT1/zplm/m/n/10.95 ]$ \OT1/pplx/m/it/10.95 (-20) be a $\OML/zplm/m/it/10.95 k$\OT1/pplx/m/it/10.95 (-20) -partition
 []

./content/k_partitioning.tex:64: Undefined control sequence.
<argument> \Norm 
                 {Z v_i}
l.64 ...k]}\max_{i \in [r]} \frac{1}{\Norm{Z v_i}}
                                                   \Abs{(v_i)_a- (v_i)_b} \g...
The control sequence at the end of the top line
of your error message was never \def'ed. If you have
misspelled it (e.g., `\hobx'), type `I' and the correct
spelling (e.g., `I\hbox'). Otherwise just continue,
and I'll forget about whatever was undefined.

./content/k_partitioning.tex:64: Undefined control sequence.
l.64 ...ax_{i \in [r]} \frac{1}{\Norm{Z v_i}} \Abs
                                                  {(v_i)_a- (v_i)_b} \geq \f...
The control sequence at the end of the top line
of your error message was never \def'ed. If you have
misspelled it (e.g., `\hobx'), type `I' and the correct
spelling (e.g., `I\hbox'). Otherwise just continue,
and I'll forget about whatever was undefined.

./content/k_partitioning.tex:65: Undefined control sequence.
<recently read> \Norm 
                      
l.65 ...dots, \hat{u}_r \in \R^n$ such that $\Norm
                                                  {\hat{u}_i - \frac{Z v_i}{...
The control sequence at the end of the top line
of your error message was never \def'ed. If you have
misspelled it (e.g., `\hobx'), type `I' and the correct
spelling (e.g., `I\hbox'). Otherwise just continue,
and I'll forget about whatever was undefined.

./content/k_partitioning.tex:65: Undefined control sequence.
<argument> \Norm 
                 {Z v_i}
l.65 ...orm{\hat{u}_i - \frac{Z v_i}{\Norm{Z v_i}}
                                                  }^2 \leq \delta$ for all $...
The control sequence at the end of the top line
of your error message was never \def'ed. If you have
misspelled it (e.g., `\hobx'), type `I' and the correct
spelling (e.g., `I\hbox'). Otherwise just continue,
and I'll forget about whatever was undefined.

./content/k_partitioning.tex:65: Undefined control sequence.
l.65 ...f the colour classes that $\mathbb{E}_{\bm
                                                  {x} \sim \operatorname{Uni...
The control sequence at the end of the top line
of your error message was never \def'ed. If you have
misspelled it (e.g., `\hobx'), type `I' and the correct
spelling (e.g., `I\hbox'). Otherwise just continue,
and I'll forget about whatever was undefined.

./content/k_partitioning.tex:65: Undefined control sequence.
l.65 ..._{\bm{x} \sim \operatorname{Unif}([n])} \1
                                                  [\hat\chi(\bm{x}) \neq \ch...
The control sequence at the end of the top line
of your error message was never \def'ed. If you have
misspelled it (e.g., `\hobx'), type `I' and the correct
spelling (e.g., `I\hbox'). Otherwise just continue,
and I'll forget about whatever was undefined.

./content/k_partitioning.tex:65: Undefined control sequence.
l.65 ... \operatorname{Unif}([n])} \1[\hat\chi(\bm
                                                  {x}) \neq \chi(\bm{x})] \l...
The control sequence at the end of the top line
of your error message was never \def'ed. If you have
misspelled it (e.g., `\hobx'), type `I' and the correct
spelling (e.g., `I\hbox'). Otherwise just continue,
and I'll forget about whatever was undefined.

./content/k_partitioning.tex:65: Undefined control sequence.
l.65 ...f}([n])} \1[\hat\chi(\bm{x}) \neq \chi(\bm
                                                  {x})] \leq O\Paren{\frac{\...
The control sequence at the end of the top line
of your error message was never \def'ed. If you have
misspelled it (e.g., `\hobx'), type `I' and the correct
spelling (e.g., `I\hbox'). Otherwise just continue,
and I'll forget about whatever was undefined.



[12]

LaTeX Warning: Reference `thm:part-recovery' on page 1 undefined on input line 68.


LaTeX Warning: Reference `thm:partition_recovery_theorem2' on page 1 undefined on input line 68.


LaTeX Warning: Reference `lem:eigenvalue_separation' on page 1 undefined on input line 68.


LaTeX Warning: Reference `lem:cluster-eigen' on page 1 undefined on input line 68.


LaTeX Warning: Reference `thm:part-recovery' on page 1 undefined on input line 70.


LaTeX Warning: Reference `lem:eigenvalue_separation' on page 1 undefined on input line 71.

./content/k_partitioning.tex:73: Undefined control sequence.
l.73 First, let $S:=\Set
                        {u \in \R^n\; \mid\; W u = \tau u, \Norm{u}=1, \Abs{...
The control sequence at the end of the top line
of your error message was never \def'ed. If you have
misspelled it (e.g., `\hobx'), type `I' and the correct
spelling (e.g., `I\hbox'). Otherwise just continue,
and I'll forget about whatever was undefined.

./content/k_partitioning.tex:73: Undefined control sequence.
l.73 ...et{u \in \R^n\; \mid\; W u = \tau u, \Norm
                                                  {u}=1, \Abs{\tau}> 2\lambd...
The control sequence at the end of the top line
of your error message was never \def'ed. If you have
misspelled it (e.g., `\hobx'), type `I' and the correct
spelling (e.g., `I\hbox'). Otherwise just continue,
and I'll forget about whatever was undefined.

./content/k_partitioning.tex:73: Undefined control sequence.
l.73 ...^n\; \mid\; W u = \tau u, \Norm{u}=1, \Abs
                                                  {\tau}> 2\lambda}$ be the ...
The control sequence at the end of the top line
of your error message was never \def'ed. If you have
misspelled it (e.g., `\hobx'), type `I' and the correct
spelling (e.g., `I\hbox'). Otherwise just continue,
and I'll forget about whatever was undefined.


LaTeX Warning: Reference `thm:partition_recovery_theorem2' on page 1 undefined on input line 74.

./content/k_partitioning.tex:79: Undefined control sequence.
<argument> \Norm 
                 {Zv_1}
l.79 ...ute value, then $\frac{Z v_1}{\Norm{Zv_1}}
                                                  , \ldots, \frac{Z v_r}{\No...
The control sequence at the end of the top line
of your error message was never \def'ed. If you have
misspelled it (e.g., `\hobx'), type `I' and the correct
spelling (e.g., `I\hbox'). Otherwise just continue,
and I'll forget about whatever was undefined.

./content/k_partitioning.tex:79: Undefined control sequence.
<argument> \Norm 
                 {Zv_r}
l.79 ...{Zv_1}}, \ldots, \frac{Z v_r}{\Norm{Zv_r}}
                                                   \in S$.
The control sequence at the end of the top line
of your error message was never \def'ed. If you have
misspelled it (e.g., `\hobx'), type `I' and the correct
spelling (e.g., `I\hbox'). Otherwise just continue,
and I'll forget about whatever was undefined.


LaTeX Warning: Reference `lem:eigenvalue_separation' on page 1 undefined on input line 81.

./content/k_partitioning.tex:82: Undefined control sequence.
<argument> \Norm 
                 {Z v_i}
l.82 ...k]}\max_{i \in [r]} \frac{1}{\Norm{Z v_i}}
                                                   \Abs{(v_i)_a- (v_i)_b} \g...
The control sequence at the end of the top line
of your error message was never \def'ed. If you have
misspelled it (e.g., `\hobx'), type `I' and the correct
spelling (e.g., `I\hbox'). Otherwise just continue,
and I'll forget about whatever was undefined.

./content/k_partitioning.tex:82: Undefined control sequence.
l.82 ...ax_{i \in [r]} \frac{1}{\Norm{Z v_i}} \Abs
                                                  {(v_i)_a- (v_i)_b} \geq \O...
The control sequence at the end of the top line
of your error message was never \def'ed. If you have
misspelled it (e.g., `\hobx'), type `I' and the correct
spelling (e.g., `I\hbox'). Otherwise just continue,
and I'll forget about whatever was undefined.

./content/k_partitioning.tex:83: Undefined control sequence.
<recently read> \Norm 
                      
l.83 ...^n$ in the recovered list such that $\Norm
                                                  {\hat{u} - \frac{Z v_i}{\N...
The control sequence at the end of the top line
of your error message was never \def'ed. If you have
misspelled it (e.g., `\hobx'), type `I' and the correct
spelling (e.g., `I\hbox'). Otherwise just continue,
and I'll forget about whatever was undefined.

./content/k_partitioning.tex:83: Undefined control sequence.
<argument> \Norm 
                 {Zv_i}
l.83 ...$\Norm{\hat{u} - \frac{Z v_i}{\Norm{Zv_i}}
                                                  }^2 \leq O(\delta k / \lam...
The control sequence at the end of the top line
of your error message was never \def'ed. If you have
misspelled it (e.g., `\hobx'), type `I' and the correct
spelling (e.g., `I\hbox'). Otherwise just continue,
and I'll forget about whatever was undefined.


LaTeX Warning: Reference `lem:cluster-eigen' on page 1 undefined on input line 85.


LaTeX Warning: Reference `thm:partition_recovery_theorem2' on page 1 undefined on input line 88.


LaTeX Warning: Reference `lem:eigenvalue_separation' on page 1 undefined on input line 88.


LaTeX Warning: Reference `lem:cluster-eigen' on page 1 undefined on input line 88.


LaTeX Warning: Reference `thm:partition_recovery_theorem2' on page 1 undefined on input line 92.

./content/k_partitioning.tex:101: Undefined control sequence.
l.101     \[\sum_{i=1}^{k} \Norm
                                {P u_i}^2 \leq \frac{1}{\eta^2} \sum_{i=1}^{...
The control sequence at the end of the top line
of your error message was never \def'ed. If you have
misspelled it (e.g., `\hobx'), type `I' and the correct
spelling (e.g., `I\hbox'). Otherwise just continue,
and I'll forget about whatever was undefined.

./content/k_partitioning.tex:101: Undefined control sequence.
l.101 ...leq \frac{1}{\eta^2} \sum_{i=1}^{k} \Norm
                                                  {(X-Y)u_i}^2\,.\]
The control sequence at the end of the top line
of your error message was never \def'ed. If you have
misspelled it (e.g., `\hobx'), type `I' and the correct
spelling (e.g., `I\hbox'). Otherwise just continue,
and I'll forget about whatever was undefined.



[13]
./content/k_partitioning.tex:107: Undefined control sequence.
l.107 \Norm
           {(X-Y)v_i}^2 = \Norm{\lambda_i v_i - Y v_i}^2 = \Norm{(\lambda_i ...
The control sequence at the end of the top line
of your error message was never \def'ed. If you have
misspelled it (e.g., `\hobx'), type `I' and the correct
spelling (e.g., `I\hbox'). Otherwise just continue,
and I'll forget about whatever was undefined.

./content/k_partitioning.tex:107: Undefined control sequence.
l.107 \Norm{(X-Y)v_i}^2 = \Norm
                               {\lambda_i v_i - Y v_i}^2 = \Norm{(\lambda_i ...
The control sequence at the end of the top line
of your error message was never \def'ed. If you have
misspelled it (e.g., `\hobx'), type `I' and the correct
spelling (e.g., `I\hbox'). Otherwise just continue,
and I'll forget about whatever was undefined.

./content/k_partitioning.tex:107: Undefined control sequence.
l.107 ... = \Norm{\lambda_i v_i - Y v_i}^2 = \Norm
                                                  {(\lambda_i I_n - Y) v_i}^...
The control sequence at the end of the top line
of your error message was never \def'ed. If you have
misspelled it (e.g., `\hobx'), type `I' and the correct
spelling (e.g., `I\hbox'). Otherwise just continue,
and I'll forget about whatever was undefined.

./content/k_partitioning.tex:107: Undefined control sequence.
l.107 ...orm{(\lambda_i I_n - Y) v_i}^2 \geq \Norm
                                                  {P(\lambda_i I_n - Y) v_i}...
The control sequence at the end of the top line
of your error message was never \def'ed. If you have
misspelled it (e.g., `\hobx'), type `I' and the correct
spelling (e.g., `I\hbox'). Otherwise just continue,
and I'll forget about whatever was undefined.


LaTeX Warning: Reference `lemma:lin-alg-subspace-eq1' on page 1 undefined on input line 110.

./content/k_partitioning.tex:113: Undefined control sequence.
l.113 \Norm
           {(X-Y)v_i}^2 \geq \sum_{j=1}^{m} (\lambda_i - \lambda_j')^2 \lang...
The control sequence at the end of the top line
of your error message was never \def'ed. If you have
misspelled it (e.g., `\hobx'), type `I' and the correct
spelling (e.g., `I\hbox'). Otherwise just continue,
and I'll forget about whatever was undefined.

./content/k_partitioning.tex:113: Undefined control sequence.
l.113 ...langle v_j', v_i \rangle^2 = \eta^2 \Norm
                                                  {Pv_i}^2\,.
The control sequence at the end of the top line
of your error message was never \def'ed. If you have
misspelled it (e.g., `\hobx'), type `I' and the correct
spelling (e.g., `I\hbox'). Otherwise just continue,
and I'll forget about whatever was undefined.

./content/k_partitioning.tex:116: Undefined control sequence.
l.116 Second, we claim that $\sum_{i=1}^k \Norm
                                               {(X-Y)v_i}^2 = \sum_{i=1}^{k}...
The control sequence at the end of the top line
of your error message was never \def'ed. If you have
misspelled it (e.g., `\hobx'), type `I' and the correct
spelling (e.g., `I\hbox'). Otherwise just continue,
and I'll forget about whatever was undefined.

./content/k_partitioning.tex:116: Undefined control sequence.
l.116 ... \Norm{(X-Y)v_i}^2 = \sum_{i=1}^{k} \Norm
                                                  {(X-Y)u_i}^2$ and $\sum_{i...
The control sequence at the end of the top line
of your error message was never \def'ed. If you have
misspelled it (e.g., `\hobx'), type `I' and the correct
spelling (e.g., `I\hbox'). Otherwise just continue,
and I'll forget about whatever was undefined.

./content/k_partitioning.tex:116: Undefined control sequence.
l.116 ...Norm{(X-Y)u_i}^2$ and $\sum_{i=1}^k \Norm
                                                  {P v_i}^2 = \sum_{i=1}^{k}...
The control sequence at the end of the top line
of your error message was never \def'ed. If you have
misspelled it (e.g., `\hobx'), type `I' and the correct
spelling (e.g., `I\hbox'). Otherwise just continue,
and I'll forget about whatever was undefined.

./content/k_partitioning.tex:116: Undefined control sequence.
l.116 ...}^k \Norm{P v_i}^2 = \sum_{i=1}^{k} \Norm
                                                  {P u_i}^2$.
The control sequence at the end of the top line
of your error message was never \def'ed. If you have
misspelled it (e.g., `\hobx'), type `I' and the correct
spelling (e.g., `I\hbox'). Otherwise just continue,
and I'll forget about whatever was undefined.

./content/k_partitioning.tex:118: Undefined control sequence.
l.118 \[\sum_{i} \Norm
                      {Mx_i}^2 = \sum_{i} \Tr(M^\top M x_i x_i^\top) = \Tr\P...
The control sequence at the end of the top line
of your error message was never \def'ed. If you have
misspelled it (e.g., `\hobx'), type `I' and the correct
spelling (e.g., `I\hbox'). Otherwise just continue,
and I'll forget about whatever was undefined.

./content/k_partitioning.tex:118: Undefined control sequence.
l.118 \[\sum_{i} \Norm{Mx_i}^2 = \sum_{i} \Tr
                                             (M^\top M x_i x_i^\top) = \Tr\P...
The control sequence at the end of the top line
of your error message was never \def'ed. If you have
misspelled it (e.g., `\hobx'), type `I' and the correct
spelling (e.g., `I\hbox'). Otherwise just continue,
and I'll forget about whatever was undefined.

./content/k_partitioning.tex:118: Undefined control sequence.
l.118 ...\sum_{i} \Tr(M^\top M x_i x_i^\top) = \Tr
                                                  \Paren{M^\top M \sum_{i} x...
The control sequence at the end of the top line
of your error message was never \def'ed. If you have
misspelled it (e.g., `\hobx'), type `I' and the correct
spelling (e.g., `I\hbox'). Otherwise just continue,
and I'll forget about whatever was undefined.

./content/k_partitioning.tex:118: Undefined control sequence.
l.118 ...ren{M^\top M \sum_{i} x_i x_i^\top} = \Tr
                                                  \Paren{M^\top M \sum_{i} y...
The control sequence at the end of the top line
of your error message was never \def'ed. If you have
misspelled it (e.g., `\hobx'), type `I' and the correct
spelling (e.g., `I\hbox'). Otherwise just continue,
and I'll forget about whatever was undefined.

./content/k_partitioning.tex:119: Undefined control sequence.
<recently read> \Tr 
                    
l.119 ... of transformations we get back that $\Tr
                                                  \Paren{M^\top M \sum_{i} y...
The control sequence at the end of the top line
of your error message was never \def'ed. If you have
misspelled it (e.g., `\hobx'), type `I' and the correct
spelling (e.g., `I\hbox'). Otherwise just continue,
and I'll forget about whatever was undefined.

./content/k_partitioning.tex:119: Undefined control sequence.
l.119 ...M \sum_{i} y_i y_i^\top} = \sum_{i} \Norm
                                                  {My_i}^2$.
The control sequence at the end of the top line
of your error message was never \def'ed. If you have
misspelled it (e.g., `\hobx'), type `I' and the correct
spelling (e.g., `I\hbox'). Otherwise just continue,
and I'll forget about whatever was undefined.


LaTeX Warning: Reference `lemma:lin-alg-subspace-eq2' on page 1 undefined on input line 120.


Overfull \hbox (12.32416pt too wide) in paragraph at lines 118--121
\OT1/pplx/m/n/10.95 (-20) and by the same se-quence of trans-for-ma-tions we get back that $\OT1/zplm/m/n/10.95 (\OML/zplm/m/it/10.95 M[]M [][] y[]y[]\OT1/zplm/m/n/10.95 ) =
 []


Package natbib Warning: Citation `MR3967104-Wainwright19' on page 14 undefined on input line 131.


LaTeX Warning: Reference `thm:partition_recovery_theorem2' on page 1 undefined on input line 135.


LaTeX Warning: Reference `thm:partition_recovery_theorem2' on page 1 undefined on input line 137.

./content/k_partitioning.tex:138: Undefined control sequence.
<recently read> \Norm 
                      
l.138     We have $\Norm
                        {A \frac{Z_a}{\Norm{Z_a}} - W \frac{Z_a}{\Norm{Z_a}}...
The control sequence at the end of the top line
of your error message was never \def'ed. If you have
misspelled it (e.g., `\hobx'), type `I' and the correct
spelling (e.g., `I\hbox'). Otherwise just continue,
and I'll forget about whatever was undefined.

./content/k_partitioning.tex:138: Undefined control sequence.
<argument> \Norm 
                 {Z_a}
l.138     We have $\Norm{A \frac{Z_a}{\Norm{Z_a}}
                                                  - W \frac{Z_a}{\Norm{Z_a}}...
The control sequence at the end of the top line
of your error message was never \def'ed. If you have
misspelled it (e.g., `\hobx'), type `I' and the correct
spelling (e.g., `I\hbox'). Otherwise just continue,
and I'll forget about whatever was undefined.

./content/k_partitioning.tex:138: Undefined control sequence.
<argument> \Norm 
                 {Z_a}
l.138 ...a}{\Norm{Z_a}} - W \frac{Z_a}{\Norm{Z_a}}
                                                  }^2 \leq \delta$ for all $...
The control sequence at the end of the top line
of your error message was never \def'ed. If you have
misspelled it (e.g., `\hobx'), type `I' and the correct
spelling (e.g., `I\hbox'). Otherwise just continue,
and I'll forget about whatever was undefined.

./content/k_partitioning.tex:138: Undefined control sequence.
l.138 ...r all $a \in [k]$, so $\sum_{a=1}^k \Norm
                                                  {\Paren{A - W}\frac{Z_a}{\...
The control sequence at the end of the top line
of your error message was never \def'ed. If you have
misspelled it (e.g., `\hobx'), type `I' and the correct
spelling (e.g., `I\hbox'). Otherwise just continue,
and I'll forget about whatever was undefined.

./content/k_partitioning.tex:138: Undefined control sequence.
<argument> \Norm 
                 {Z_a}
l.138 ...\Norm{\Paren{A - W}\frac{Z_a}{\Norm{Z_a}}
                                                  }^2 \leq \delta k$.
The control sequence at the end of the top line
of your error message was never \def'ed. If you have
misspelled it (e.g., `\hobx'), type `I' and the correct
spelling (e.g., `I\hbox'). Otherwise just continue,
and I'll forget about whatever was undefined.

./content/k_partitioning.tex:139: Undefined control sequence.
<argument> \Norm 
                 {Z_a}
l.139     Because $\frac{Z_a}{\Norm{Z_a}}
                                         $ are orthonormal, for any orthonor...
The control sequence at the end of the top line
of your error message was never \def'ed. If you have
misspelled it (e.g., `\hobx'), type `I' and the correct
spelling (e.g., `I\hbox'). Otherwise just continue,
and I'll forget about whatever was undefined.

./content/k_partitioning.tex:139: Undefined control sequence.
l.139 ...subspace we also have $\sum_{i=1}^k \Norm
                                                  {\Paren{A -W}u_i}^2
The control sequence at the end of the top line
of your error message was never \def'ed. If you have
misspelled it (e.g., `\hobx'), type `I' and the correct
spelling (e.g., `I\hbox'). Otherwise just continue,
and I'll forget about whatever was undefined.


LaTeX Warning: Reference `lemma:lin-alg-subspace' on page 1 undefined on input line 143.

./content/k_partitioning.tex:143: Undefined control sequence.
l.143 ...r any $\eta >0$, that $\sum_{i=1}^r \Norm
                                                  {P u_i}^2 \leq \delta k / ...
The control sequence at the end of the top line
of your error message was never \def'ed. If you have
misspelled it (e.g., `\hobx'), type `I' and the correct
spelling (e.g., `I\hbox'). Otherwise just continue,
and I'll forget about whatever was undefined.

./content/k_partitioning.tex:144: Undefined control sequence.
<recently read> \Norm 
                      
l.144     Hence, $\Norm
                       {P u_i}^2 \leq \delta k / \eta^2$ for all $i \in [r]$...
The control sequence at the end of the top line
of your error message was never \def'ed. If you have
misspelled it (e.g., `\hobx'), type `I' and the correct
spelling (e.g., `I\hbox'). Otherwise just continue,
and I'll forget about whatever was undefined.


Overfull \hbox (28.25484pt too wide) in paragraph at lines 138--145
[]\OT1/pplx/m/n/10.95 (-20) We have $[][] \OMS/zplm/m/n/10.95 ^^T \OML/zplm/m/it/10.95 ^^N$ \OT1/pplx/m/n/10.95 (-20) for all $\OML/zplm/m/it/10.95 a \OMS/zplm/m/n/10.95 2 \OT1/zplm/m/n/10.95 [\OML/zplm/m/it/10.95 k\OT1/zplm/m/n/10.95 ]$\OT1/pplx/m/n/10.95 (-20) , so $[][] [][] \OMS/zplm/m/n/10.95 ^^T
 []


LaTeX Warning: Reference `lemma:subspace_enumeration' on page 1 undefined on input line 146.


LaTeX Warning: Reference `lemma:subspace_enumeration' on page 1 undefined on input line 147.



[14]

LaTeX Warning: Reference `lem:eigenvalue_separation' on page 1 undefined on input line 153.

./content/k_partitioning.tex:159: Undefined control sequence.
<recently read> \Norm 
                      
l.159 ... symmetric $k\times k$ matrix with $\Norm
                                                  {M}\leq \zeta$ such that f...
The control sequence at the end of the top line
of your error message was never \def'ed. If you have
misspelled it (e.g., `\hobx'), type `I' and the correct
spelling (e.g., `I\hbox'). Otherwise just continue,
and I'll forget about whatever was undefined.

./content/k_partitioning.tex:159: Undefined control sequence.
<recently read> \Norm 
                      
l.159 ...umns $M_x$ and $M_y$ it holds that $\Norm
                                                  {D_xM_x-D_yM_y}^2 \geq \al...
The control sequence at the end of the top line
of your error message was never \def'ed. If you have
misspelled it (e.g., `\hobx'), type `I' and the correct
spelling (e.g., `I\hbox'). Otherwise just continue,
and I'll forget about whatever was undefined.

./content/k_partitioning.tex:160: Undefined control sequence.
l.160 ...rmal eigenvectors of $M$ and let $S:=\Set
                                                  {v_r \; \mid\; M v_r = \ta...
The control sequence at the end of the top line
of your error message was never \def'ed. If you have
misspelled it (e.g., `\hobx'), type `I' and the correct
spelling (e.g., `I\hbox'). Otherwise just continue,
and I'll forget about whatever was undefined.

./content/k_partitioning.tex:162: Undefined control sequence.
l.162 ...\min_{x\neq y\in[k]}\max_{v_r \in S} \Abs
                                                  {D_x (v_r)_x-D_y (v_r)_y}\...
The control sequence at the end of the top line
of your error message was never \def'ed. If you have
misspelled it (e.g., `\hobx'), type `I' and the correct
spelling (e.g., `I\hbox'). Otherwise just continue,
and I'll forget about whatever was undefined.

./content/k_partitioning.tex:170: Undefined control sequence.
<recently read> \Norm 
                      
l.170     Using that $\Norm
                           {M}\leq \zeta$ and $\Abs{\lambda_r}\leq \lambda$,...
The control sequence at the end of the top line
of your error message was never \def'ed. If you have
misspelled it (e.g., `\hobx'), type `I' and the correct
spelling (e.g., `I\hbox'). Otherwise just continue,
and I'll forget about whatever was undefined.

./content/k_partitioning.tex:170: Undefined control sequence.
<recently read> \Abs 
                     
l.170 ...Using that $\Norm{M}\leq \zeta$ and $\Abs
                                                  {\lambda_r}\leq \lambda$, ...
The control sequence at the end of the top line
of your error message was never \def'ed. If you have
misspelled it (e.g., `\hobx'), type `I' and the correct
spelling (e.g., `I\hbox'). Otherwise just continue,
and I'll forget about whatever was undefined.

./content/k_partitioning.tex:179: Undefined control sequence.
<argument> ...nding_split_1} \begin {split} \Norm 
                                                  {D_x M_x- D_y M_y}^2 &=\su...
l.179     \end{align}
                     
The control sequence at the end of the top line
of your error message was never \def'ed. If you have
misspelled it (e.g., `\hobx'), type `I' and the correct
spelling (e.g., `I\hbox'). Otherwise just continue,
and I'll forget about whatever was undefined.

./content/k_partitioning.tex:179: Undefined control sequence.
<argument> ...nding_split_1} \begin {split} \Norm 
                                                  {D_x M_x- D_y M_y}^2 &=\su...
l.179     \end{align}
                     
The control sequence at the end of the top line
of your error message was never \def'ed. If you have
misspelled it (e.g., `\hobx'), type `I' and the correct
spelling (e.g., `I\hbox'). Otherwise just continue,
and I'll forget about whatever was undefined.

./content/k_partitioning.tex:180: Undefined control sequence.
<recently read> \set 
                     
l.180 ... \R^{k \times k}$ whose columns are $\set
                                                  {v_{r}}_{r \in [k]}$ are a...
The control sequence at the end of the top line
of your error message was never \def'ed. If you have
misspelled it (e.g., `\hobx'), type `I' and the correct
spelling (e.g., `I\hbox'). Otherwise just continue,
and I'll forget about whatever was undefined.


Overfull \hbox (7.44814pt too wide) detected at line 188
[]
 []


LaTeX Warning: Reference `eq:rounding_split_1' on page 1 undefined on input line 189.

./content/k_partitioning.tex:191: Undefined control sequence.
l.191         \Norm
                   {D_x M_x- D_y M_y}^2
The control sequence at the end of the top line
of your error message was never \def'ed. If you have
misspelled it (e.g., `\hobx'), type `I' and the correct
spelling (e.g., `I\hbox'). Otherwise just continue,
and I'll forget about whatever was undefined.



[15]
./content/k_partitioning.tex:194: Undefined control sequence.
<recently read> \Norm 
                      
l.194     Since $\Norm
                      {D_xM_x-D_yM_y}^2\geq \alpha^2$, it follows that
The control sequence at the end of the top line
of your error message was never \def'ed. If you have
misspelled it (e.g., `\hobx'), type `I' and the correct
spelling (e.g., `I\hbox'). Otherwise just continue,
and I'll forget about whatever was undefined.


LaTeX Warning: Reference `lem:eigenvalue_separation' on page 1 undefined on input line 205.


LaTeX Warning: Reference `lem:eigenvalue_separation' on page 1 undefined on input line 207.

./content/k_partitioning.tex:209: Undefined control sequence.
<recently read> \Norm 
                      
l.209 ...symmetric and continues to satisfy $\Norm
                                                  {\widetilde{M}}\leq \zeta$.
The control sequence at the end of the top line
of your error message was never \def'ed. If you have
misspelled it (e.g., `\hobx'), type `I' and the correct
spelling (e.g., `I\hbox'). Otherwise just continue,
and I'll forget about whatever was undefined.


LaTeX Warning: Reference `lem: eigenvectorsdistinguish' on page 1 undefined on input line 210.

./content/k_partitioning.tex:212: Undefined control sequence.
<recently read> \Norm 
                      
l.212 ...assume any two rows of $M$ satisfy $\Norm
                                                  {M^{(a)} - M^{(b)}} \geq \...
The control sequence at the end of the top line
of your error message was never \def'ed. If you have
misspelled it (e.g., `\hobx'), type `I' and the correct
spelling (e.g., `I\hbox'). Otherwise just continue,
and I'll forget about whatever was undefined.

./content/k_partitioning.tex:212: Undefined control sequence.
<recently read> \Norm 
                      
l.212 ...n} B^{-1/2} \widetilde{M}$ satisfy $\Norm
                                                  {\sqrt{n}B^{-1/2} \Paren{M...
The control sequence at the end of the top line
of your error message was never \def'ed. If you have
misspelled it (e.g., `\hobx'), type `I' and the correct
spelling (e.g., `I\hbox'). Otherwise just continue,
and I'll forget about whatever was undefined.

./content/k_partitioning.tex:213: Undefined control sequence.
<recently read> \Norm 
                      
l.213 ...n} \widetilde{M} B^{-1/2}$ satisfy $\Norm
                                                  {\sqrt{n}B^{-1/2}(a) \wide...
The control sequence at the end of the top line
of your error message was never \def'ed. If you have
misspelled it (e.g., `\hobx'), type `I' and the correct
spelling (e.g., `I\hbox'). Otherwise just continue,
and I'll forget about whatever was undefined.


LaTeX Warning: Reference `lem: eigenvectorsdistinguish' on page 1 undefined on input line 214.

./content/k_partitioning.tex:215: Undefined control sequence.
<argument> \Norm 
                 {B^{1/2}v}
l.215 ...}\max_{v \in S} \frac{1}{\Norm{B^{1/2}v}}
                                                   \sqrt{n} \Abs{v_a- v_b} \...
The control sequence at the end of the top line
of your error message was never \def'ed. If you have
misspelled it (e.g., `\hobx'), type `I' and the correct
spelling (e.g., `I\hbox'). Otherwise just continue,
and I'll forget about whatever was undefined.

./content/k_partitioning.tex:215: Undefined control sequence.
l.215 ...} \frac{1}{\Norm{B^{1/2}v}} \sqrt{n} \Abs
                                                  {v_a- v_b} \geq \Omega\Par...
The control sequence at the end of the top line
of your error message was never \def'ed. If you have
misspelled it (e.g., `\hobx'), type `I' and the correct
spelling (e.g., `I\hbox'). Otherwise just continue,
and I'll forget about whatever was undefined.

./content/k_partitioning.tex:217: Undefined control sequence.
<argument> \Norm 
                 {v}
l.217 ...in [k]$, there exists $\frac{v}{\Norm{v}}
                                                   \in S$ with $\Norm{B^{1/2...
The control sequence at the end of the top line
of your error message was never \def'ed. If you have
misspelled it (e.g., `\hobx'), type `I' and the correct
spelling (e.g., `I\hbox'). Otherwise just continue,
and I'll forget about whatever was undefined.

./content/k_partitioning.tex:217: Undefined control sequence.
<recently read> \Norm 
                      
l.217 ...ts $\frac{v}{\Norm{v}} \in S$ with $\Norm
                                                  {B^{1/2}v}=1$ such that $\...
The control sequence at the end of the top line
of your error message was never \def'ed. If you have
misspelled it (e.g., `\hobx'), type `I' and the correct
spelling (e.g., `I\hbox'). Otherwise just continue,
and I'll forget about whatever was undefined.

./content/k_partitioning.tex:217: Undefined control sequence.
l.217 ...Norm{B^{1/2}v}=1$ such that $\sqrt{n}\Abs
                                                  {v_a - v_b} \geq \Omega\Pa...
The control sequence at the end of the top line
of your error message was never \def'ed. If you have
misspelled it (e.g., `\hobx'), type `I' and the correct
spelling (e.g., `I\hbox'). Otherwise just continue,
and I'll forget about whatever was undefined.

./content/k_partitioning.tex:217: Undefined control sequence.
<recently read> \Abs 
                     
l.217 ...{\frac{\alpha}{\zeta\sqrt{k}}}$, so $\Abs
                                                  {v_a - v_b} \geq \Omega\Pa...
The control sequence at the end of the top line
of your error message was never \def'ed. If you have
misspelled it (e.g., `\hobx'), type `I' and the correct
spelling (e.g., `I\hbox'). Otherwise just continue,
and I'll forget about whatever was undefined.

./content/k_partitioning.tex:218: Undefined control sequence.
<recently read> \Norm 
                      
l.218 We note that $\Norm
                         {B^{1/2}v} = 1$ implies that $\frac{1}{\sqrt{n}} \l...
The control sequence at the end of the top line
of your error message was never \def'ed. If you have
misspelled it (e.g., `\hobx'), type `I' and the correct
spelling (e.g., `I\hbox'). Otherwise just continue,
and I'll forget about whatever was undefined.

./content/k_partitioning.tex:218: Undefined control sequence.
l.218 ...plies that $\frac{1}{\sqrt{n}} \leq \Norm
                                                  {v} \leq \frac{1}{\sqrt{cn...
The control sequence at the end of the top line
of your error message was never \def'ed. If you have
misspelled it (e.g., `\hobx'), type `I' and the correct
spelling (e.g., `I\hbox'). Otherwise just continue,
and I'll forget about whatever was undefined.

./content/k_partitioning.tex:220: Undefined control sequence.
<recently read> \Abs 
                     
l.220 ...that $\norm{Zv'} = 1$, we have that $\Abs
                                                  {v'_a - v'_b} \geq \Omega\...
The control sequence at the end of the top line
of your error message was never \def'ed. If you have
misspelled it (e.g., `\hobx'), type `I' and the correct
spelling (e.g., `I\hbox'). Otherwise just continue,
and I'll forget about whatever was undefined.


LaTeX Warning: Reference `lem:cluster-eigen' on page 1 undefined on input line 225.


Package natbib Warning: Citation `MR3536556-David16' on page 16 undefined on input line 228.

./content/k_partitioning.tex:231: Undefined control sequence.
<recently read> \set 
                     
l.231     For $\ell \leq k$, let $\set
                                      {v_{i}}_{i \in [\ell]}$ be $k$-dimensi...
The control sequence at the end of the top line
of your error message was never \def'ed. If you have
misspelled it (e.g., `\hobx'), type `I' and the correct
spelling (e.g., `I\hbox'). Otherwise just continue,
and I'll forget about whatever was undefined.


Overfull \hbox (87.40637pt too wide) in paragraph at lines 229--232
[]
 []

./content/k_partitioning.tex:232: Undefined control sequence.
l.232 ...in_{a\neq b\in[k]}\max_{i\in [\ell]} \Abs
                                                  {(v_i)_a-(v_i)_b}\geq \fra...
The control sequence at the end of the top line
of your error message was never \def'ed. If you have
misspelled it (e.g., `\hobx'), type `I' and the correct
spelling (e.g., `I\hbox'). Otherwise just continue,
and I'll forget about whatever was undefined.



[16]
./content/k_partitioning.tex:233: Undefined control sequence.
<recently read> \set 
                     
l.233     Also let $\set
                        {\hat{u}_{i}}_{i \in [\ell]}$ be $n$-dimensional uni...
The control sequence at the end of the top line
of your error message was never \def'ed. If you have
misspelled it (e.g., `\hobx'), type `I' and the correct
spelling (e.g., `I\hbox'). Otherwise just continue,
and I'll forget about whatever was undefined.

./content/k_partitioning.tex:233: Double subscript.
l.233     Also let $\set{\hat{u}_{i}}_
                                      {i \in [\ell]}$ be $n$-dimensional uni...
I treat `x_1_2' essentially like `x_1{}_2'.

./content/k_partitioning.tex:233: Undefined control sequence.
l.233 ...ctors that satisfy $\sum_{j=1}^\ell \Norm
                                                  {\hat{u}_j-Zv_j}^2\leq \de...
The control sequence at the end of the top line
of your error message was never \def'ed. If you have
misspelled it (e.g., `\hobx'), type `I' and the correct
spelling (e.g., `I\hbox'). Otherwise just continue,
and I'll forget about whatever was undefined.


LaTeX Warning: Reference `alg: spectralclustering' on page 1 undefined on input line 234.

./content/k_partitioning.tex:234: Undefined control sequence.
l.234 ... the colour classes that $\mathbb{E}_{\bm
                                                  {x} \sim \operatorname{Uni...
The control sequence at the end of the top line
of your error message was never \def'ed. If you have
misspelled it (e.g., `\hobx'), type `I' and the correct
spelling (e.g., `I\hbox'). Otherwise just continue,
and I'll forget about whatever was undefined.

./content/k_partitioning.tex:234: Undefined control sequence.
l.234 ...{\bm{x} \sim \operatorname{Unif}([n])} \1
                                                  [\hat\chi(x) \neq \chi(x)]...
The control sequence at the end of the top line
of your error message was never \def'ed. If you have
misspelled it (e.g., `\hobx'), type `I' and the correct
spelling (e.g., `I\hbox'). Otherwise just continue,
and I'll forget about whatever was undefined.


Package natbib Warning: Citation `MR3536556-David16' on page 17 undefined on input line 238.

./content/k_partitioning.tex:240: Undefined control sequence.
l.240     \DontPrintSemicolon
                             
The control sequence at the end of the top line
of your error message was never \def'ed. If you have
misspelled it (e.g., `\hobx'), type `I' and the correct
spelling (e.g., `I\hbox'). Otherwise just continue,
and I'll forget about whatever was undefined.

./content/k_partitioning.tex:245: Undefined control sequence.
l.245     a = \argmax
                     _{a \in [k]} \sum_{j=1}^\ell \Paren{(\hat{u}_j)_x-(v^*_...
The control sequence at the end of the top line
of your error message was never \def'ed. If you have
misspelled it (e.g., `\hobx'), type `I' and the correct
spelling (e.g., `I\hbox'). Otherwise just continue,
and I'll forget about whatever was undefined.

./content/k_partitioning.tex:255: Undefined control sequence.
l.255     $$\mathrm{Good}:=\Set
                               {x\in [n]\;\mid\; \Paren{(\hat{u}_j)_x-(u_j)_...
The control sequence at the end of the top line
of your error message was never \def'ed. If you have
misspelled it (e.g., `\hobx'), type `I' and the correct
spelling (e.g., `I\hbox'). Otherwise just continue,
and I'll forget about whatever was undefined.

./content/k_partitioning.tex:256: Undefined control sequence.
<recently read> \Norm 
                      
l.256     Note that, because $\Norm
                                   {\hat{u}_j-Zv_j}^2\leq \delta$ for all $j...
The control sequence at the end of the top line
of your error message was never \def'ed. If you have
misspelled it (e.g., `\hobx'), type `I' and the correct
spelling (e.g., `I\hbox'). Otherwise just continue,
and I'll forget about whatever was undefined.



[17]
./content/k_partitioning.tex:272: Undefined control sequence.
<recently read> \Abs 
                     
l.272 ...k]$, there exists $i\in[\ell]$ with $\Abs
                                                  {(u_i)_x-(v_i)_b}=\Abs{(v_...
The control sequence at the end of the top line
of your error message was never \def'ed. If you have
misspelled it (e.g., `\hobx'), type `I' and the correct
spelling (e.g., `I\hbox'). Otherwise just continue,
and I'll forget about whatever was undefined.

./content/k_partitioning.tex:272: Undefined control sequence.
l.272 ...n[\ell]$ with $\Abs{(u_i)_x-(v_i)_b}=\Abs
                                                  {(v_i)_a-(v_i)_b}\geq \fra...
The control sequence at the end of the top line
of your error message was never \def'ed. If you have
misspelled it (e.g., `\hobx'), type `I' and the correct
spelling (e.g., `I\hbox'). Otherwise just continue,
and I'll forget about whatever was undefined.


LaTeX Warning: Reference `lem:cluster-eigen' on page 1 undefined on input line 285.


LaTeX Warning: Reference `lem:cluster-eigen' on page 1 undefined on input line 287.

./content/k_partitioning.tex:290: Undefined control sequence.
<recently read> \Norm 
                      
l.290 ..., let $v'_i \propto v_i$ such that $\Norm
                                                  {Z v'_i} = 1$.
The control sequence at the end of the top line
of your error message was never \def'ed. If you have
misspelled it (e.g., `\hobx'), type `I' and the correct
spelling (e.g., `I\hbox'). Otherwise just continue,
and I'll forget about whatever was undefined.

./content/k_partitioning.tex:292: Undefined control sequence.
l.292 ...\min_{a\neq b\in[k]}\max_{i \in [r]} \Abs
                                                  {(v'_i)_a- (v'_i)_b} \geq ...
The control sequence at the end of the top line
of your error message was never \def'ed. If you have
misspelled it (e.g., `\hobx'), type `I' and the correct
spelling (e.g., `I\hbox'). Otherwise just continue,
and I'll forget about whatever was undefined.

./content/k_partitioning.tex:293: Undefined control sequence.
<recently read> \Norm 
                      
l.293     We also have that $\Norm
                                  {\hat{u}_i - Z v'_i}^2 \leq \delta$ for al...
The control sequence at the end of the top line
of your error message was never \def'ed. If you have
misspelled it (e.g., `\hobx'), type `I' and the correct
spelling (e.g., `I\hbox'). Otherwise just continue,
and I'll forget about whatever was undefined.


LaTeX Warning: Reference `lem:clusteringalmosteigenvectors' on page 1 undefined on input line 294.

)

[18] (./content/variance.tex

LaTeX Warning: Reference `thm:kalg-partial' on page 1 undefined on input line 4.

./content/variance.tex:12: Undefined control sequence.
<recently read> \D 
                   
l.12 For $x \in [n]$ and $a \in [k]$, let $\D
                                             {x}{a} = \sum_{y \in \chi^{-1}(...
The control sequence at the end of the top line
of your error message was never \def'ed. If you have
misspelled it (e.g., `\hobx'), type `I' and the correct
spelling (e.g., `I\hbox'). Otherwise just continue,
and I'll forget about whatever was undefined.

./content/variance.tex:13: Undefined control sequence.
<recently read> \bm 
                    
l.13 Then, for any $a, b \in [k]$ and $\bm
                                          {x}$ uniformly random in $\chi^{-1...
The control sequence at the end of the top line
of your error message was never \def'ed. If you have
misspelled it (e.g., `\hobx'), type `I' and the correct
spelling (e.g., `I\hbox'). Otherwise just continue,
and I'll forget about whatever was undefined.

./content/variance.tex:14: Missing { inserted.
<to be read again> 
                   \mathclose 
l.14 \[\E_
          {\bm{x} \sim \chi^{-1}(a)} \Paren{\D{\bm{x}}{b} - \E_{\bm{x} \sim ...
A left brace was mandatory here, so I've put one in.
You might want to delete and/or insert some corrections
so that I will find a matching right brace soon.
(If you're confused by all this, try typing `I}' now.)

./content/variance.tex:14: Undefined control sequence.
l.14 \[\E_{\bm
              {x} \sim \chi^{-1}(a)} \Paren{\D{\bm{x}}{b} - \E_{\bm{x} \sim ...
The control sequence at the end of the top line
of your error message was never \def'ed. If you have
misspelled it (e.g., `\hobx'), type `I' and the correct
spelling (e.g., `I\hbox'). Otherwise just continue,
and I'll forget about whatever was undefined.

./content/variance.tex:14: Undefined control sequence.
<argument> \D 
              {\bm {x}}{b} - \E _{\bm {x} \sim \chi ^{-1}(a)} \D {\bm {x}}{b}
l.14 ..._{\bm{x} \sim \chi^{-1}(a)} \D{\bm{x}}{b}}
                                                  ^2 \leq O\Paren{\frac{\lam...
The control sequence at the end of the top line
of your error message was never \def'ed. If you have
misspelled it (e.g., `\hobx'), type `I' and the correct
spelling (e.g., `I\hbox'). Otherwise just continue,
and I'll forget about whatever was undefined.

./content/variance.tex:14: Undefined control sequence.
<argument> \D {\bm 
                   {x}}{b} - \E _{\bm {x} \sim \chi ^{-1}(a)} \D {\bm {x}}{b}
l.14 ..._{\bm{x} \sim \chi^{-1}(a)} \D{\bm{x}}{b}}
                                                  ^2 \leq O\Paren{\frac{\lam...
The control sequence at the end of the top line
of your error message was never \def'ed. If you have
misspelled it (e.g., `\hobx'), type `I' and the correct
spelling (e.g., `I\hbox'). Otherwise just continue,
and I'll forget about whatever was undefined.

./content/variance.tex:14: Missing { inserted.
<to be read again> 
                   \mathclose 
l.14 ..._{\bm{x} \sim \chi^{-1}(a)} \D{\bm{x}}{b}}
                                                  ^2 \leq O\Paren{\frac{\lam...
A left brace was mandatory here, so I've put one in.
You might want to delete and/or insert some corrections
so that I will find a matching right brace soon.
(If you're confused by all this, try typing `I}' now.)

./content/variance.tex:14: Undefined control sequence.
<argument> \D {\bm {x}}{b} - \E _{\bm 
                                      {x} \sim \chi ^{-1}(a)} \D {\bm {x}}{b}
l.14 ..._{\bm{x} \sim \chi^{-1}(a)} \D{\bm{x}}{b}}
                                                  ^2 \leq O\Paren{\frac{\lam...
The control sequence at the end of the top line
of your error message was never \def'ed. If you have
misspelled it (e.g., `\hobx'), type `I' and the correct
spelling (e.g., `I\hbox'). Otherwise just continue,
and I'll forget about whatever was undefined.

./content/variance.tex:14: Undefined control sequence.
<argument> ...\E _{\bm {x} \sim \chi ^{-1}(a)} \D 
                                                  {\bm {x}}{b}
l.14 ..._{\bm{x} \sim \chi^{-1}(a)} \D{\bm{x}}{b}}
                                                  ^2 \leq O\Paren{\frac{\lam...
The control sequence at the end of the top line
of your error message was never \def'ed. If you have
misspelled it (e.g., `\hobx'), type `I' and the correct
spelling (e.g., `I\hbox'). Otherwise just continue,
and I'll forget about whatever was undefined.

./content/variance.tex:14: Undefined control sequence.
<argument> ...\bm {x} \sim \chi ^{-1}(a)} \D {\bm 
                                                  {x}}{b}
l.14 ..._{\bm{x} \sim \chi^{-1}(a)} \D{\bm{x}}{b}}
                                                  ^2 \leq O\Paren{\frac{\lam...
The control sequence at the end of the top line
of your error message was never \def'ed. If you have
misspelled it (e.g., `\hobx'), type `I' and the correct
spelling (e.g., `I\hbox'). Otherwise just continue,
and I'll forget about whatever was undefined.


./content/variance.tex:14: LaTeX Error: Bad math environment delimiter.

See the LaTeX manual or LaTeX Companion for explanation.
Type  H <return>  for immediate help.
 ...                                              
                                                  
l.14 ..._2}{c} + \frac{\delta}{\lambda_2 c }}\,.\]
                                                  
Your command was ignored.
Type  I <command> <return>  to replace it with another command,
or  <return>  to continue without it.

./content/variance.tex:15: Missing $ inserted.
<inserted text> 
                $
l.15 \end{lemma}
                
I've inserted a begin-math/end-math symbol since I think
you left one out. Proceed, with fingers crossed.

./content/variance.tex:15: Missing } inserted.
<inserted text> 
                }
l.15 \end{lemma}
                
I've inserted something that you may have forgotten.
(See the <inserted text> above.)
With luck, this will get me unwedged. But if you
really didn't forget anything, try typing `2' now; then
my insertion and my current dilemma will both disappear.

./content/variance.tex:15: Missing } inserted.
<inserted text> 
                }
l.15 \end{lemma}
                
I've inserted something that you may have forgotten.
(See the <inserted text> above.)
With luck, this will get me unwedged. But if you
really didn't forget anything, try typing `2' now; then
my insertion and my current dilemma will both disappear.

./content/variance.tex:15: Display math should end with $$.
<to be read again> 
                   \vskip 
l.15 \end{lemma}
                
The `$' that I just saw supposedly matches a previous `$$'.
So I shall assume that you typed `$$' both times.

./content/variance.tex:18: Missing { inserted.
<to be read again> 
                   \mathclose 
l.18     For simplicity, we denote $\sigma^2 = \E_
                                                  {\bm{x} \sim \chi^{-1}(a)}...
A left brace was mandatory here, so I've put one in.
You might want to delete and/or insert some corrections
so that I will find a matching right brace soon.
(If you're confused by all this, try typing `I}' now.)

./content/variance.tex:18: Undefined control sequence.
l.18 ... simplicity, we denote $\sigma^2 = \E_{\bm
                                                  {x} \sim \chi^{-1}(a)} \Pa...
The control sequence at the end of the top line
of your error message was never \def'ed. If you have
misspelled it (e.g., `\hobx'), type `I' and the correct
spelling (e.g., `I\hbox'). Otherwise just continue,
and I'll forget about whatever was undefined.

./content/variance.tex:18: Undefined control sequence.
<argument> \D 
              {\bm {x}}{b}-\E _{\bm {x} \sim \chi ^{-1}(a)} \D {\bm {x}}{b}
l.18 ..._{\bm{x} \sim \chi^{-1}(a)} \D{\bm{x}}{b}}
                                                  ^2$.
The control sequence at the end of the top line
of your error message was never \def'ed. If you have
misspelled it (e.g., `\hobx'), type `I' and the correct
spelling (e.g., `I\hbox'). Otherwise just continue,
and I'll forget about whatever was undefined.

./content/variance.tex:18: Undefined control sequence.
<argument> \D {\bm 
                   {x}}{b}-\E _{\bm {x} \sim \chi ^{-1}(a)} \D {\bm {x}}{b}
l.18 ..._{\bm{x} \sim \chi^{-1}(a)} \D{\bm{x}}{b}}
                                                  ^2$.
The control sequence at the end of the top line
of your error message was never \def'ed. If you have
misspelled it (e.g., `\hobx'), type `I' and the correct
spelling (e.g., `I\hbox'). Otherwise just continue,
and I'll forget about whatever was undefined.

./content/variance.tex:18: Missing { inserted.
<to be read again> 
                   \mathclose 
l.18 ..._{\bm{x} \sim \chi^{-1}(a)} \D{\bm{x}}{b}}
                                                  ^2$.
A left brace was mandatory here, so I've put one in.
You might want to delete and/or insert some corrections
so that I will find a matching right brace soon.
(If you're confused by all this, try typing `I}' now.)

./content/variance.tex:18: Undefined control sequence.
<argument> \D {\bm {x}}{b}-\E _{\bm 
                                    {x} \sim \chi ^{-1}(a)} \D {\bm {x}}{b}
l.18 ..._{\bm{x} \sim \chi^{-1}(a)} \D{\bm{x}}{b}}
                                                  ^2$.
The control sequence at the end of the top line
of your error message was never \def'ed. If you have
misspelled it (e.g., `\hobx'), type `I' and the correct
spelling (e.g., `I\hbox'). Otherwise just continue,
and I'll forget about whatever was undefined.

./content/variance.tex:18: Undefined control sequence.
<argument> ...\E _{\bm {x} \sim \chi ^{-1}(a)} \D 
                                                  {\bm {x}}{b}
l.18 ..._{\bm{x} \sim \chi^{-1}(a)} \D{\bm{x}}{b}}
                                                  ^2$.
The control sequence at the end of the top line
of your error message was never \def'ed. If you have
misspelled it (e.g., `\hobx'), type `I' and the correct
spelling (e.g., `I\hbox'). Otherwise just continue,
and I'll forget about whatever was undefined.

./content/variance.tex:18: Undefined control sequence.
<argument> ...\bm {x} \sim \chi ^{-1}(a)} \D {\bm 
                                                  {x}}{b}
l.18 ..._{\bm{x} \sim \chi^{-1}(a)} \D{\bm{x}}{b}}
                                                  ^2$.
The control sequence at the end of the top line
of your error message was never \def'ed. If you have
misspelled it (e.g., `\hobx'), type `I' and the correct
spelling (e.g., `I\hbox'). Otherwise just continue,
and I'll forget about whatever was undefined.

./content/variance.tex:18: Missing } inserted.
<inserted text> 
                }
l.18 ...bm{x} \sim \chi^{-1}(a)} \D{\bm{x}}{b}}^2$
                                                  .
I've inserted something that you may have forgotten.
(See the <inserted text> above.)
With luck, this will get me unwedged. But if you
really didn't forget anything, try typing `2' now; then
my insertion and my current dilemma will both disappear.

./content/variance.tex:18: Missing } inserted.
<inserted text> 
                }
l.18 ...bm{x} \sim \chi^{-1}(a)} \D{\bm{x}}{b}}^2$
                                                  .
I've inserted something that you may have forgotten.
(See the <inserted text> above.)
With luck, this will get me unwedged. But if you
really didn't forget anything, try typing `2' now; then
my insertion and my current dilemma will both disappear.


Overfull \hbox (23.88586pt too wide) in paragraph at lines 17--19
[]\OT1/pplx/m/n/10.95 (-20) Fix some $\OML/zplm/m/it/10.95 a\OT1/pplx/m/n/10.95 (-20) , \OML/zplm/m/it/10.95 b \OMS/zplm/m/n/10.95 2 \OT1/zplm/m/n/10.95 [\OML/zplm/m/it/10.95 k\OT1/zplm/m/n/10.95 ]$\OT1/pplx/m/n/10.95 (-20) . For sim-plic-ity, we de-note $\OML/zplm/m/it/10.95 ^^[[] \OT1/zplm/m/n/10.95 = \U/fplmbb/m/n/10.95 E\OT1/zplm/m/n/10.95 [[]$\OT1/pplx/m/n/10.95 (-20) . 
 []

./content/variance.tex:27: Missing { inserted.
<to be read again> 
                   \mathclose 
l.27     \end{align*}
                     
A left brace was mandatory here, so I've put one in.
You might want to delete and/or insert some corrections
so that I will find a matching right brace soon.
(If you're confused by all this, try typing `I}' now.)

./content/variance.tex:27: Undefined control sequence.
<argument>  \sigma ^2 \leq \E _{\bm 
                                    {x} \sim \chi ^{-1}(a)} \Paren {\D {\bm ...
l.27     \end{align*}
                     
The control sequence at the end of the top line
of your error message was never \def'ed. If you have
misspelled it (e.g., `\hobx'), type `I' and the correct
spelling (e.g., `I\hbox'). Otherwise just continue,
and I'll forget about whatever was undefined.

./content/variance.tex:27: Undefined control sequence.
<argument> \D 
              {\bm {x}}{a}
l.27     \end{align*}
                     
The control sequence at the end of the top line
of your error message was never \def'ed. If you have
misspelled it (e.g., `\hobx'), type `I' and the correct
spelling (e.g., `I\hbox'). Otherwise just continue,
and I'll forget about whatever was undefined.

./content/variance.tex:27: Undefined control sequence.
<argument> \D {\bm 
                   {x}}{a}
l.27     \end{align*}
                     
The control sequence at the end of the top line
of your error message was never \def'ed. If you have
misspelled it (e.g., `\hobx'), type `I' and the correct
spelling (e.g., `I\hbox'). Otherwise just continue,
and I'll forget about whatever was undefined.

./content/variance.tex:27: Missing { inserted.
<to be read again> 
                   \mathclose 
l.27     \end{align*}
                     
A left brace was mandatory here, so I've put one in.
You might want to delete and/or insert some corrections
so that I will find a matching right brace soon.
(If you're confused by all this, try typing `I}' now.)

./content/variance.tex:27: Undefined control sequence.
<argument> ...n {\D {\bm {x}}{a}}^2 \leq \E _{\bm 
                                                  {x} \sim \chi ^{-1}(a)} \D...
l.27     \end{align*}
                     
The control sequence at the end of the top line
of your error message was never \def'ed. If you have
misspelled it (e.g., `\hobx'), type `I' and the correct
spelling (e.g., `I\hbox'). Otherwise just continue,
and I'll forget about whatever was undefined.

./content/variance.tex:27: Undefined control sequence.
<argument> ...\E _{\bm {x} \sim \chi ^{-1}(a)} \D 
                                                  {\bm {x}}{a} \leq \frac {2...
l.27     \end{align*}
                     
The control sequence at the end of the top line
of your error message was never \def'ed. If you have
misspelled it (e.g., `\hobx'), type `I' and the correct
spelling (e.g., `I\hbox'). Otherwise just continue,
and I'll forget about whatever was undefined.

./content/variance.tex:27: Undefined control sequence.
<argument> ...\bm {x} \sim \chi ^{-1}(a)} \D {\bm 
                                                  {x}}{a} \leq \frac {2 \del...
l.27     \end{align*}
                     
The control sequence at the end of the top line
of your error message was never \def'ed. If you have
misspelled it (e.g., `\hobx'), type `I' and the correct
spelling (e.g., `I\hbox'). Otherwise just continue,
and I'll forget about whatever was undefined.

./content/variance.tex:27: Missing } inserted.
<inserted text> 
                }
l.27     \end{align*}
                     
I've put in what seems to be necessary to fix
the current column of the current alignment.
Try to go on, since this might almost work.

./content/variance.tex:27: Missing } inserted.
<inserted text> 
                }
l.27     \end{align*}
                     
I've put in what seems to be necessary to fix
the current column of the current alignment.
Try to go on, since this might almost work.

./content/variance.tex:27: Missing { inserted.
<to be read again> 
                   \mathclose 
l.27     \end{align*}
                     
A left brace was mandatory here, so I've put one in.
You might want to delete and/or insert some corrections
so that I will find a matching right brace soon.
(If you're confused by all this, try typing `I}' now.)

./content/variance.tex:27: Undefined control sequence.
<argument>  \sigma ^2 \leq \E _{\bm 
                                    {x} \sim \chi ^{-1}(a)} \Paren {\D {\bm ...
l.27     \end{align*}
                     
The control sequence at the end of the top line
of your error message was never \def'ed. If you have
misspelled it (e.g., `\hobx'), type `I' and the correct
spelling (e.g., `I\hbox'). Otherwise just continue,
and I'll forget about whatever was undefined.

./content/variance.tex:27: Undefined control sequence.
<argument> \D 
              {\bm {x}}{a}
l.27     \end{align*}
                     
The control sequence at the end of the top line
of your error message was never \def'ed. If you have
misspelled it (e.g., `\hobx'), type `I' and the correct
spelling (e.g., `I\hbox'). Otherwise just continue,
and I'll forget about whatever was undefined.

./content/variance.tex:27: Undefined control sequence.
<argument> \D {\bm 
                   {x}}{a}
l.27     \end{align*}
                     
The control sequence at the end of the top line
of your error message was never \def'ed. If you have
misspelled it (e.g., `\hobx'), type `I' and the correct
spelling (e.g., `I\hbox'). Otherwise just continue,
and I'll forget about whatever was undefined.

./content/variance.tex:27: Missing { inserted.
<to be read again> 
                   \mathclose 
l.27     \end{align*}
                     
A left brace was mandatory here, so I've put one in.
You might want to delete and/or insert some corrections
so that I will find a matching right brace soon.
(If you're confused by all this, try typing `I}' now.)

./content/variance.tex:27: Undefined control sequence.
<argument> ...n {\D {\bm {x}}{a}}^2 \leq \E _{\bm 
                                                  {x} \sim \chi ^{-1}(a)} \D...
l.27     \end{align*}
                     
The control sequence at the end of the top line
of your error message was never \def'ed. If you have
misspelled it (e.g., `\hobx'), type `I' and the correct
spelling (e.g., `I\hbox'). Otherwise just continue,
and I'll forget about whatever was undefined.

./content/variance.tex:27: Undefined control sequence.
<argument> ...\E _{\bm {x} \sim \chi ^{-1}(a)} \D 
                                                  {\bm {x}}{a} \leq \frac {2...
l.27     \end{align*}
                     
The control sequence at the end of the top line
of your error message was never \def'ed. If you have
misspelled it (e.g., `\hobx'), type `I' and the correct
spelling (e.g., `I\hbox'). Otherwise just continue,
and I'll forget about whatever was undefined.

./content/variance.tex:27: Undefined control sequence.
<argument> ...\bm {x} \sim \chi ^{-1}(a)} \D {\bm 
                                                  {x}}{a} \leq \frac {2 \del...
l.27     \end{align*}
                     
The control sequence at the end of the top line
of your error message was never \def'ed. If you have
misspelled it (e.g., `\hobx'), type `I' and the correct
spelling (e.g., `I\hbox'). Otherwise just continue,
and I'll forget about whatever was undefined.

./content/variance.tex:27: Missing } inserted.
<inserted text> 
                }
l.27     \end{align*}
                     
I've put in what seems to be necessary to fix
the current column of the current alignment.
Try to go on, since this might almost work.

./content/variance.tex:27: Missing } inserted.
<inserted text> 
                }
l.27     \end{align*}
                     
I've put in what seems to be necessary to fix
the current column of the current alignment.
Try to go on, since this might almost work.

./content/variance.tex:30: Undefined control sequence.
<recently read> \1
                  
l.30 ...lambda_1=1$ corresponds to eigenvector $\1
                                                  $.
The control sequence at the end of the top line
of your error message was never \def'ed. If you have
misspelled it (e.g., `\hobx'), type `I' and the correct
spelling (e.g., `I\hbox'). Otherwise just continue,
and I'll forget about whatever was undefined.

./content/variance.tex:34: Undefined control sequence.
<argument> \D 
              {x}{b}-\E _{\bm {x} \sim \chi ^{-1}(a)} \D {\bm {x}}{b}
l.34 ..._{\bm{x} \sim \chi^{-1}(a)} \D{\bm{x}}{b}}
                                                  $ for $x\in \chi^{-1}(a)$\,,
The control sequence at the end of the top line
of your error message was never \def'ed. If you have
misspelled it (e.g., `\hobx'), type `I' and the correct
spelling (e.g., `I\hbox'). Otherwise just continue,
and I'll forget about whatever was undefined.

./content/variance.tex:34: Missing { inserted.
<to be read again> 
                   \mathclose 
l.34 ..._{\bm{x} \sim \chi^{-1}(a)} \D{\bm{x}}{b}}
                                                  $ for $x\in \chi^{-1}(a)$\,,
A left brace was mandatory here, so I've put one in.
You might want to delete and/or insert some corrections
so that I will find a matching right brace soon.
(If you're confused by all this, try typing `I}' now.)

./content/variance.tex:34: Undefined control sequence.
<argument> \D {x}{b}-\E _{\bm 
                              {x} \sim \chi ^{-1}(a)} \D {\bm {x}}{b}
l.34 ..._{\bm{x} \sim \chi^{-1}(a)} \D{\bm{x}}{b}}
                                                  $ for $x\in \chi^{-1}(a)$\,,
The control sequence at the end of the top line
of your error message was never \def'ed. If you have
misspelled it (e.g., `\hobx'), type `I' and the correct
spelling (e.g., `I\hbox'). Otherwise just continue,
and I'll forget about whatever was undefined.

./content/variance.tex:34: Undefined control sequence.
<argument> ...\E _{\bm {x} \sim \chi ^{-1}(a)} \D 
                                                  {\bm {x}}{b}
l.34 ..._{\bm{x} \sim \chi^{-1}(a)} \D{\bm{x}}{b}}
                                                  $ for $x\in \chi^{-1}(a)$\,,
The control sequence at the end of the top line
of your error message was never \def'ed. If you have
misspelled it (e.g., `\hobx'), type `I' and the correct
spelling (e.g., `I\hbox'). Otherwise just continue,
and I'll forget about whatever was undefined.

./content/variance.tex:34: Undefined control sequence.
<argument> ...\bm {x} \sim \chi ^{-1}(a)} \D {\bm 
                                                  {x}}{b}
l.34 ..._{\bm{x} \sim \chi^{-1}(a)} \D{\bm{x}}{b}}
                                                  $ for $x\in \chi^{-1}(a)$\,,
The control sequence at the end of the top line
of your error message was never \def'ed. If you have
misspelled it (e.g., `\hobx'), type `I' and the correct
spelling (e.g., `I\hbox'). Otherwise just continue,
and I'll forget about whatever was undefined.

./content/variance.tex:34: Missing } inserted.
<inserted text> 
                }
l.34 ...{\bm{x} \sim \chi^{-1}(a)} \D{\bm{x}}{b}}$
                                                   for $x\in \chi^{-1}(a)$\,,
I've inserted something that you may have forgotten.
(See the <inserted text> above.)
With luck, this will get me unwedged. But if you
really didn't forget anything, try typing `2' now; then
my insertion and my current dilemma will both disappear.



[19

]
./content/variance.tex:49: Undefined control sequence.
<argument> \D 
              {x}{b}-\E _{\bm {x} \sim \chi ^{-1}(a)} \D {\bm {x}}{b}
l.49     \end{align}
                    
The control sequence at the end of the top line
of your error message was never \def'ed. If you have
misspelled it (e.g., `\hobx'), type `I' and the correct
spelling (e.g., `I\hbox'). Otherwise just continue,
and I'll forget about whatever was undefined.

./content/variance.tex:49: Missing { inserted.
<to be read again> 
                   \mathclose 
l.49     \end{align}
                    
A left brace was mandatory here, so I've put one in.
You might want to delete and/or insert some corrections
so that I will find a matching right brace soon.
(If you're confused by all this, try typing `I}' now.)

./content/variance.tex:49: Undefined control sequence.
<argument> \D {x}{b}-\E _{\bm 
                              {x} \sim \chi ^{-1}(a)} \D {\bm {x}}{b}
l.49     \end{align}
                    
The control sequence at the end of the top line
of your error message was never \def'ed. If you have
misspelled it (e.g., `\hobx'), type `I' and the correct
spelling (e.g., `I\hbox'). Otherwise just continue,
and I'll forget about whatever was undefined.

./content/variance.tex:49: Undefined control sequence.
<argument> ...\E _{\bm {x} \sim \chi ^{-1}(a)} \D 
                                                  {\bm {x}}{b}
l.49     \end{align}
                    
The control sequence at the end of the top line
of your error message was never \def'ed. If you have
misspelled it (e.g., `\hobx'), type `I' and the correct
spelling (e.g., `I\hbox'). Otherwise just continue,
and I'll forget about whatever was undefined.

./content/variance.tex:49: Undefined control sequence.
<argument> ...\bm {x} \sim \chi ^{-1}(a)} \D {\bm 
                                                  {x}}{b}
l.49     \end{align}
                    
The control sequence at the end of the top line
of your error message was never \def'ed. If you have
misspelled it (e.g., `\hobx'), type `I' and the correct
spelling (e.g., `I\hbox'). Otherwise just continue,
and I'll forget about whatever was undefined.

./content/variance.tex:49: Missing } inserted.
<inserted text> 
                }
l.49     \end{align}
                    
I've put in what seems to be necessary to fix
the current column of the current alignment.
Try to go on, since this might almost work.

./content/variance.tex:49: Missing { inserted.
<to be read again> 
                   \mathclose 
l.49     \end{align}
                    
A left brace was mandatory here, so I've put one in.
You might want to delete and/or insert some corrections
so that I will find a matching right brace soon.
(If you're confused by all this, try typing `I}' now.)

./content/variance.tex:49: Undefined control sequence.
<argument> ...A}_{(b)} v_{(b)} + 2 \beta \E _{\bm 
                                                  {x} \sim \chi ^{-1}(a)} \D...
l.49     \end{align}
                    
The control sequence at the end of the top line
of your error message was never \def'ed. If you have
misspelled it (e.g., `\hobx'), type `I' and the correct
spelling (e.g., `I\hbox'). Otherwise just continue,
and I'll forget about whatever was undefined.

./content/variance.tex:49: Undefined control sequence.
<argument> ...\E _{\bm {x} \sim \chi ^{-1}(a)} \D 
                                                  {\bm {x}}{b} \Paren {\D {\...
l.49     \end{align}
                    
The control sequence at the end of the top line
of your error message was never \def'ed. If you have
misspelled it (e.g., `\hobx'), type `I' and the correct
spelling (e.g., `I\hbox'). Otherwise just continue,
and I'll forget about whatever was undefined.

./content/variance.tex:49: Undefined control sequence.
<argument> ...\bm {x} \sim \chi ^{-1}(a)} \D {\bm 
                                                  {x}}{b} \Paren {\D {\bm {x...
l.49     \end{align}
                    
The control sequence at the end of the top line
of your error message was never \def'ed. If you have
misspelled it (e.g., `\hobx'), type `I' and the correct
spelling (e.g., `I\hbox'). Otherwise just continue,
and I'll forget about whatever was undefined.

./content/variance.tex:49: Undefined control sequence.
<argument> \D 
              {\bm {x}}{b}-\E _{\bm {x} \sim \chi ^{-1}(a)} \D {\bm {x}}{b}
l.49     \end{align}
                    
The control sequence at the end of the top line
of your error message was never \def'ed. If you have
misspelled it (e.g., `\hobx'), type `I' and the correct
spelling (e.g., `I\hbox'). Otherwise just continue,
and I'll forget about whatever was undefined.

./content/variance.tex:49: Undefined control sequence.
<argument> \D {\bm 
                   {x}}{b}-\E _{\bm {x} \sim \chi ^{-1}(a)} \D {\bm {x}}{b}
l.49     \end{align}
                    
The control sequence at the end of the top line
of your error message was never \def'ed. If you have
misspelled it (e.g., `\hobx'), type `I' and the correct
spelling (e.g., `I\hbox'). Otherwise just continue,
and I'll forget about whatever was undefined.

./content/variance.tex:49: Missing { inserted.
<to be read again> 
                   \mathclose 
l.49     \end{align}
                    
A left brace was mandatory here, so I've put one in.
You might want to delete and/or insert some corrections
so that I will find a matching right brace soon.
(If you're confused by all this, try typing `I}' now.)

./content/variance.tex:49: Undefined control sequence.
<argument> \D {\bm {x}}{b}-\E _{\bm 
                                    {x} \sim \chi ^{-1}(a)} \D {\bm {x}}{b}
l.49     \end{align}
                    
The control sequence at the end of the top line
of your error message was never \def'ed. If you have
misspelled it (e.g., `\hobx'), type `I' and the correct
spelling (e.g., `I\hbox'). Otherwise just continue,
and I'll forget about whatever was undefined.

./content/variance.tex:49: Undefined control sequence.
<argument> ...\E _{\bm {x} \sim \chi ^{-1}(a)} \D 
                                                  {\bm {x}}{b}
l.49     \end{align}
                    
The control sequence at the end of the top line
of your error message was never \def'ed. If you have
misspelled it (e.g., `\hobx'), type `I' and the correct
spelling (e.g., `I\hbox'). Otherwise just continue,
and I'll forget about whatever was undefined.

./content/variance.tex:49: Undefined control sequence.
<argument> ...\bm {x} \sim \chi ^{-1}(a)} \D {\bm 
                                                  {x}}{b}
l.49     \end{align}
                    
The control sequence at the end of the top line
of your error message was never \def'ed. If you have
misspelled it (e.g., `\hobx'), type `I' and the correct
spelling (e.g., `I\hbox'). Otherwise just continue,
and I'll forget about whatever was undefined.

./content/variance.tex:49: Missing } inserted.
<inserted text> 
                }
l.49     \end{align}
                    
I've put in what seems to be necessary to fix
the current column of the current alignment.
Try to go on, since this might almost work.

./content/variance.tex:49: Missing } inserted.
<inserted text> 
                }
l.49     \end{align}
                    
I've put in what seems to be necessary to fix
the current column of the current alignment.
Try to go on, since this might almost work.

./content/variance.tex:49: Undefined control sequence.
<argument> \D 
              {x}{b}-\E _{\bm {x} \sim \chi ^{-1}(a)} \D {\bm {x}}{b}
l.49     \end{align}
                    
The control sequence at the end of the top line
of your error message was never \def'ed. If you have
misspelled it (e.g., `\hobx'), type `I' and the correct
spelling (e.g., `I\hbox'). Otherwise just continue,
and I'll forget about whatever was undefined.

./content/variance.tex:49: Missing { inserted.
<to be read again> 
                   \mathclose 
l.49     \end{align}
                    
A left brace was mandatory here, so I've put one in.
You might want to delete and/or insert some corrections
so that I will find a matching right brace soon.
(If you're confused by all this, try typing `I}' now.)

./content/variance.tex:49: Undefined control sequence.
<argument> \D {x}{b}-\E _{\bm 
                              {x} \sim \chi ^{-1}(a)} \D {\bm {x}}{b}
l.49     \end{align}
                    
The control sequence at the end of the top line
of your error message was never \def'ed. If you have
misspelled it (e.g., `\hobx'), type `I' and the correct
spelling (e.g., `I\hbox'). Otherwise just continue,
and I'll forget about whatever was undefined.

./content/variance.tex:49: Undefined control sequence.
<argument> ...\E _{\bm {x} \sim \chi ^{-1}(a)} \D 
                                                  {\bm {x}}{b}
l.49     \end{align}
                    
The control sequence at the end of the top line
of your error message was never \def'ed. If you have
misspelled it (e.g., `\hobx'), type `I' and the correct
spelling (e.g., `I\hbox'). Otherwise just continue,
and I'll forget about whatever was undefined.

./content/variance.tex:49: Undefined control sequence.
<argument> ...\bm {x} \sim \chi ^{-1}(a)} \D {\bm 
                                                  {x}}{b}
l.49     \end{align}
                    
The control sequence at the end of the top line
of your error message was never \def'ed. If you have
misspelled it (e.g., `\hobx'), type `I' and the correct
spelling (e.g., `I\hbox'). Otherwise just continue,
and I'll forget about whatever was undefined.

./content/variance.tex:49: Missing } inserted.
<inserted text> 
                }
l.49     \end{align}
                    
I've put in what seems to be necessary to fix
the current column of the current alignment.
Try to go on, since this might almost work.

./content/variance.tex:49: Missing { inserted.
<to be read again> 
                   \mathclose 
l.49     \end{align}
                    
A left brace was mandatory here, so I've put one in.
You might want to delete and/or insert some corrections
so that I will find a matching right brace soon.
(If you're confused by all this, try typing `I}' now.)

./content/variance.tex:49: Undefined control sequence.
<argument> ...A}_{(b)} v_{(b)} + 2 \beta \E _{\bm 
                                                  {x} \sim \chi ^{-1}(a)} \D...
l.49     \end{align}
                    
The control sequence at the end of the top line
of your error message was never \def'ed. If you have
misspelled it (e.g., `\hobx'), type `I' and the correct
spelling (e.g., `I\hbox'). Otherwise just continue,
and I'll forget about whatever was undefined.

./content/variance.tex:49: Undefined control sequence.
<argument> ...\E _{\bm {x} \sim \chi ^{-1}(a)} \D 
                                                  {\bm {x}}{b} \Paren {\D {\...
l.49     \end{align}
                    
The control sequence at the end of the top line
of your error message was never \def'ed. If you have
misspelled it (e.g., `\hobx'), type `I' and the correct
spelling (e.g., `I\hbox'). Otherwise just continue,
and I'll forget about whatever was undefined.

./content/variance.tex:49: Undefined control sequence.
<argument> ...\bm {x} \sim \chi ^{-1}(a)} \D {\bm 
                                                  {x}}{b} \Paren {\D {\bm {x...
l.49     \end{align}
                    
The control sequence at the end of the top line
of your error message was never \def'ed. If you have
misspelled it (e.g., `\hobx'), type `I' and the correct
spelling (e.g., `I\hbox'). Otherwise just continue,
and I'll forget about whatever was undefined.

./content/variance.tex:49: Undefined control sequence.
<argument> \D 
              {\bm {x}}{b}-\E _{\bm {x} \sim \chi ^{-1}(a)} \D {\bm {x}}{b}
l.49     \end{align}
                    
The control sequence at the end of the top line
of your error message was never \def'ed. If you have
misspelled it (e.g., `\hobx'), type `I' and the correct
spelling (e.g., `I\hbox'). Otherwise just continue,
and I'll forget about whatever was undefined.

./content/variance.tex:49: Undefined control sequence.
<argument> \D {\bm 
                   {x}}{b}-\E _{\bm {x} \sim \chi ^{-1}(a)} \D {\bm {x}}{b}
l.49     \end{align}
                    
The control sequence at the end of the top line
of your error message was never \def'ed. If you have
misspelled it (e.g., `\hobx'), type `I' and the correct
spelling (e.g., `I\hbox'). Otherwise just continue,
and I'll forget about whatever was undefined.

./content/variance.tex:49: Missing { inserted.
<to be read again> 
                   \mathclose 
l.49     \end{align}
                    
A left brace was mandatory here, so I've put one in.
You might want to delete and/or insert some corrections
so that I will find a matching right brace soon.
(If you're confused by all this, try typing `I}' now.)

./content/variance.tex:49: Undefined control sequence.
<argument> \D {\bm {x}}{b}-\E _{\bm 
                                    {x} \sim \chi ^{-1}(a)} \D {\bm {x}}{b}
l.49     \end{align}
                    
The control sequence at the end of the top line
of your error message was never \def'ed. If you have
misspelled it (e.g., `\hobx'), type `I' and the correct
spelling (e.g., `I\hbox'). Otherwise just continue,
and I'll forget about whatever was undefined.

./content/variance.tex:49: Undefined control sequence.
<argument> ...\E _{\bm {x} \sim \chi ^{-1}(a)} \D 
                                                  {\bm {x}}{b}
l.49     \end{align}
                    
The control sequence at the end of the top line
of your error message was never \def'ed. If you have
misspelled it (e.g., `\hobx'), type `I' and the correct
spelling (e.g., `I\hbox'). Otherwise just continue,
and I'll forget about whatever was undefined.

./content/variance.tex:49: Undefined control sequence.
<argument> ...\bm {x} \sim \chi ^{-1}(a)} \D {\bm 
                                                  {x}}{b}
l.49     \end{align}
                    
The control sequence at the end of the top line
of your error message was never \def'ed. If you have
misspelled it (e.g., `\hobx'), type `I' and the correct
spelling (e.g., `I\hbox'). Otherwise just continue,
and I'll forget about whatever was undefined.

./content/variance.tex:49: Missing } inserted.
<inserted text> 
                }
l.49     \end{align}
                    
I've put in what seems to be necessary to fix
the current column of the current alignment.
Try to go on, since this might almost work.

./content/variance.tex:49: Missing } inserted.
<inserted text> 
                }
l.49     \end{align}
                    
I've put in what seems to be necessary to fix
the current column of the current alignment.
Try to go on, since this might almost work.


Overfull \hbox (25.98618pt too wide) detected at line 49
[]
 []

./content/variance.tex:52: Undefined control sequence.
l.52 ... \chi^{-1}(a)} \tilde{A}_{xy}} \cdot \Norm
                                                  {v_{(a)}}^2_\infty \geq - ...
The control sequence at the end of the top line
of your error message was never \def'ed. If you have
misspelled it (e.g., `\hobx'), type `I' and the correct
spelling (e.g., `I\hbox'). Otherwise just continue,
and I'll forget about whatever was undefined.

./content/variance.tex:54: Undefined control sequence.
l.54 ... \chi^{-1}(b)} \tilde{A}_{xy}} \cdot \Norm
                                                  {v_{(b)}}^2_\infty \geq - ...
The control sequence at the end of the top line
of your error message was never \def'ed. If you have
misspelled it (e.g., `\hobx'), type `I' and the correct
spelling (e.g., `I\hbox'). Otherwise just continue,
and I'll forget about whatever was undefined.

./content/variance.tex:62: Missing { inserted.
<to be read again> 
                   \mathclose 
l.62     \end{align*}
                     
A left brace was mandatory here, so I've put one in.
You might want to delete and/or insert some corrections
so that I will find a matching right brace soon.
(If you're confused by all this, try typing `I}' now.)

./content/variance.tex:62: Undefined control sequence.
<argument>  &2 \beta \E _{\bm 
                              {x} \sim \chi ^{-1}(a)} \D {\bm {x}}{b} \Paren...
l.62     \end{align*}
                     
The control sequence at the end of the top line
of your error message was never \def'ed. If you have
misspelled it (e.g., `\hobx'), type `I' and the correct
spelling (e.g., `I\hbox'). Otherwise just continue,
and I'll forget about whatever was undefined.

./content/variance.tex:62: Undefined control sequence.
<argument> ...\E _{\bm {x} \sim \chi ^{-1}(a)} \D 
                                                  {\bm {x}}{b} \Paren {\D {\...
l.62     \end{align*}
                     
The control sequence at the end of the top line
of your error message was never \def'ed. If you have
misspelled it (e.g., `\hobx'), type `I' and the correct
spelling (e.g., `I\hbox'). Otherwise just continue,
and I'll forget about whatever was undefined.

./content/variance.tex:62: Undefined control sequence.
<argument> ...\bm {x} \sim \chi ^{-1}(a)} \D {\bm 
                                                  {x}}{b} \Paren {\D {\bm {x...
l.62     \end{align*}
                     
The control sequence at the end of the top line
of your error message was never \def'ed. If you have
misspelled it (e.g., `\hobx'), type `I' and the correct
spelling (e.g., `I\hbox'). Otherwise just continue,
and I'll forget about whatever was undefined.

./content/variance.tex:62: Undefined control sequence.
<argument> \D 
              {\bm {x}}{b}-\E _{\bm {x} \sim \chi ^{-1}(a)} \D {\bm {x}}{b}
l.62     \end{align*}
                     
The control sequence at the end of the top line
of your error message was never \def'ed. If you have
misspelled it (e.g., `\hobx'), type `I' and the correct
spelling (e.g., `I\hbox'). Otherwise just continue,
and I'll forget about whatever was undefined.

./content/variance.tex:62: Undefined control sequence.
<argument> \D {\bm 
                   {x}}{b}-\E _{\bm {x} \sim \chi ^{-1}(a)} \D {\bm {x}}{b}
l.62     \end{align*}
                     
The control sequence at the end of the top line
of your error message was never \def'ed. If you have
misspelled it (e.g., `\hobx'), type `I' and the correct
spelling (e.g., `I\hbox'). Otherwise just continue,
and I'll forget about whatever was undefined.

./content/variance.tex:62: Missing { inserted.
<to be read again> 
                   \mathclose 
l.62     \end{align*}
                     
A left brace was mandatory here, so I've put one in.
You might want to delete and/or insert some corrections
so that I will find a matching right brace soon.
(If you're confused by all this, try typing `I}' now.)

./content/variance.tex:62: Undefined control sequence.
<argument> \D {\bm {x}}{b}-\E _{\bm 
                                    {x} \sim \chi ^{-1}(a)} \D {\bm {x}}{b}
l.62     \end{align*}
                     
The control sequence at the end of the top line
of your error message was never \def'ed. If you have
misspelled it (e.g., `\hobx'), type `I' and the correct
spelling (e.g., `I\hbox'). Otherwise just continue,
and I'll forget about whatever was undefined.

./content/variance.tex:62: Undefined control sequence.
<argument> ...\E _{\bm {x} \sim \chi ^{-1}(a)} \D 
                                                  {\bm {x}}{b}
l.62     \end{align*}
                     
The control sequence at the end of the top line
of your error message was never \def'ed. If you have
misspelled it (e.g., `\hobx'), type `I' and the correct
spelling (e.g., `I\hbox'). Otherwise just continue,
and I'll forget about whatever was undefined.

./content/variance.tex:62: Undefined control sequence.
<argument> ...\bm {x} \sim \chi ^{-1}(a)} \D {\bm 
                                                  {x}}{b}
l.62     \end{align*}
                     
The control sequence at the end of the top line
of your error message was never \def'ed. If you have
misspelled it (e.g., `\hobx'), type `I' and the correct
spelling (e.g., `I\hbox'). Otherwise just continue,
and I'll forget about whatever was undefined.

./content/variance.tex:62: Missing } inserted.
<inserted text> 
                }
l.62     \end{align*}
                     
I've put in what seems to be necessary to fix
the current column of the current alignment.
Try to go on, since this might almost work.

./content/variance.tex:62: Missing } inserted.
<inserted text> 
                }
l.62     \end{align*}
                     
I've put in what seems to be necessary to fix
the current column of the current alignment.
Try to go on, since this might almost work.

./content/variance.tex:62: Missing { inserted.
<to be read again> 
                   \mathclose 
l.62     \end{align*}
                     
A left brace was mandatory here, so I've put one in.
You might want to delete and/or insert some corrections
so that I will find a matching right brace soon.
(If you're confused by all this, try typing `I}' now.)

./content/variance.tex:62: Undefined control sequence.
<argument> ...{\bm {x}}{b}}\\ &= 2 \beta \E _{\bm 
                                                  {x} \sim \chi ^{-1}(a)} \P...
l.62     \end{align*}
                     
The control sequence at the end of the top line
of your error message was never \def'ed. If you have
misspelled it (e.g., `\hobx'), type `I' and the correct
spelling (e.g., `I\hbox'). Otherwise just continue,
and I'll forget about whatever was undefined.

./content/variance.tex:62: Undefined control sequence.
<argument> \D 
              {\bm {x}}{b}-\E _{\bm {x} \sim \chi ^{-1}(a)} \D {\bm {x}}{b}
l.62     \end{align*}
                     
The control sequence at the end of the top line
of your error message was never \def'ed. If you have
misspelled it (e.g., `\hobx'), type `I' and the correct
spelling (e.g., `I\hbox'). Otherwise just continue,
and I'll forget about whatever was undefined.

./content/variance.tex:62: Undefined control sequence.
<argument> \D {\bm 
                   {x}}{b}-\E _{\bm {x} \sim \chi ^{-1}(a)} \D {\bm {x}}{b}
l.62     \end{align*}
                     
The control sequence at the end of the top line
of your error message was never \def'ed. If you have
misspelled it (e.g., `\hobx'), type `I' and the correct
spelling (e.g., `I\hbox'). Otherwise just continue,
and I'll forget about whatever was undefined.

./content/variance.tex:62: Missing { inserted.
<to be read again> 
                   \mathclose 
l.62     \end{align*}
                     
A left brace was mandatory here, so I've put one in.
You might want to delete and/or insert some corrections
so that I will find a matching right brace soon.
(If you're confused by all this, try typing `I}' now.)

./content/variance.tex:62: Undefined control sequence.
<argument> \D {\bm {x}}{b}-\E _{\bm 
                                    {x} \sim \chi ^{-1}(a)} \D {\bm {x}}{b}
l.62     \end{align*}
                     
The control sequence at the end of the top line
of your error message was never \def'ed. If you have
misspelled it (e.g., `\hobx'), type `I' and the correct
spelling (e.g., `I\hbox'). Otherwise just continue,
and I'll forget about whatever was undefined.

./content/variance.tex:62: Undefined control sequence.
<argument> ...\E _{\bm {x} \sim \chi ^{-1}(a)} \D 
                                                  {\bm {x}}{b}
l.62     \end{align*}
                     
The control sequence at the end of the top line
of your error message was never \def'ed. If you have
misspelled it (e.g., `\hobx'), type `I' and the correct
spelling (e.g., `I\hbox'). Otherwise just continue,
and I'll forget about whatever was undefined.

./content/variance.tex:62: Undefined control sequence.
<argument> ...\bm {x} \sim \chi ^{-1}(a)} \D {\bm 
                                                  {x}}{b}
l.62     \end{align*}
                     
The control sequence at the end of the top line
of your error message was never \def'ed. If you have
misspelled it (e.g., `\hobx'), type `I' and the correct
spelling (e.g., `I\hbox'). Otherwise just continue,
and I'll forget about whatever was undefined.

./content/variance.tex:62: Missing { inserted.
<to be read again> 
                   \mathclose 
l.62     \end{align*}
                     
A left brace was mandatory here, so I've put one in.
You might want to delete and/or insert some corrections
so that I will find a matching right brace soon.
(If you're confused by all this, try typing `I}' now.)

./content/variance.tex:62: Undefined control sequence.
<argument> ... {\bm {x}}{b}}^2 + 2 \beta \E _{\bm 
                                                  {x} \sim \chi ^{-1}(a)} \P...
l.62     \end{align*}
                     
The control sequence at the end of the top line
of your error message was never \def'ed. If you have
misspelled it (e.g., `\hobx'), type `I' and the correct
spelling (e.g., `I\hbox'). Otherwise just continue,
and I'll forget about whatever was undefined.

./content/variance.tex:62: Missing { inserted.
<to be read again> 
                   \mathclose 
l.62     \end{align*}
                     
A left brace was mandatory here, so I've put one in.
You might want to delete and/or insert some corrections
so that I will find a matching right brace soon.
(If you're confused by all this, try typing `I}' now.)

./content/variance.tex:62: Undefined control sequence.
<argument> \E _{\bm 
                    {x} \sim \chi ^{-1}(a)} \D {\bm {x}}{b}
l.62     \end{align*}
                     
The control sequence at the end of the top line
of your error message was never \def'ed. If you have
misspelled it (e.g., `\hobx'), type `I' and the correct
spelling (e.g., `I\hbox'). Otherwise just continue,
and I'll forget about whatever was undefined.

./content/variance.tex:62: Undefined control sequence.
<argument> \E _{\bm {x} \sim \chi ^{-1}(a)} \D 
                                               {\bm {x}}{b}
l.62     \end{align*}
                     
The control sequence at the end of the top line
of your error message was never \def'ed. If you have
misspelled it (e.g., `\hobx'), type `I' and the correct
spelling (e.g., `I\hbox'). Otherwise just continue,
and I'll forget about whatever was undefined.

./content/variance.tex:62: Undefined control sequence.
<argument> ...\bm {x} \sim \chi ^{-1}(a)} \D {\bm 
                                                  {x}}{b}
l.62     \end{align*}
                     
The control sequence at the end of the top line
of your error message was never \def'ed. If you have
misspelled it (e.g., `\hobx'), type `I' and the correct
spelling (e.g., `I\hbox'). Otherwise just continue,
and I'll forget about whatever was undefined.

./content/variance.tex:62: Undefined control sequence.
<argument> \D 
              {\bm {x}}{b}-\E _{\bm {x} \sim \chi ^{-1}(a)} \D {\bm {x}}{b}
l.62     \end{align*}
                     
The control sequence at the end of the top line
of your error message was never \def'ed. If you have
misspelled it (e.g., `\hobx'), type `I' and the correct
spelling (e.g., `I\hbox'). Otherwise just continue,
and I'll forget about whatever was undefined.

./content/variance.tex:62: Undefined control sequence.
<argument> \D {\bm 
                   {x}}{b}-\E _{\bm {x} \sim \chi ^{-1}(a)} \D {\bm {x}}{b}
l.62     \end{align*}
                     
The control sequence at the end of the top line
of your error message was never \def'ed. If you have
misspelled it (e.g., `\hobx'), type `I' and the correct
spelling (e.g., `I\hbox'). Otherwise just continue,
and I'll forget about whatever was undefined.

./content/variance.tex:62: Missing { inserted.
<to be read again> 
                   \mathclose 
l.62     \end{align*}
                     
A left brace was mandatory here, so I've put one in.
You might want to delete and/or insert some corrections
so that I will find a matching right brace soon.
(If you're confused by all this, try typing `I}' now.)

./content/variance.tex:62: Undefined control sequence.
<argument> \D {\bm {x}}{b}-\E _{\bm 
                                    {x} \sim \chi ^{-1}(a)} \D {\bm {x}}{b}
l.62     \end{align*}
                     
The control sequence at the end of the top line
of your error message was never \def'ed. If you have
misspelled it (e.g., `\hobx'), type `I' and the correct
spelling (e.g., `I\hbox'). Otherwise just continue,
and I'll forget about whatever was undefined.

./content/variance.tex:62: Undefined control sequence.
<argument> ...\E _{\bm {x} \sim \chi ^{-1}(a)} \D 
                                                  {\bm {x}}{b}
l.62     \end{align*}
                     
The control sequence at the end of the top line
of your error message was never \def'ed. If you have
misspelled it (e.g., `\hobx'), type `I' and the correct
spelling (e.g., `I\hbox'). Otherwise just continue,
and I'll forget about whatever was undefined.

./content/variance.tex:62: Undefined control sequence.
<argument> ...\bm {x} \sim \chi ^{-1}(a)} \D {\bm 
                                                  {x}}{b}
l.62     \end{align*}
                     
The control sequence at the end of the top line
of your error message was never \def'ed. If you have
misspelled it (e.g., `\hobx'), type `I' and the correct
spelling (e.g., `I\hbox'). Otherwise just continue,
and I'll forget about whatever was undefined.

./content/variance.tex:62: Misplaced alignment tab character &.
\math@cr@@@ ->&
               \omit \global \advance \row@ \@ne \ifst@rred \nonumber \fi \i...
l.62     \end{align*}
                     
I can't figure out why you would want to use a tab mark
here. If you just want an ampersand, the remedy is
simple: Just type `I\&' now. But if some right brace
up above has ended a previous alignment prematurely,
you're probably due for more error messages, and you
might try typing `S' now just to see what is salvageable.

./content/variance.tex:62: Misplaced \omit.
\math@cr@@@ ->&\omit 
                     \global \advance \row@ \@ne \ifst@rred \nonumber \fi \i...
l.62     \end{align*}
                     
I expect to see \omit only after tab marks or the \cr of
an alignment. Proceed, and I'll ignore this case.

./content/variance.tex:62: Misplaced \cr.
\math@cr@@@ ... \else \global \@eqnswtrue \fi \cr 
                                                  
l.62     \end{align*}
                     
I can't figure out why you would want to use a tab mark
or \cr or \span just now. If something like a right brace
up above has ended a previous alignment prematurely,
you're probably due for more error messages, and you
might try typing `S' now just to see what is salvageable.

./content/variance.tex:62: Misplaced \noalign.
\math@cr@@ ... \iffalse }\fi \math@cr@@@ \noalign 
                                                  {\vskip #1\relax }
l.62     \end{align*}
                     
I expect to see \noalign only after the \cr of
an alignment. Proceed, and I'll ignore this case.

./content/variance.tex:62: Missing $ inserted.
<inserted text> 
                $
l.62     \end{align*}
                     
I've inserted a begin-math/end-math symbol since I think
you left one out. Proceed, with fingers crossed.

./content/variance.tex:62: Missing } inserted.
<inserted text> 
                }
l.62     \end{align*}
                     
I've inserted something that you may have forgotten.
(See the <inserted text> above.)
With luck, this will get me unwedged. But if you
really didn't forget anything, try typing `2' now; then
my insertion and my current dilemma will both disappear.

./content/variance.tex:62: Missing } inserted.
<inserted text> 
                }
l.62     \end{align*}
                     
I've inserted something that you may have forgotten.
(See the <inserted text> above.)
With luck, this will get me unwedged. But if you
really didn't forget anything, try typing `2' now; then
my insertion and my current dilemma will both disappear.

./content/variance.tex:62: Missing } inserted.
<inserted text> 
                }
l.62     \end{align*}
                     
I've inserted something that you may have forgotten.
(See the <inserted text> above.)
With luck, this will get me unwedged. But if you
really didn't forget anything, try typing `2' now; then
my insertion and my current dilemma will both disappear.

./content/variance.tex:62: Missing } inserted.
<inserted text> 
                }
l.62     \end{align*}
                     
I've inserted something that you may have forgotten.
(See the <inserted text> above.)
With luck, this will get me unwedged. But if you
really didn't forget anything, try typing `2' now; then
my insertion and my current dilemma will both disappear.

./content/variance.tex:62: Missing } inserted.
<inserted text> 
                }
l.62     \end{align*}
                     
I've inserted something that you may have forgotten.
(See the <inserted text> above.)
With luck, this will get me unwedged. But if you
really didn't forget anything, try typing `2' now; then
my insertion and my current dilemma will both disappear.

./content/variance.tex:62: Missing } inserted.
<inserted text> 
                }
l.62     \end{align*}
                     
I've inserted something that you may have forgotten.
(See the <inserted text> above.)
With luck, this will get me unwedged. But if you
really didn't forget anything, try typing `2' now; then
my insertion and my current dilemma will both disappear.

./content/variance.tex:62: Missing } inserted.
<inserted text> 
                }
l.62     \end{align*}
                     
I've inserted something that you may have forgotten.
(See the <inserted text> above.)
With luck, this will get me unwedged. But if you
really didn't forget anything, try typing `2' now; then
my insertion and my current dilemma will both disappear.

./content/variance.tex:62: Missing } inserted.
<inserted text> 
                }
l.62     \end{align*}
                     
I've inserted something that you may have forgotten.
(See the <inserted text> above.)
With luck, this will get me unwedged. But if you
really didn't forget anything, try typing `2' now; then
my insertion and my current dilemma will both disappear.

./content/variance.tex:62: Missing } inserted.
<inserted text> 
                }
l.62     \end{align*}
                     
I've inserted something that you may have forgotten.
(See the <inserted text> above.)
With luck, this will get me unwedged. But if you
really didn't forget anything, try typing `2' now; then
my insertion and my current dilemma will both disappear.

./content/variance.tex:62: Missing \cr inserted.
<inserted text> 
                \cr 
l.62     \end{align*}
                     
I'm guessing that you meant to end an alignment here.

./content/variance.tex:62: Missing { inserted.
<inserted text> 
                {
l.62     \end{align*}
                     
I've put in what seems to be necessary to fix
the current column of the current alignment.
Try to go on, since this might almost work.

./content/variance.tex:62: Missing { inserted.
<inserted text> 
                {
l.62     \end{align*}
                     
I've put in what seems to be necessary to fix
the current column of the current alignment.
Try to go on, since this might almost work.

./content/variance.tex:62: Extra }, or forgotten $.
<recently read> }
                 
l.62     \end{align*}
                     
I've deleted a group-closing symbol because it seems to be
spurious, as in `$x}$'. But perhaps the } is legitimate and
you forgot something else, as in `\hbox{$x}'. In such cases
the way to recover is to insert both the forgotten and the
deleted material, e.g., by typing `I$}'.

./content/variance.tex:62: Missing $ inserted.
<inserted text> 
                $
l.62     \end{align*}
                     
I've inserted a begin-math/end-math symbol since I think
you left one out. Proceed, with fingers crossed.

./content/variance.tex:62: Missing } inserted.
<inserted text> 
                }
l.62     \end{align*}
                     
I've inserted something that you may have forgotten.
(See the <inserted text> above.)
With luck, this will get me unwedged. But if you
really didn't forget anything, try typing `2' now; then
my insertion and my current dilemma will both disappear.

./content/variance.tex:62: Misplaced alignment tab character &.
<argument> ... \chi ^{-1}(a)} \D {\bm {x}}{b}}\\ &
                                                  = 2 \beta \E _{\bm {x} \si...
l.62     \end{align*}
                     
I can't figure out why you would want to use a tab mark
here. If you just want an ampersand, the remedy is
simple: Just type `I\&' now. But if some right brace
up above has ended a previous alignment prematurely,
you're probably due for more error messages, and you
might try typing `S' now just to see what is salvageable.

./content/variance.tex:62: Missing { inserted.
<to be read again> 
                   \mathclose 
l.62     \end{align*}
                     
A left brace was mandatory here, so I've put one in.
You might want to delete and/or insert some corrections
so that I will find a matching right brace soon.
(If you're confused by all this, try typing `I}' now.)

./content/variance.tex:62: Undefined control sequence.
<argument> ...{\bm {x}}{b}}\\ &= 2 \beta \E _{\bm 
                                                  {x} \sim \chi ^{-1}(a)} \P...
l.62     \end{align*}
                     
The control sequence at the end of the top line
of your error message was never \def'ed. If you have
misspelled it (e.g., `\hobx'), type `I' and the correct
spelling (e.g., `I\hbox'). Otherwise just continue,
and I'll forget about whatever was undefined.

./content/variance.tex:62: Undefined control sequence.
<argument> \D 
              {\bm {x}}{b}-\E _{\bm {x} \sim \chi ^{-1}(a)} \D {\bm {x}}{b}
l.62     \end{align*}
                     
The control sequence at the end of the top line
of your error message was never \def'ed. If you have
misspelled it (e.g., `\hobx'), type `I' and the correct
spelling (e.g., `I\hbox'). Otherwise just continue,
and I'll forget about whatever was undefined.

./content/variance.tex:62: Undefined control sequence.
<argument> \D {\bm 
                   {x}}{b}-\E _{\bm {x} \sim \chi ^{-1}(a)} \D {\bm {x}}{b}
l.62     \end{align*}
                     
The control sequence at the end of the top line
of your error message was never \def'ed. If you have
misspelled it (e.g., `\hobx'), type `I' and the correct
spelling (e.g., `I\hbox'). Otherwise just continue,
and I'll forget about whatever was undefined.

./content/variance.tex:62: Missing { inserted.
<to be read again> 
                   \mathclose 
l.62     \end{align*}
                     
A left brace was mandatory here, so I've put one in.
You might want to delete and/or insert some corrections
so that I will find a matching right brace soon.
(If you're confused by all this, try typing `I}' now.)

./content/variance.tex:62: Undefined control sequence.
<argument> \D {\bm {x}}{b}-\E _{\bm 
                                    {x} \sim \chi ^{-1}(a)} \D {\bm {x}}{b}
l.62     \end{align*}
                     
The control sequence at the end of the top line
of your error message was never \def'ed. If you have
misspelled it (e.g., `\hobx'), type `I' and the correct
spelling (e.g., `I\hbox'). Otherwise just continue,
and I'll forget about whatever was undefined.

./content/variance.tex:62: Undefined control sequence.
<argument> ...\E _{\bm {x} \sim \chi ^{-1}(a)} \D 
                                                  {\bm {x}}{b}
l.62     \end{align*}
                     
The control sequence at the end of the top line
of your error message was never \def'ed. If you have
misspelled it (e.g., `\hobx'), type `I' and the correct
spelling (e.g., `I\hbox'). Otherwise just continue,
and I'll forget about whatever was undefined.

./content/variance.tex:62: Undefined control sequence.
<argument> ...\bm {x} \sim \chi ^{-1}(a)} \D {\bm 
                                                  {x}}{b}
l.62     \end{align*}
                     
The control sequence at the end of the top line
of your error message was never \def'ed. If you have
misspelled it (e.g., `\hobx'), type `I' and the correct
spelling (e.g., `I\hbox'). Otherwise just continue,
and I'll forget about whatever was undefined.

./content/variance.tex:62: Misplaced alignment tab character &.
\@tempa ->\endgroup &
                     &
l.62     \end{align*}
                     
I can't figure out why you would want to use a tab mark
here. If you just want an ampersand, the remedy is
simple: Just type `I\&' now. But if some right brace
up above has ended a previous alignment prematurely,
you're probably due for more error messages, and you
might try typing `S' now just to see what is salvageable.

./content/variance.tex:62: Misplaced alignment tab character &.
\@tempa ->\endgroup &&
                      
l.62     \end{align*}
                     
I can't figure out why you would want to use a tab mark
here. If you just want an ampersand, the remedy is
simple: Just type `I\&' now. But if some right brace
up above has ended a previous alignment prematurely,
you're probably due for more error messages, and you
might try typing `S' now just to see what is salvageable.

./content/variance.tex:62: Misplaced \omit.
\math@cr@@@ ...@ \@ne \add@amps \maxfields@ \omit 
                                                  \kern -\alignsep@ \iftag@ ...
l.62     \end{align*}
                     
I expect to see \omit only after tab marks or the \cr of
an alignment. Proceed, and I'll ignore this case.

./content/variance.tex:62: Misplaced \cr.
\math@cr@@@ ...wtrue \fi \global \lineht@ \z@ \cr 
                                                  
l.62     \end{align*}
                     
I can't figure out why you would want to use a tab mark
or \cr or \span just now. If something like a right brace
up above has ended a previous alignment prematurely,
you're probably due for more error messages, and you
might try typing `S' now just to see what is salvageable.

./content/variance.tex:62: Misplaced \noalign.
\math@cr@@ ... \iffalse }\fi \math@cr@@@ \noalign 
                                                  {\vskip #1\relax }
l.62     \end{align*}
                     
I expect to see \noalign only after the \cr of
an alignment. Proceed, and I'll ignore this case.

./content/variance.tex:62: Missing $ inserted.
<inserted text> 
                $
l.62     \end{align*}
                     
I've inserted a begin-math/end-math symbol since I think
you left one out. Proceed, with fingers crossed.

./content/variance.tex:62: Missing } inserted.
<inserted text> 
                }
l.62     \end{align*}
                     
I've inserted something that you may have forgotten.
(See the <inserted text> above.)
With luck, this will get me unwedged. But if you
really didn't forget anything, try typing `2' now; then
my insertion and my current dilemma will both disappear.

./content/variance.tex:62: Missing } inserted.
<inserted text> 
                }
l.62     \end{align*}
                     
I've inserted something that you may have forgotten.
(See the <inserted text> above.)
With luck, this will get me unwedged. But if you
really didn't forget anything, try typing `2' now; then
my insertion and my current dilemma will both disappear.

./content/variance.tex:62: Missing } inserted.
<inserted text> 
                }
l.62     \end{align*}
                     
I've inserted something that you may have forgotten.
(See the <inserted text> above.)
With luck, this will get me unwedged. But if you
really didn't forget anything, try typing `2' now; then
my insertion and my current dilemma will both disappear.

./content/variance.tex:62: Missing \endgroup inserted.
<inserted text> 
                \endgroup 
l.62     \end{align*}
                     
I've inserted something that you may have forgotten.
(See the <inserted text> above.)
With luck, this will get me unwedged. But if you
really didn't forget anything, try typing `2' now; then
my insertion and my current dilemma will both disappear.

./content/variance.tex:62: Display math should end with $$.
<to be read again> 
                   \vskip 
l.62     \end{align*}
                     
The `$' that I just saw supposedly matches a previous `$$'.
So I shall assume that you typed `$$' both times.

./content/variance.tex:62: Extra }, or forgotten \endgroup.
\math@cr@@ ...th@cr@@@ \noalign {\vskip #1\relax }
                                                  
l.62     \end{align*}
                     
I've deleted a group-closing symbol because it seems to be
spurious, as in `$x}$'. But perhaps the } is legitimate and
you forgot something else, as in `\hbox{$x}'. In such cases
the way to recover is to insert both the forgotten and the
deleted material, e.g., by typing `I$}'.

./content/variance.tex:62: Misplaced alignment tab character &.
<argument> ...chi ^{-1}(a)} \D {\bm {x}}{b}}^2\\ &
                                                  = 2\beta \sigma ^2\,. 
l.62     \end{align*}
                     
I can't figure out why you would want to use a tab mark
here. If you just want an ampersand, the remedy is
simple: Just type `I\&' now. But if some right brace
up above has ended a previous alignment prematurely,
you're probably due for more error messages, and you
might try typing `S' now just to see what is salvageable.

./content/variance.tex:62: Missing $ inserted.
<inserted text> 
                $
l.62     \end{align*}
                     
I've inserted a begin-math/end-math symbol since I think
you left one out. Proceed, with fingers crossed.

./content/variance.tex:62: Misplaced \cr.
\math@cr@@@ ->\cr 
                  
l.62     \end{align*}
                     
I can't figure out why you would want to use a tab mark
or \cr or \span just now. If something like a right brace
up above has ended a previous alignment prematurely,
you're probably due for more error messages, and you
might try typing `S' now just to see what is salvageable.

./content/variance.tex:62: Misplaced alignment tab character &.
\@tempa ->\endgroup &
                     &
l.62     \end{align*}
                     
I can't figure out why you would want to use a tab mark
here. If you just want an ampersand, the remedy is
simple: Just type `I\&' now. But if some right brace
up above has ended a previous alignment prematurely,
you're probably due for more error messages, and you
might try typing `S' now just to see what is salvageable.

./content/variance.tex:62: Misplaced alignment tab character &.
\@tempa ->\endgroup &&
                      
l.62     \end{align*}
                     
I can't figure out why you would want to use a tab mark
here. If you just want an ampersand, the remedy is
simple: Just type `I\&' now. But if some right brace
up above has ended a previous alignment prematurely,
you're probably due for more error messages, and you
might try typing `S' now just to see what is salvageable.

./content/variance.tex:62: Misplaced \cr.
\measure@ ...olumn@ \z@ \add@amps \maxfields@ \cr 
                                                  }}\restorecounters@ \ifodd...
l.62     \end{align*}
                     
I can't figure out why you would want to use a tab mark
or \cr or \span just now. If something like a right brace
up above has ended a previous alignment prematurely,
you're probably due for more error messages, and you
might try typing `S' now just to see what is salvageable.

./content/variance.tex:62: Extra }, or forgotten $.
\measure@ ...lumn@ \z@ \add@amps \maxfields@ \cr }
                                                  }\restorecounters@ \ifodd ...
l.62     \end{align*}
                     
I've deleted a group-closing symbol because it seems to be
spurious, as in `$x}$'. But perhaps the } is legitimate and
you forgot something else, as in `\hbox{$x}'. In such cases
the way to recover is to insert both the forgotten and the
deleted material, e.g., by typing `I$}'.

./content/variance.tex:62: Extra }, or forgotten $.
\measure@ ...umn@ \z@ \add@amps \maxfields@ \cr }}
                                                  \restorecounters@ \ifodd \...
l.62     \end{align*}
                     
I've deleted a group-closing symbol because it seems to be
spurious, as in `$x}$'. But perhaps the } is legitimate and
you forgot something else, as in `\hbox{$x}'. In such cases
the way to recover is to insert both the forgotten and the
deleted material, e.g., by typing `I$}'.

./content/variance.tex:62: Missing number, treated as zero.
<to be read again> 
                   >
l.62     \end{align*}
                     
A number should have been here; I inserted `0'.
(If you can't figure out why I needed to see a number,
look up `weird error' in the index to The TeXbook.)

./content/variance.tex:62: Illegal unit of measure (pt inserted).
<to be read again> 
                   >
l.62     \end{align*}
                     
Dimensions can be in units of em, ex, in, pt, pc,
cm, mm, dd, cc, nd, nc, bp, or sp; but yours is a new one!
I'll assume that you meant to say pt, for printer's points.
To recover gracefully from this error, it's best to
delete the erroneous units; e.g., type `2' to delete
two letters. (See Chapter 27 of The TeXbook.)

./content/variance.tex:62: Missing $ inserted.
<inserted text> 
                $
l.62     \end{align*}
                     
I've inserted something that you may have forgotten.
(See the <inserted text> above.)
With luck, this will get me unwedged. But if you
really didn't forget anything, try typing `2' now; then
my insertion and my current dilemma will both disappear.

./content/variance.tex:62: Missing { inserted.
<to be read again> 
                   \mathclose 
l.62     \end{align*}
                     
A left brace was mandatory here, so I've put one in.
You might want to delete and/or insert some corrections
so that I will find a matching right brace soon.
(If you're confused by all this, try typing `I}' now.)

./content/variance.tex:62: Undefined control sequence.
<argument>  &2 \beta \E _{\bm 
                              {x} \sim \chi ^{-1}(a)} \D {\bm {x}}{b} \Paren...
l.62     \end{align*}
                     
The control sequence at the end of the top line
of your error message was never \def'ed. If you have
misspelled it (e.g., `\hobx'), type `I' and the correct
spelling (e.g., `I\hbox'). Otherwise just continue,
and I'll forget about whatever was undefined.

./content/variance.tex:62: Undefined control sequence.
<argument> ...\E _{\bm {x} \sim \chi ^{-1}(a)} \D 
                                                  {\bm {x}}{b} \Paren {\D {\...
l.62     \end{align*}
                     
The control sequence at the end of the top line
of your error message was never \def'ed. If you have
misspelled it (e.g., `\hobx'), type `I' and the correct
spelling (e.g., `I\hbox'). Otherwise just continue,
and I'll forget about whatever was undefined.

./content/variance.tex:62: Undefined control sequence.
<argument> ...\bm {x} \sim \chi ^{-1}(a)} \D {\bm 
                                                  {x}}{b} \Paren {\D {\bm {x...
l.62     \end{align*}
                     
The control sequence at the end of the top line
of your error message was never \def'ed. If you have
misspelled it (e.g., `\hobx'), type `I' and the correct
spelling (e.g., `I\hbox'). Otherwise just continue,
and I'll forget about whatever was undefined.

./content/variance.tex:62: Undefined control sequence.
<argument> \D 
              {\bm {x}}{b}-\E _{\bm {x} \sim \chi ^{-1}(a)} \D {\bm {x}}{b}
l.62     \end{align*}
                     
The control sequence at the end of the top line
of your error message was never \def'ed. If you have
misspelled it (e.g., `\hobx'), type `I' and the correct
spelling (e.g., `I\hbox'). Otherwise just continue,
and I'll forget about whatever was undefined.

./content/variance.tex:62: Undefined control sequence.
<argument> \D {\bm 
                   {x}}{b}-\E _{\bm {x} \sim \chi ^{-1}(a)} \D {\bm {x}}{b}
l.62     \end{align*}
                     
The control sequence at the end of the top line
of your error message was never \def'ed. If you have
misspelled it (e.g., `\hobx'), type `I' and the correct
spelling (e.g., `I\hbox'). Otherwise just continue,
and I'll forget about whatever was undefined.

./content/variance.tex:62: Missing { inserted.
<to be read again> 
                   \mathclose 
l.62     \end{align*}
                     
A left brace was mandatory here, so I've put one in.
You might want to delete and/or insert some corrections
so that I will find a matching right brace soon.
(If you're confused by all this, try typing `I}' now.)

./content/variance.tex:62: Undefined control sequence.
<argument> \D {\bm {x}}{b}-\E _{\bm 
                                    {x} \sim \chi ^{-1}(a)} \D {\bm {x}}{b}
l.62     \end{align*}
                     
The control sequence at the end of the top line
of your error message was never \def'ed. If you have
misspelled it (e.g., `\hobx'), type `I' and the correct
spelling (e.g., `I\hbox'). Otherwise just continue,
and I'll forget about whatever was undefined.

./content/variance.tex:62: Undefined control sequence.
<argument> ...\E _{\bm {x} \sim \chi ^{-1}(a)} \D 
                                                  {\bm {x}}{b}
l.62     \end{align*}
                     
The control sequence at the end of the top line
of your error message was never \def'ed. If you have
misspelled it (e.g., `\hobx'), type `I' and the correct
spelling (e.g., `I\hbox'). Otherwise just continue,
and I'll forget about whatever was undefined.

./content/variance.tex:62: Undefined control sequence.
<argument> ...\bm {x} \sim \chi ^{-1}(a)} \D {\bm 
                                                  {x}}{b}
l.62     \end{align*}
                     
The control sequence at the end of the top line
of your error message was never \def'ed. If you have
misspelled it (e.g., `\hobx'), type `I' and the correct
spelling (e.g., `I\hbox'). Otherwise just continue,
and I'll forget about whatever was undefined.

./content/variance.tex:62: Missing } inserted.
<inserted text> 
                }
l.62     \end{align*}
                     
I've put in what seems to be necessary to fix
the current column of the current alignment.
Try to go on, since this might almost work.

./content/variance.tex:62: Missing } inserted.
<inserted text> 
                }
l.62     \end{align*}
                     
I've put in what seems to be necessary to fix
the current column of the current alignment.
Try to go on, since this might almost work.

./content/variance.tex:62: Missing { inserted.
<to be read again> 
                   \mathclose 
l.62     \end{align*}
                     
A left brace was mandatory here, so I've put one in.
You might want to delete and/or insert some corrections
so that I will find a matching right brace soon.
(If you're confused by all this, try typing `I}' now.)

./content/variance.tex:62: Undefined control sequence.
<argument> ...{\bm {x}}{b}}\\ &= 2 \beta \E _{\bm 
                                                  {x} \sim \chi ^{-1}(a)} \P...
l.62     \end{align*}
                     
The control sequence at the end of the top line
of your error message was never \def'ed. If you have
misspelled it (e.g., `\hobx'), type `I' and the correct
spelling (e.g., `I\hbox'). Otherwise just continue,
and I'll forget about whatever was undefined.

./content/variance.tex:62: Undefined control sequence.
<argument> \D 
              {\bm {x}}{b}-\E _{\bm {x} \sim \chi ^{-1}(a)} \D {\bm {x}}{b}
l.62     \end{align*}
                     
The control sequence at the end of the top line
of your error message was never \def'ed. If you have
misspelled it (e.g., `\hobx'), type `I' and the correct
spelling (e.g., `I\hbox'). Otherwise just continue,
and I'll forget about whatever was undefined.

./content/variance.tex:62: Undefined control sequence.
<argument> \D {\bm 
                   {x}}{b}-\E _{\bm {x} \sim \chi ^{-1}(a)} \D {\bm {x}}{b}
l.62     \end{align*}
                     
The control sequence at the end of the top line
of your error message was never \def'ed. If you have
misspelled it (e.g., `\hobx'), type `I' and the correct
spelling (e.g., `I\hbox'). Otherwise just continue,
and I'll forget about whatever was undefined.

./content/variance.tex:62: Missing { inserted.
<to be read again> 
                   \mathclose 
l.62     \end{align*}
                     
A left brace was mandatory here, so I've put one in.
You might want to delete and/or insert some corrections
so that I will find a matching right brace soon.
(If you're confused by all this, try typing `I}' now.)

./content/variance.tex:62: Undefined control sequence.
<argument> \D {\bm {x}}{b}-\E _{\bm 
                                    {x} \sim \chi ^{-1}(a)} \D {\bm {x}}{b}
l.62     \end{align*}
                     
The control sequence at the end of the top line
of your error message was never \def'ed. If you have
misspelled it (e.g., `\hobx'), type `I' and the correct
spelling (e.g., `I\hbox'). Otherwise just continue,
and I'll forget about whatever was undefined.

./content/variance.tex:62: Undefined control sequence.
<argument> ...\E _{\bm {x} \sim \chi ^{-1}(a)} \D 
                                                  {\bm {x}}{b}
l.62     \end{align*}
                     
The control sequence at the end of the top line
of your error message was never \def'ed. If you have
misspelled it (e.g., `\hobx'), type `I' and the correct
spelling (e.g., `I\hbox'). Otherwise just continue,
and I'll forget about whatever was undefined.

./content/variance.tex:62: Undefined control sequence.
<argument> ...\bm {x} \sim \chi ^{-1}(a)} \D {\bm 
                                                  {x}}{b}
l.62     \end{align*}
                     
The control sequence at the end of the top line
of your error message was never \def'ed. If you have
misspelled it (e.g., `\hobx'), type `I' and the correct
spelling (e.g., `I\hbox'). Otherwise just continue,
and I'll forget about whatever was undefined.

./content/variance.tex:62: Missing { inserted.
<to be read again> 
                   \mathclose 
l.62     \end{align*}
                     
A left brace was mandatory here, so I've put one in.
You might want to delete and/or insert some corrections
so that I will find a matching right brace soon.
(If you're confused by all this, try typing `I}' now.)

./content/variance.tex:62: Undefined control sequence.
<argument> ... {\bm {x}}{b}}^2 + 2 \beta \E _{\bm 
                                                  {x} \sim \chi ^{-1}(a)} \P...
l.62     \end{align*}
                     
The control sequence at the end of the top line
of your error message was never \def'ed. If you have
misspelled it (e.g., `\hobx'), type `I' and the correct
spelling (e.g., `I\hbox'). Otherwise just continue,
and I'll forget about whatever was undefined.

./content/variance.tex:62: Missing { inserted.
<to be read again> 
                   \mathclose 
l.62     \end{align*}
                     
A left brace was mandatory here, so I've put one in.
You might want to delete and/or insert some corrections
so that I will find a matching right brace soon.
(If you're confused by all this, try typing `I}' now.)

./content/variance.tex:62: Undefined control sequence.
<argument> \E _{\bm 
                    {x} \sim \chi ^{-1}(a)} \D {\bm {x}}{b}
l.62     \end{align*}
                     
The control sequence at the end of the top line
of your error message was never \def'ed. If you have
misspelled it (e.g., `\hobx'), type `I' and the correct
spelling (e.g., `I\hbox'). Otherwise just continue,
and I'll forget about whatever was undefined.

./content/variance.tex:62: Undefined control sequence.
<argument> \E _{\bm {x} \sim \chi ^{-1}(a)} \D 
                                               {\bm {x}}{b}
l.62     \end{align*}
                     
The control sequence at the end of the top line
of your error message was never \def'ed. If you have
misspelled it (e.g., `\hobx'), type `I' and the correct
spelling (e.g., `I\hbox'). Otherwise just continue,
and I'll forget about whatever was undefined.

./content/variance.tex:62: Undefined control sequence.
<argument> ...\bm {x} \sim \chi ^{-1}(a)} \D {\bm 
                                                  {x}}{b}
l.62     \end{align*}
                     
The control sequence at the end of the top line
of your error message was never \def'ed. If you have
misspelled it (e.g., `\hobx'), type `I' and the correct
spelling (e.g., `I\hbox'). Otherwise just continue,
and I'll forget about whatever was undefined.

./content/variance.tex:62: Undefined control sequence.
<argument> \D 
              {\bm {x}}{b}-\E _{\bm {x} \sim \chi ^{-1}(a)} \D {\bm {x}}{b}
l.62     \end{align*}
                     
The control sequence at the end of the top line
of your error message was never \def'ed. If you have
misspelled it (e.g., `\hobx'), type `I' and the correct
spelling (e.g., `I\hbox'). Otherwise just continue,
and I'll forget about whatever was undefined.

./content/variance.tex:62: Undefined control sequence.
<argument> \D {\bm 
                   {x}}{b}-\E _{\bm {x} \sim \chi ^{-1}(a)} \D {\bm {x}}{b}
l.62     \end{align*}
                     
The control sequence at the end of the top line
of your error message was never \def'ed. If you have
misspelled it (e.g., `\hobx'), type `I' and the correct
spelling (e.g., `I\hbox'). Otherwise just continue,
and I'll forget about whatever was undefined.

./content/variance.tex:62: Missing { inserted.
<to be read again> 
                   \mathclose 
l.62     \end{align*}
                     
A left brace was mandatory here, so I've put one in.
You might want to delete and/or insert some corrections
so that I will find a matching right brace soon.
(If you're confused by all this, try typing `I}' now.)

./content/variance.tex:62: Undefined control sequence.
<argument> \D {\bm {x}}{b}-\E _{\bm 
                                    {x} \sim \chi ^{-1}(a)} \D {\bm {x}}{b}
l.62     \end{align*}
                     
The control sequence at the end of the top line
of your error message was never \def'ed. If you have
misspelled it (e.g., `\hobx'), type `I' and the correct
spelling (e.g., `I\hbox'). Otherwise just continue,
and I'll forget about whatever was undefined.

./content/variance.tex:62: Undefined control sequence.
<argument> ...\E _{\bm {x} \sim \chi ^{-1}(a)} \D 
                                                  {\bm {x}}{b}
l.62     \end{align*}
                     
The control sequence at the end of the top line
of your error message was never \def'ed. If you have
misspelled it (e.g., `\hobx'), type `I' and the correct
spelling (e.g., `I\hbox'). Otherwise just continue,
and I'll forget about whatever was undefined.

./content/variance.tex:62: Undefined control sequence.
<argument> ...\bm {x} \sim \chi ^{-1}(a)} \D {\bm 
                                                  {x}}{b}
l.62     \end{align*}
                     
The control sequence at the end of the top line
of your error message was never \def'ed. If you have
misspelled it (e.g., `\hobx'), type `I' and the correct
spelling (e.g., `I\hbox'). Otherwise just continue,
and I'll forget about whatever was undefined.

./content/variance.tex:62: Misplaced alignment tab character &.
<recently read> &
                 
l.62     \end{align*}
                     
I can't figure out why you would want to use a tab mark
here. If you just want an ampersand, the remedy is
simple: Just type `I\&' now. But if some right brace
up above has ended a previous alignment prematurely,
you're probably due for more error messages, and you
might try typing `S' now just to see what is salvageable.

./content/variance.tex:62: Missing { inserted.
<to be read again> 
                   \mathclose 
l.62     \end{align*}
                     
A left brace was mandatory here, so I've put one in.
You might want to delete and/or insert some corrections
so that I will find a matching right brace soon.
(If you're confused by all this, try typing `I}' now.)

./content/variance.tex:62: Undefined control sequence.
<argument> ...{\bm {x}}{b}}\\ &= 2 \beta \E _{\bm 
                                                  {x} \sim \chi ^{-1}(a)} \P...
l.62     \end{align*}
                     
The control sequence at the end of the top line
of your error message was never \def'ed. If you have
misspelled it (e.g., `\hobx'), type `I' and the correct
spelling (e.g., `I\hbox'). Otherwise just continue,
and I'll forget about whatever was undefined.

./content/variance.tex:62: Undefined control sequence.
<argument> \D 
              {\bm {x}}{b}-\E _{\bm {x} \sim \chi ^{-1}(a)} \D {\bm {x}}{b}
l.62     \end{align*}
                     
The control sequence at the end of the top line
of your error message was never \def'ed. If you have
misspelled it (e.g., `\hobx'), type `I' and the correct
spelling (e.g., `I\hbox'). Otherwise just continue,
and I'll forget about whatever was undefined.

./content/variance.tex:62: Undefined control sequence.
<argument> \D {\bm 
                   {x}}{b}-\E _{\bm {x} \sim \chi ^{-1}(a)} \D {\bm {x}}{b}
l.62     \end{align*}
                     
The control sequence at the end of the top line
of your error message was never \def'ed. If you have
misspelled it (e.g., `\hobx'), type `I' and the correct
spelling (e.g., `I\hbox'). Otherwise just continue,
and I'll forget about whatever was undefined.

./content/variance.tex:62: Missing { inserted.
<to be read again> 
                   \mathclose 
l.62     \end{align*}
                     
A left brace was mandatory here, so I've put one in.
You might want to delete and/or insert some corrections
so that I will find a matching right brace soon.
(If you're confused by all this, try typing `I}' now.)

./content/variance.tex:62: Undefined control sequence.
<argument> \D {\bm {x}}{b}-\E _{\bm 
                                    {x} \sim \chi ^{-1}(a)} \D {\bm {x}}{b}
l.62     \end{align*}
                     
The control sequence at the end of the top line
of your error message was never \def'ed. If you have
misspelled it (e.g., `\hobx'), type `I' and the correct
spelling (e.g., `I\hbox'). Otherwise just continue,
and I'll forget about whatever was undefined.

./content/variance.tex:62: Undefined control sequence.
<argument> ...\E _{\bm {x} \sim \chi ^{-1}(a)} \D 
                                                  {\bm {x}}{b}
l.62     \end{align*}
                     
The control sequence at the end of the top line
of your error message was never \def'ed. If you have
misspelled it (e.g., `\hobx'), type `I' and the correct
spelling (e.g., `I\hbox'). Otherwise just continue,
and I'll forget about whatever was undefined.

./content/variance.tex:62: Undefined control sequence.
<argument> ...\bm {x} \sim \chi ^{-1}(a)} \D {\bm 
                                                  {x}}{b}
l.62     \end{align*}
                     
The control sequence at the end of the top line
of your error message was never \def'ed. If you have
misspelled it (e.g., `\hobx'), type `I' and the correct
spelling (e.g., `I\hbox'). Otherwise just continue,
and I'll forget about whatever was undefined.

./content/variance.tex:62: Misplaced alignment tab character &.
<recently read> &
                 
l.62     \end{align*}
                     
I can't figure out why you would want to use a tab mark
here. If you just want an ampersand, the remedy is
simple: Just type `I\&' now. But if some right brace
up above has ended a previous alignment prematurely,
you're probably due for more error messages, and you
might try typing `S' now just to see what is salvageable.

./content/variance.tex:62: Misplaced \cr.
\math@cr@@@ ->\cr 
                  
l.62     \end{align*}
                     
I can't figure out why you would want to use a tab mark
or \cr or \span just now. If something like a right brace
up above has ended a previous alignment prematurely,
you're probably due for more error messages, and you
might try typing `S' now just to see what is salvageable.

./content/variance.tex:62: Misplaced \noalign.
\math@cr@@ ... \iffalse }\fi \math@cr@@@ \noalign 
                                                  {\vskip #1\relax }
l.62     \end{align*}
                     
I expect to see \noalign only after the \cr of
an alignment. Proceed, and I'll ignore this case.

./content/variance.tex:62: Missing $ inserted.
<inserted text> 
                $
l.62     \end{align*}
                     
I've inserted a begin-math/end-math symbol since I think
you left one out. Proceed, with fingers crossed.

./content/variance.tex:62: Missing } inserted.
<inserted text> 
                }
l.62     \end{align*}
                     
I've inserted something that you may have forgotten.
(See the <inserted text> above.)
With luck, this will get me unwedged. But if you
really didn't forget anything, try typing `2' now; then
my insertion and my current dilemma will both disappear.

./content/variance.tex:62: Missing } inserted.
<inserted text> 
                }
l.62     \end{align*}
                     
I've inserted something that you may have forgotten.
(See the <inserted text> above.)
With luck, this will get me unwedged. But if you
really didn't forget anything, try typing `2' now; then
my insertion and my current dilemma will both disappear.

./content/variance.tex:62: Missing } inserted.
<inserted text> 
                }
l.62     \end{align*}
                     
I've inserted something that you may have forgotten.
(See the <inserted text> above.)
With luck, this will get me unwedged. But if you
really didn't forget anything, try typing `2' now; then
my insertion and my current dilemma will both disappear.

./content/variance.tex:62: Missing } inserted.
<inserted text> 
                }
l.62     \end{align*}
                     
I've inserted something that you may have forgotten.
(See the <inserted text> above.)
With luck, this will get me unwedged. But if you
really didn't forget anything, try typing `2' now; then
my insertion and my current dilemma will both disappear.

./content/variance.tex:62: Missing } inserted.
<inserted text> 
                }
l.62     \end{align*}
                     
I've inserted something that you may have forgotten.
(See the <inserted text> above.)
With luck, this will get me unwedged. But if you
really didn't forget anything, try typing `2' now; then
my insertion and my current dilemma will both disappear.

./content/variance.tex:62: Missing } inserted.
<inserted text> 
                }
l.62     \end{align*}
                     
I've inserted something that you may have forgotten.
(See the <inserted text> above.)
With luck, this will get me unwedged. But if you
really didn't forget anything, try typing `2' now; then
my insertion and my current dilemma will both disappear.

./content/variance.tex:62: Missing } inserted.
<inserted text> 
                }
l.62     \end{align*}
                     
I've inserted something that you may have forgotten.
(See the <inserted text> above.)
With luck, this will get me unwedged. But if you
really didn't forget anything, try typing `2' now; then
my insertion and my current dilemma will both disappear.

./content/variance.tex:62: Missing } inserted.
<inserted text> 
                }
l.62     \end{align*}
                     
I've inserted something that you may have forgotten.
(See the <inserted text> above.)
With luck, this will get me unwedged. But if you
really didn't forget anything, try typing `2' now; then
my insertion and my current dilemma will both disappear.

./content/variance.tex:62: Missing } inserted.
<inserted text> 
                }
l.62     \end{align*}
                     
I've inserted something that you may have forgotten.
(See the <inserted text> above.)
With luck, this will get me unwedged. But if you
really didn't forget anything, try typing `2' now; then
my insertion and my current dilemma will both disappear.

./content/variance.tex:62: Missing } inserted.
<inserted text> 
                }
l.62     \end{align*}
                     
I've inserted something that you may have forgotten.
(See the <inserted text> above.)
With luck, this will get me unwedged. But if you
really didn't forget anything, try typing `2' now; then
my insertion and my current dilemma will both disappear.

./content/variance.tex:62: Missing } inserted.
<inserted text> 
                }
l.62     \end{align*}
                     
I've inserted something that you may have forgotten.
(See the <inserted text> above.)
With luck, this will get me unwedged. But if you
really didn't forget anything, try typing `2' now; then
my insertion and my current dilemma will both disappear.

./content/variance.tex:62: Missing \cr inserted.
<inserted text> 
                \cr 
l.62     \end{align*}
                     
I'm guessing that you meant to end an alignment here.

./content/variance.tex:62: Missing { inserted.
<inserted text> 
                {
l.62     \end{align*}
                     
I've put in what seems to be necessary to fix
the current column of the current alignment.
Try to go on, since this might almost work.

./content/variance.tex:62: Missing { inserted.
<inserted text> 
                {
l.62     \end{align*}
                     
I've put in what seems to be necessary to fix
the current column of the current alignment.
Try to go on, since this might almost work.

./content/variance.tex:62: Extra }, or forgotten $.
<recently read> }
                 
l.62     \end{align*}
                     
I've deleted a group-closing symbol because it seems to be
spurious, as in `$x}$'. But perhaps the } is legitimate and
you forgot something else, as in `\hbox{$x}'. In such cases
the way to recover is to insert both the forgotten and the
deleted material, e.g., by typing `I$}'.

./content/variance.tex:62: Missing $ inserted.
<inserted text> 
                $
l.62     \end{align*}
                     
I've inserted a begin-math/end-math symbol since I think
you left one out. Proceed, with fingers crossed.

./content/variance.tex:62: Missing } inserted.
<inserted text> 
                }
l.62     \end{align*}
                     
I've inserted something that you may have forgotten.
(See the <inserted text> above.)
With luck, this will get me unwedged. But if you
really didn't forget anything, try typing `2' now; then
my insertion and my current dilemma will both disappear.

./content/variance.tex:62: Extra }, or forgotten \endgroup.
\math@cr@@ ...th@cr@@@ \noalign {\vskip #1\relax }
                                                  
l.62     \end{align*}
                     
I've deleted a group-closing symbol because it seems to be
spurious, as in `$x}$'. But perhaps the } is legitimate and
you forgot something else, as in `\hbox{$x}'. In such cases
the way to recover is to insert both the forgotten and the
deleted material, e.g., by typing `I$}'.

./content/variance.tex:62: Misplaced \noalign.
\black@ #1->\noalign 
                     {\ifdim #1>\displaywidth \dimen@ \prevdepth \nointerlin...
l.62     \end{align*}
                     
I expect to see \noalign only after the \cr of
an alignment. Proceed, and I'll ignore this case.

./content/variance.tex:62: Extra }, or forgotten \endgroup.
\endalign* ...\math@cr \black@ \totwidth@ \egroup 
                                                  \ifingather@ \restorealign...
l.62     \end{align*}
                     
I've deleted a group-closing symbol because it seems to be
spurious, as in `$x}$'. But perhaps the } is legitimate and
you forgot something else, as in `\hbox{$x}'. In such cases
the way to recover is to insert both the forgotten and the
deleted material, e.g., by typing `I$}'.


./content/variance.tex:62: LaTeX Error: \begin{proof} on input line 16 ended by \end{align*}.

See the LaTeX manual or LaTeX Companion for explanation.
Type  H <return>  for immediate help.
 ...                                              
                                                  
l.62     \end{align*}
                     
Your command was ignored.
Type  I <command> <return>  to replace it with another command,
or  <return>  to continue without it.

./content/variance.tex:62: Missing $ inserted.
<inserted text> 
                $
l.62     \end{align*}
                     
I've inserted something that you may have forgotten.
(See the <inserted text> above.)
With luck, this will get me unwedged. But if you
really didn't forget anything, try typing `2' now; then
my insertion and my current dilemma will both disappear.

./content/variance.tex:62: Display math should end with $$.
<to be read again> 
                   \endgroup 
l.62     \end{align*}
                     
The `$' that I just saw supposedly matches a previous `$$'.
So I shall assume that you typed `$$' both times.


LaTeX Warning: Reference `eq:3_col_num' on page 1 undefined on input line 63.

./content/variance.tex:68: Undefined control sequence.
<argument> \1
             
l.68 ...a^2/c$ and $\langle v, \frac{\1}{\sqrt{n}}
                                                  \rangle^2 = \frac{|\chi^{-...
The control sequence at the end of the top line
of your error message was never \def'ed. If you have
misspelled it (e.g., `\hobx'), type `I' and the correct
spelling (e.g., `I\hbox'). Otherwise just continue,
and I'll forget about whatever was undefined.


Overfull \hbox (13.65906pt too wide) in paragraph at lines 67--69
\OT1/pplx/m/n/10.95 (-20) We also note that $\OMS/zplm/m/n/10.95 k\OML/zplm/m/it/10.95 v\OMS/zplm/m/n/10.95 k[] \OT1/zplm/m/n/10.95 = \OML/zplm/m/it/10.95 ^^[[] \OT1/zplm/m/n/10.95 + []\OML/zplm/m/it/10.95 ^^L[] \OMS/zplm/m/n/10.95 ^^T \OML/zplm/m/it/10.95 ^^[[] \OT1/zplm/m/n/10.95 + \OML/zplm/m/it/10.95 ^^L[]\OT1/zplm/m/n/10.95 /\OML/zplm/m/it/10.95 c$ \OT1/pplx/m/n/10.95 (-20) and $\OMS/zplm/m/n/10.95 h\OML/zplm/m/it/10.95 v\OT1/pplx/m/n/10.95 (-20) , []\OMS/zplm/m/n/10.95 i[] \OT1/zplm/m/n/10.95 = []\OML/zplm/m/it/10.95 ^^L[] \OMS/zplm/m/n/10.95 ^^T
 []

./content/variance.tex:69: Undefined control sequence.
l.69 ...\tilde{A} v \leq \frac{1}{n} \langle v, \1
                                                  \rangle^2 + \lambda_2 \Par...
The control sequence at the end of the top line
of your error message was never \def'ed. If you have
misspelled it (e.g., `\hobx'), type `I' and the correct
spelling (e.g., `I\hbox'). Otherwise just continue,
and I'll forget about whatever was undefined.

./content/variance.tex:69: Undefined control sequence.
<argument> ...m {v}^2 - \frac {1}{n} \langle v, \1
                                                  \rangle ^2
l.69 ...v}^2 - \frac{1}{n} \langle v, \1\rangle^2}
                                                   \leq \lambda_2 \sigma^2 +...
The control sequence at the end of the top line
of your error message was never \def'ed. If you have
misspelled it (e.g., `\hobx'), type `I' and the correct
spelling (e.g., `I\hbox'). Otherwise just continue,
and I'll forget about whatever was undefined.


./content/variance.tex:76: LaTeX Error: \begin{document} ended by \end{proof}.

See the LaTeX manual or LaTeX Companion for explanation.
Type  H <return>  for immediate help.
 ...                                              
                                                  
l.76 \end{proof}
                
Your command was ignored.
Type  I <command> <return>  to replace it with another command,
or  <return>  to continue without it.

./content/variance.tex:76: Extra \endgroup.
\end  ...end#1\endcsname \@checkend {#1}\endgroup 
                                                  \UseHook {env/#1/after}\if...
l.76 \end{proof}
                
Things are pretty mixed up, but I think the worst is over.

)

[20] (./content/algorithms.tex
./content/algorithms.tex:11: Undefined control sequence.
l.11 ...For all $i \in [k']$, let $a_i^* = \argmax
                                                  _{a \in S_i} \pi(a)$, and ...
The control sequence at the end of the top line
of your error message was never \def'ed. If you have
misspelled it (e.g., `\hobx'), type `I' and the correct
spelling (e.g., `I\hbox'). Otherwise just continue,
and I'll forget about whatever was undefined.


Overfull \hbox (1.16884pt too wide) in paragraph at lines 9--13
[]\OT1/pplx/m/it/10.95 (-20) Let $\OML/zplm/m/it/10.95 M \OMS/zplm/m/n/10.95 2 \U/fplmbb/m/n/10.95 R[]$ \OT1/pplx/m/it/10.95 (-20) be a re-versible row stochas-
 []


LaTeX Warning: Reference `thm:kalg-partial' on page 1 undefined on input line 23.

./content/algorithms.tex:29: Undefined control sequence.
<recently read> \Norm 
                      
l.29 ...i : [n] \to [k]$ of $[n]$ such that $\Norm
                                                  {M - M(A, \chi)} \leq \del...
The control sequence at the end of the top line
of your error message was never \def'ed. If you have
misspelled it (e.g., `\hobx'), type `I' and the correct
spelling (e.g., `I\hbox'). Otherwise just continue,
and I'll forget about whatever was undefined.

./content/algorithms.tex:29: Undefined control sequence.
<recently read> \Abs 
                     
l.29 ... M(A, \chi)} \leq \delta$, then also $\Abs
                                                  {\frac{1}{n}|\chi^{-1}(a)|...
The control sequence at the end of the top line
of your error message was never \def'ed. If you have
misspelled it (e.g., `\hobx'), type `I' and the correct
spelling (e.g., `I\hbox'). Otherwise just continue,
and I'll forget about whatever was undefined.



[21

]
Overfull \hbox (66.291pt too wide) detected at line 41
\OT1/zplm/m/n/10.95 (\OT1/pplx/m/n/10.95 1 \OMS/zplm/m/n/10.95 ^^@ \OT1/pplx/m/n/10.95 4[]\OT1/zplm/m/n/10.95 )[] \OMS/zplm/m/n/10.95 ^^T [] ^^T [] \OT1/zplm/m/n/10.95 = [] \OMS/zplm/m/n/10.95 ^^T [] ^^T \OT1/zplm/m/n/10.95 (\OT1/pplx/m/n/10.95 1 \OT1/zplm/m/n/10.95 + \OT1/pplx/m/n/10.95 4[]\OT1/zplm/m/n/10.95 )[] \OT1/pplx/m/n/10.95 .
 []


Overfull \hbox (34.29483pt too wide) detected at line 43
\OT1/zplm/m/n/10.95 (\OT1/pplx/m/n/10.95 1 \OMS/zplm/m/n/10.95 ^^@ \OT1/pplx/m/n/10.95 8[]\OML/zplm/m/it/10.95 k\OT1/zplm/m/n/10.95 )[] \OMS/zplm/m/n/10.95 ^^T \OT1/zplm/m/n/10.95 (\OT1/pplx/m/n/10.95 1 \OMS/zplm/m/n/10.95 ^^@ \OT1/pplx/m/n/10.95 4[]\OT1/zplm/m/n/10.95 )[][] \OMS/zplm/m/n/10.95 ^^T [] ^^T \OT1/zplm/m/n/10.95 (\OT1/pplx/m/n/10.95 1 \OT1/zplm/m/n/10.95 + \OT1/pplx/m/n/10.95 4[]\OT1/zplm/m/n/10.95 )[][] \OMS/zplm/m/n/10.95 ^^T \OT1/zplm/m/n/10.95 (\OT1/pplx/m/n/10.95 1 \OT1/zplm/m/n/10.95 + \OT1/pplx/m/n/10.95 4[]\OML/zplm/m/it/10.95 k\OT1/zplm/m/n/10.95 )[] \OT1/pplx/m/n/10.95 ,
 []

./content/algorithms.tex:46: Undefined control sequence.
<recently read> \Abs 
                     
l.46 which finally implies that $\Abs
                                     {\frac{1}{n}|\chi^{-1}(b)| - \pi_b} \le...
The control sequence at the end of the top line
of your error message was never \def'ed. If you have
misspelled it (e.g., `\hobx'), type `I' and the correct
spelling (e.g., `I\hbox'). Otherwise just continue,
and I'll forget about whatever was undefined.


LaTeX Warning: Reference `lemma: expansionimpliesvariance' on page 1 undefined on input line 49.


LaTeX Warning: Reference `def:partition_Z' on page 1 undefined on input line 54.

./content/algorithms.tex:55: Undefined control sequence.
<recently read> \D 
                   
l.55 For $x \in [n]$ and $a \in [k]$, let $\D
                                             {x}{a} = \sum_{y \in \chi^{-1}(...
The control sequence at the end of the top line
of your error message was never \def'ed. If you have
misspelled it (e.g., `\hobx'), type `I' and the correct
spelling (e.g., `I\hbox'). Otherwise just continue,
and I'll forget about whatever was undefined.

./content/algorithms.tex:56: Undefined control sequence.
<recently read> \bm 
                    
l.56 Suppose that, for any $a, b \in [k]$ and $\bm
                                                  {x}$ uniformly random in $...
The control sequence at the end of the top line
of your error message was never \def'ed. If you have
misspelled it (e.g., `\hobx'), type `I' and the correct
spelling (e.g., `I\hbox'). Otherwise just continue,
and I'll forget about whatever was undefined.

./content/algorithms.tex:57: Missing { inserted.
<to be read again> 
                   \mathclose 
l.57 \[\E_
          {\bm{x} \sim \chi^{-1}(a)} \Paren{\D{\bm{x}}{b} - \E_{\bm{x} \sim ...
A left brace was mandatory here, so I've put one in.
You might want to delete and/or insert some corrections
so that I will find a matching right brace soon.
(If you're confused by all this, try typing `I}' now.)

./content/algorithms.tex:57: Undefined control sequence.
l.57 \[\E_{\bm
              {x} \sim \chi^{-1}(a)} \Paren{\D{\bm{x}}{b} - \E_{\bm{x} \sim ...
The control sequence at the end of the top line
of your error message was never \def'ed. If you have
misspelled it (e.g., `\hobx'), type `I' and the correct
spelling (e.g., `I\hbox'). Otherwise just continue,
and I'll forget about whatever was undefined.

./content/algorithms.tex:57: Undefined control sequence.
<argument> \D 
              {\bm {x}}{b} - \E _{\bm {x} \sim \chi ^{-1}(a)} \D {\bm {x}}{b}
l.57 ..._{\bm{x} \sim \chi^{-1}(a)} \D{\bm{x}}{b}}
                                                  ^2 \leq \delta\,.\]
The control sequence at the end of the top line
of your error message was never \def'ed. If you have
misspelled it (e.g., `\hobx'), type `I' and the correct
spelling (e.g., `I\hbox'). Otherwise just continue,
and I'll forget about whatever was undefined.

./content/algorithms.tex:57: Undefined control sequence.
<argument> \D {\bm 
                   {x}}{b} - \E _{\bm {x} \sim \chi ^{-1}(a)} \D {\bm {x}}{b}
l.57 ..._{\bm{x} \sim \chi^{-1}(a)} \D{\bm{x}}{b}}
                                                  ^2 \leq \delta\,.\]
The control sequence at the end of the top line
of your error message was never \def'ed. If you have
misspelled it (e.g., `\hobx'), type `I' and the correct
spelling (e.g., `I\hbox'). Otherwise just continue,
and I'll forget about whatever was undefined.

./content/algorithms.tex:57: Missing { inserted.
<to be read again> 
                   \mathclose 
l.57 ..._{\bm{x} \sim \chi^{-1}(a)} \D{\bm{x}}{b}}
                                                  ^2 \leq \delta\,.\]
A left brace was mandatory here, so I've put one in.
You might want to delete and/or insert some corrections
so that I will find a matching right brace soon.
(If you're confused by all this, try typing `I}' now.)

./content/algorithms.tex:57: Undefined control sequence.
<argument> \D {\bm {x}}{b} - \E _{\bm 
                                      {x} \sim \chi ^{-1}(a)} \D {\bm {x}}{b}
l.57 ..._{\bm{x} \sim \chi^{-1}(a)} \D{\bm{x}}{b}}
                                                  ^2 \leq \delta\,.\]
The control sequence at the end of the top line
of your error message was never \def'ed. If you have
misspelled it (e.g., `\hobx'), type `I' and the correct
spelling (e.g., `I\hbox'). Otherwise just continue,
and I'll forget about whatever was undefined.

./content/algorithms.tex:57: Undefined control sequence.
<argument> ...\E _{\bm {x} \sim \chi ^{-1}(a)} \D 
                                                  {\bm {x}}{b}
l.57 ..._{\bm{x} \sim \chi^{-1}(a)} \D{\bm{x}}{b}}
                                                  ^2 \leq \delta\,.\]
The control sequence at the end of the top line
of your error message was never \def'ed. If you have
misspelled it (e.g., `\hobx'), type `I' and the correct
spelling (e.g., `I\hbox'). Otherwise just continue,
and I'll forget about whatever was undefined.

./content/algorithms.tex:57: Undefined control sequence.
<argument> ...\bm {x} \sim \chi ^{-1}(a)} \D {\bm 
                                                  {x}}{b}
l.57 ..._{\bm{x} \sim \chi^{-1}(a)} \D{\bm{x}}{b}}
                                                  ^2 \leq \delta\,.\]
The control sequence at the end of the top line
of your error message was never \def'ed. If you have
misspelled it (e.g., `\hobx'), type `I' and the correct
spelling (e.g., `I\hbox'). Otherwise just continue,
and I'll forget about whatever was undefined.


./content/algorithms.tex:57: LaTeX Error: Bad math environment delimiter.

See the LaTeX manual or LaTeX Companion for explanation.
Type  H <return>  for immediate help.
 ...                                              
                                                  
l.57 ...{-1}(a)} \D{\bm{x}}{b}}^2 \leq \delta\,.\]
                                                  
Your command was ignored.
Type  I <command> <return>  to replace it with another command,
or  <return>  to continue without it.

./content/algorithms.tex:58: Missing } inserted.
<inserted text> 
                }
l.58 Then, for $
                W = Z M(\tilde{A}, \chi) B^{-1} Z^\top$ with $M(\tilde{A}, \...
I've inserted something that you may have forgotten.
(See the <inserted text> above.)
With luck, this will get me unwedged. But if you
really didn't forget anything, try typing `2' now; then
my insertion and my current dilemma will both disappear.

./content/algorithms.tex:58: Missing } inserted.
<inserted text> 
                }
l.58 Then, for $
                W = Z M(\tilde{A}, \chi) B^{-1} Z^\top$ with $M(\tilde{A}, \...
I've inserted something that you may have forgotten.
(See the <inserted text> above.)
With luck, this will get me unwedged. But if you
really didn't forget anything, try typing `2' now; then
my insertion and my current dilemma will both disappear.

./content/algorithms.tex:58: Display math should end with $$.
<to be read again> 
                   W
l.58 Then, for $W
                  = Z M(\tilde{A}, \chi) B^{-1} Z^\top$ with $M(\tilde{A}, \...
The `$' that I just saw supposedly matches a previous `$$'.
So I shall assume that you typed `$$' both times.


./content/algorithms.tex:58: Package amsmath Error: \tilde allowed only in math mode.

See the amsmath package documentation for explanation.
Type  H <return>  for immediate help.
 ...                                              
                                                  
l.58 Then, for $W = Z M(\tilde{A}
                                 , \chi) B^{-1} Z^\top$ with $M(\tilde{A}, \...
You're in trouble here.  Try typing  <return>  to proceed.
If that doesn't work, type  X <return>  to quit.

./content/algorithms.tex:58: Missing $ inserted.
<inserted text> 
                $
l.58 Then, for $W = Z M(\tilde{A}, \chi
                                       ) B^{-1} Z^\top$ with $M(\tilde{A}, \...
I've inserted a begin-math/end-math symbol since I think
you left one out. Proceed, with fingers crossed.


LaTeX Warning: Reference `def:model' on page 1 undefined on input line 58.

./content/algorithms.tex:59: Undefined control sequence.
l.59 \[\Norm
            {\tilde{A} \frac{Z_a}{\Norm{Z_a}} - W  \frac{Z_a}{\Norm{Z_a}}}^2...
The control sequence at the end of the top line
of your error message was never \def'ed. If you have
misspelled it (e.g., `\hobx'), type `I' and the correct
spelling (e.g., `I\hbox'). Otherwise just continue,
and I'll forget about whatever was undefined.

./content/algorithms.tex:59: Undefined control sequence.
<argument> \Norm 
                 {Z_a}
l.59 \[\Norm{\tilde{A} \frac{Z_a}{\Norm{Z_a}}
                                              - W  \frac{Z_a}{\Norm{Z_a}}}^2...
The control sequence at the end of the top line
of your error message was never \def'ed. If you have
misspelled it (e.g., `\hobx'), type `I' and the correct
spelling (e.g., `I\hbox'). Otherwise just continue,
and I'll forget about whatever was undefined.

./content/algorithms.tex:59: Undefined control sequence.
<argument> \Norm 
                 {Z_a}
l.59 ...a}{\Norm{Z_a}} - W  \frac{Z_a}{\Norm{Z_a}}
                                                  }^2 \leq \frac{\delta}{c}\...
The control sequence at the end of the top line
of your error message was never \def'ed. If you have
misspelled it (e.g., `\hobx'), type `I' and the correct
spelling (e.g., `I\hbox'). Otherwise just continue,
and I'll forget about whatever was undefined.



[22]
./content/algorithms.tex:62: Undefined control sequence.
<argument> d \Abs 
                  {\chi ^{-1}(\chi (x))} \Abs {\chi ^{-1}(\chi (y))}
l.62 ...i^{-1}(\chi(x))} \Abs{\chi^{-1}(\chi(y))}}
                                                  $.
The control sequence at the end of the top line
of your error message was never \def'ed. If you have
misspelled it (e.g., `\hobx'), type `I' and the correct
spelling (e.g., `I\hbox'). Otherwise just continue,
and I'll forget about whatever was undefined.

./content/algorithms.tex:62: Undefined control sequence.
<argument> d \Abs {\chi ^{-1}(\chi (x))} \Abs 
                                              {\chi ^{-1}(\chi (y))}
l.62 ...i^{-1}(\chi(x))} \Abs{\chi^{-1}(\chi(y))}}
                                                  $.
The control sequence at the end of the top line
of your error message was never \def'ed. If you have
misspelled it (e.g., `\hobx'), type `I' and the correct
spelling (e.g., `I\hbox'). Otherwise just continue,
and I'll forget about whatever was undefined.

./content/algorithms.tex:70: Undefined control sequence.
<argument>  \Norm 
                  {\tilde {A} Z_a - W Z_a}^2 &= \sum _{b \in [k]} \sum _{x \...
l.70 \end{align*}
                 
The control sequence at the end of the top line
of your error message was never \def'ed. If you have
misspelled it (e.g., `\hobx'), type `I' and the correct
spelling (e.g., `I\hbox'). Otherwise just continue,
and I'll forget about whatever was undefined.

./content/algorithms.tex:70: Undefined control sequence.
<argument> \D 
              {x}{a} - \E _{\bm {x} \sim \chi ^{-1}(b)} \D {\bm {x}}{a}
l.70 \end{align*}
                 
The control sequence at the end of the top line
of your error message was never \def'ed. If you have
misspelled it (e.g., `\hobx'), type `I' and the correct
spelling (e.g., `I\hbox'). Otherwise just continue,
and I'll forget about whatever was undefined.

./content/algorithms.tex:70: Missing { inserted.
<to be read again> 
                   \mathclose 
l.70 \end{align*}
                 
A left brace was mandatory here, so I've put one in.
You might want to delete and/or insert some corrections
so that I will find a matching right brace soon.
(If you're confused by all this, try typing `I}' now.)

./content/algorithms.tex:70: Undefined control sequence.
<argument> \D {x}{a} - \E _{\bm 
                                {x} \sim \chi ^{-1}(b)} \D {\bm {x}}{a}
l.70 \end{align*}
                 
The control sequence at the end of the top line
of your error message was never \def'ed. If you have
misspelled it (e.g., `\hobx'), type `I' and the correct
spelling (e.g., `I\hbox'). Otherwise just continue,
and I'll forget about whatever was undefined.

./content/algorithms.tex:70: Undefined control sequence.
<argument> ...\E _{\bm {x} \sim \chi ^{-1}(b)} \D 
                                                  {\bm {x}}{a}
l.70 \end{align*}
                 
The control sequence at the end of the top line
of your error message was never \def'ed. If you have
misspelled it (e.g., `\hobx'), type `I' and the correct
spelling (e.g., `I\hbox'). Otherwise just continue,
and I'll forget about whatever was undefined.

./content/algorithms.tex:70: Undefined control sequence.
<argument> ...\bm {x} \sim \chi ^{-1}(b)} \D {\bm 
                                                  {x}}{a}
l.70 \end{align*}
                 
The control sequence at the end of the top line
of your error message was never \def'ed. If you have
misspelled it (e.g., `\hobx'), type `I' and the correct
spelling (e.g., `I\hbox'). Otherwise just continue,
and I'll forget about whatever was undefined.

./content/algorithms.tex:70: Missing } inserted.
<inserted text> 
                }
l.70 \end{align*}
                 
I've put in what seems to be necessary to fix
the current column of the current alignment.
Try to go on, since this might almost work.

./content/algorithms.tex:70: Missing { inserted.
<to be read again> 
                   \mathclose 
l.70 \end{align*}
                 
A left brace was mandatory here, so I've put one in.
You might want to delete and/or insert some corrections
so that I will find a matching right brace soon.
(If you're confused by all this, try typing `I}' now.)

./content/algorithms.tex:70: Undefined control sequence.
<argument> ...\in [k]} |\chi ^{-1}(b)|\; \E _{\bm 
                                                  {x} \sim \chi ^{-1}(b)} \P...
l.70 \end{align*}
                 
The control sequence at the end of the top line
of your error message was never \def'ed. If you have
misspelled it (e.g., `\hobx'), type `I' and the correct
spelling (e.g., `I\hbox'). Otherwise just continue,
and I'll forget about whatever was undefined.

./content/algorithms.tex:70: Undefined control sequence.
<argument> \D 
              {\bm {x}}{a} - \E _{\bm {x} \sim \chi ^{-1}(b)} \D {\bm {x}}{a}
l.70 \end{align*}
                 
The control sequence at the end of the top line
of your error message was never \def'ed. If you have
misspelled it (e.g., `\hobx'), type `I' and the correct
spelling (e.g., `I\hbox'). Otherwise just continue,
and I'll forget about whatever was undefined.

./content/algorithms.tex:70: Undefined control sequence.
<argument> \D {\bm 
                   {x}}{a} - \E _{\bm {x} \sim \chi ^{-1}(b)} \D {\bm {x}}{a}
l.70 \end{align*}
                 
The control sequence at the end of the top line
of your error message was never \def'ed. If you have
misspelled it (e.g., `\hobx'), type `I' and the correct
spelling (e.g., `I\hbox'). Otherwise just continue,
and I'll forget about whatever was undefined.

./content/algorithms.tex:70: Missing { inserted.
<to be read again> 
                   \mathclose 
l.70 \end{align*}
                 
A left brace was mandatory here, so I've put one in.
You might want to delete and/or insert some corrections
so that I will find a matching right brace soon.
(If you're confused by all this, try typing `I}' now.)

./content/algorithms.tex:70: Undefined control sequence.
<argument> \D {\bm {x}}{a} - \E _{\bm 
                                      {x} \sim \chi ^{-1}(b)} \D {\bm {x}}{a}
l.70 \end{align*}
                 
The control sequence at the end of the top line
of your error message was never \def'ed. If you have
misspelled it (e.g., `\hobx'), type `I' and the correct
spelling (e.g., `I\hbox'). Otherwise just continue,
and I'll forget about whatever was undefined.

./content/algorithms.tex:70: Undefined control sequence.
<argument> ...\E _{\bm {x} \sim \chi ^{-1}(b)} \D 
                                                  {\bm {x}}{a}
l.70 \end{align*}
                 
The control sequence at the end of the top line
of your error message was never \def'ed. If you have
misspelled it (e.g., `\hobx'), type `I' and the correct
spelling (e.g., `I\hbox'). Otherwise just continue,
and I'll forget about whatever was undefined.

./content/algorithms.tex:70: Undefined control sequence.
<argument> ...\bm {x} \sim \chi ^{-1}(b)} \D {\bm 
                                                  {x}}{a}
l.70 \end{align*}
                 
The control sequence at the end of the top line
of your error message was never \def'ed. If you have
misspelled it (e.g., `\hobx'), type `I' and the correct
spelling (e.g., `I\hbox'). Otherwise just continue,
and I'll forget about whatever was undefined.

./content/algorithms.tex:70: Missing } inserted.
<inserted text> 
                }
l.70 \end{align*}
                 
I've put in what seems to be necessary to fix
the current column of the current alignment.
Try to go on, since this might almost work.

./content/algorithms.tex:70: Missing } inserted.
<inserted text> 
                }
l.70 \end{align*}
                 
I've put in what seems to be necessary to fix
the current column of the current alignment.
Try to go on, since this might almost work.

./content/algorithms.tex:70: Undefined control sequence.
<argument>  \Norm 
                  {\tilde {A} Z_a - W Z_a}^2 &= \sum _{b \in [k]} \sum _{x \...
l.70 \end{align*}
                 
The control sequence at the end of the top line
of your error message was never \def'ed. If you have
misspelled it (e.g., `\hobx'), type `I' and the correct
spelling (e.g., `I\hbox'). Otherwise just continue,
and I'll forget about whatever was undefined.

./content/algorithms.tex:70: Undefined control sequence.
<argument> \D 
              {x}{a} - \E _{\bm {x} \sim \chi ^{-1}(b)} \D {\bm {x}}{a}
l.70 \end{align*}
                 
The control sequence at the end of the top line
of your error message was never \def'ed. If you have
misspelled it (e.g., `\hobx'), type `I' and the correct
spelling (e.g., `I\hbox'). Otherwise just continue,
and I'll forget about whatever was undefined.

./content/algorithms.tex:70: Missing { inserted.
<to be read again> 
                   \mathclose 
l.70 \end{align*}
                 
A left brace was mandatory here, so I've put one in.
You might want to delete and/or insert some corrections
so that I will find a matching right brace soon.
(If you're confused by all this, try typing `I}' now.)

./content/algorithms.tex:70: Undefined control sequence.
<argument> \D {x}{a} - \E _{\bm 
                                {x} \sim \chi ^{-1}(b)} \D {\bm {x}}{a}
l.70 \end{align*}
                 
The control sequence at the end of the top line
of your error message was never \def'ed. If you have
misspelled it (e.g., `\hobx'), type `I' and the correct
spelling (e.g., `I\hbox'). Otherwise just continue,
and I'll forget about whatever was undefined.

./content/algorithms.tex:70: Undefined control sequence.
<argument> ...\E _{\bm {x} \sim \chi ^{-1}(b)} \D 
                                                  {\bm {x}}{a}
l.70 \end{align*}
                 
The control sequence at the end of the top line
of your error message was never \def'ed. If you have
misspelled it (e.g., `\hobx'), type `I' and the correct
spelling (e.g., `I\hbox'). Otherwise just continue,
and I'll forget about whatever was undefined.

./content/algorithms.tex:70: Undefined control sequence.
<argument> ...\bm {x} \sim \chi ^{-1}(b)} \D {\bm 
                                                  {x}}{a}
l.70 \end{align*}
                 
The control sequence at the end of the top line
of your error message was never \def'ed. If you have
misspelled it (e.g., `\hobx'), type `I' and the correct
spelling (e.g., `I\hbox'). Otherwise just continue,
and I'll forget about whatever was undefined.

./content/algorithms.tex:70: Missing } inserted.
<inserted text> 
                }
l.70 \end{align*}
                 
I've put in what seems to be necessary to fix
the current column of the current alignment.
Try to go on, since this might almost work.

./content/algorithms.tex:70: Missing { inserted.
<to be read again> 
                   \mathclose 
l.70 \end{align*}
                 
A left brace was mandatory here, so I've put one in.
You might want to delete and/or insert some corrections
so that I will find a matching right brace soon.
(If you're confused by all this, try typing `I}' now.)

./content/algorithms.tex:70: Undefined control sequence.
<argument> ...\in [k]} |\chi ^{-1}(b)|\; \E _{\bm 
                                                  {x} \sim \chi ^{-1}(b)} \P...
l.70 \end{align*}
                 
The control sequence at the end of the top line
of your error message was never \def'ed. If you have
misspelled it (e.g., `\hobx'), type `I' and the correct
spelling (e.g., `I\hbox'). Otherwise just continue,
and I'll forget about whatever was undefined.

./content/algorithms.tex:70: Undefined control sequence.
<argument> \D 
              {\bm {x}}{a} - \E _{\bm {x} \sim \chi ^{-1}(b)} \D {\bm {x}}{a}
l.70 \end{align*}
                 
The control sequence at the end of the top line
of your error message was never \def'ed. If you have
misspelled it (e.g., `\hobx'), type `I' and the correct
spelling (e.g., `I\hbox'). Otherwise just continue,
and I'll forget about whatever was undefined.

./content/algorithms.tex:70: Undefined control sequence.
<argument> \D {\bm 
                   {x}}{a} - \E _{\bm {x} \sim \chi ^{-1}(b)} \D {\bm {x}}{a}
l.70 \end{align*}
                 
The control sequence at the end of the top line
of your error message was never \def'ed. If you have
misspelled it (e.g., `\hobx'), type `I' and the correct
spelling (e.g., `I\hbox'). Otherwise just continue,
and I'll forget about whatever was undefined.

./content/algorithms.tex:70: Missing { inserted.
<to be read again> 
                   \mathclose 
l.70 \end{align*}
                 
A left brace was mandatory here, so I've put one in.
You might want to delete and/or insert some corrections
so that I will find a matching right brace soon.
(If you're confused by all this, try typing `I}' now.)

./content/algorithms.tex:70: Undefined control sequence.
<argument> \D {\bm {x}}{a} - \E _{\bm 
                                      {x} \sim \chi ^{-1}(b)} \D {\bm {x}}{a}
l.70 \end{align*}
                 
The control sequence at the end of the top line
of your error message was never \def'ed. If you have
misspelled it (e.g., `\hobx'), type `I' and the correct
spelling (e.g., `I\hbox'). Otherwise just continue,
and I'll forget about whatever was undefined.

./content/algorithms.tex:70: Undefined control sequence.
<argument> ...\E _{\bm {x} \sim \chi ^{-1}(b)} \D 
                                                  {\bm {x}}{a}
l.70 \end{align*}
                 
The control sequence at the end of the top line
of your error message was never \def'ed. If you have
misspelled it (e.g., `\hobx'), type `I' and the correct
spelling (e.g., `I\hbox'). Otherwise just continue,
and I'll forget about whatever was undefined.

./content/algorithms.tex:70: Undefined control sequence.
<argument> ...\bm {x} \sim \chi ^{-1}(b)} \D {\bm 
                                                  {x}}{a}
l.70 \end{align*}
                 
The control sequence at the end of the top line
of your error message was never \def'ed. If you have
misspelled it (e.g., `\hobx'), type `I' and the correct
spelling (e.g., `I\hbox'). Otherwise just continue,
and I'll forget about whatever was undefined.

./content/algorithms.tex:70: Missing } inserted.
<inserted text> 
                }
l.70 \end{align*}
                 
I've put in what seems to be necessary to fix
the current column of the current alignment.
Try to go on, since this might almost work.

./content/algorithms.tex:70: Missing } inserted.
<inserted text> 
                }
l.70 \end{align*}
                 
I've put in what seems to be necessary to fix
the current column of the current alignment.
Try to go on, since this might almost work.

./content/algorithms.tex:71: Undefined control sequence.
l.71 so using that $cn \leq \Norm
                                 {Z_a}^2 \leq n$ we get that $\Norm{\tilde{A...
The control sequence at the end of the top line
of your error message was never \def'ed. If you have
misspelled it (e.g., `\hobx'), type `I' and the correct
spelling (e.g., `I\hbox'). Otherwise just continue,
and I'll forget about whatever was undefined.

./content/algorithms.tex:71: Undefined control sequence.
<recently read> \Norm 
                      
l.71 ...eq \Norm{Z_a}^2 \leq n$ we get that $\Norm
                                                  {\tilde{A} \frac{Z_a}{\Nor...
The control sequence at the end of the top line
of your error message was never \def'ed. If you have
misspelled it (e.g., `\hobx'), type `I' and the correct
spelling (e.g., `I\hbox'). Otherwise just continue,
and I'll forget about whatever was undefined.

./content/algorithms.tex:71: Undefined control sequence.
<argument> \Norm 
                 {Z_a}
l.71 ...at $\Norm{\tilde{A} \frac{Z_a}{\Norm{Z_a}}
                                                   - W \frac{Z_a}{\Norm{Z_a}...
The control sequence at the end of the top line
of your error message was never \def'ed. If you have
misspelled it (e.g., `\hobx'), type `I' and the correct
spelling (e.g., `I\hbox'). Otherwise just continue,
and I'll forget about whatever was undefined.

./content/algorithms.tex:71: Undefined control sequence.
<argument> \Norm 
                 {Z_a}
l.71 ..._a}{\Norm{Z_a}} - W \frac{Z_a}{\Norm{Z_a}}
                                                  }^2 \leq \frac{\delta}{c}$.
The control sequence at the end of the top line
of your error message was never \def'ed. If you have
misspelled it (e.g., `\hobx'), type `I' and the correct
spelling (e.g., `I\hbox'). Otherwise just continue,
and I'll forget about whatever was undefined.


LaTeX Warning: Reference `thm:kalg-partial' on page 1 undefined on input line 74.


LaTeX Warning: Reference `thm:kalg-partial' on page 1 undefined on input line 76.


LaTeX Warning: Reference `lemma:model-colour-size' on page 1 undefined on input line 77.


LaTeX Warning: Reference `thm:part-recovery' on page 1 undefined on input line 83.


LaTeX Warning: Reference `thm:part-recovery' on page 1 undefined on input line 84.


LaTeX Warning: Reference `def:model' on page 1 undefined on input line 88.


LaTeX Warning: Reference `thm:part-recovery' on page 1 undefined on input line 89.


LaTeX Warning: Reference `thm:part-recovery' on page 1 undefined on input line 89.

Package hyperref Info: bookmark level for unknown claim defaults to 0 on input line 94.


[23]
./content/algorithms.tex:107: Undefined control sequence.
<recently read> \Norm 
                      
l.107 ... identical, we have that\linebreak $\Norm
                                                  {M(\tilde{A}, \chi)^{(a)} ...
The control sequence at the end of the top line
of your error message was never \def'ed. If you have
misspelled it (e.g., `\hobx'), type `I' and the correct
spelling (e.g., `I\hbox'). Otherwise just continue,
and I'll forget about whatever was undefined.


LaTeX Warning: Reference `eq:model-form' on page 1 undefined on input line 110.


LaTeX Warning: Reference `claim:close-entries-M' on page 1 undefined on input line 137.


LaTeX Warning: Reference `claim:close-entries-M' on page 1 undefined on input line 144.



[24]

LaTeX Warning: Reference `thm:part-recovery' on page 1 undefined on input line 148.

./content/algorithms.tex:149: Undefined control sequence.
<recently read> \Norm 
                      
l.149 ...(B')^{-1/2}$ is symmetric and that $\Norm
                                                  {M(\tilde{A}, \chi')} = 1$.
The control sequence at the end of the top line
of your error message was never \def'ed. If you have
misspelled it (e.g., `\hobx'), type `I' and the correct
spelling (e.g., `I\hbox'). Otherwise just continue,
and I'll forget about whatever was undefined.


LaTeX Warning: Reference `lemma:model-colour-size' on page 1 undefined on input line 150.

./content/algorithms.tex:155: Undefined control sequence.
<recently read> \Norm 
                      
l.155 ...\neq M^{(a^*_{i'})}$, we have that $\Norm
                                                  {M^{(a^*_i)} - M^{(a^*_{i'...
The control sequence at the end of the top line
of your error message was never \def'ed. If you have
misspelled it (e.g., `\hobx'), type `I' and the correct
spelling (e.g., `I\hbox'). Otherwise just continue,
and I'll forget about whatever was undefined.

./content/algorithms.tex:155: Undefined control sequence.
<recently read> \Norm 
                      
l.155 ...tilde{A}, \chi)$ we also have that $\Norm
                                                  {M(\tilde{A}, \chi)^{(a^*_...
The control sequence at the end of the top line
of your error message was never \def'ed. If you have
misspelled it (e.g., `\hobx'), type `I' and the correct
spelling (e.g., `I\hbox'). Otherwise just continue,
and I'll forget about whatever was undefined.

./content/algorithms.tex:156: Undefined control sequence.
<recently read> \Abs 
                     
l.156 ...ome $b \in [k]$ such that\linebreak $\Abs
                                                  {M(\tilde{A}, \chi)_{a^*_i...
The control sequence at the end of the top line
of your error message was never \def'ed. If you have
misspelled it (e.g., `\hobx'), type `I' and the correct
spelling (e.g., `I\hbox'). Otherwise just continue,
and I'll forget about whatever was undefined.


LaTeX Warning: Reference `claim:close-entries-M' on page 1 undefined on input line 157.

./content/algorithms.tex:157: Undefined control sequence.
<recently read> \Abs 
                     
l.157 ...at, for $j = \phi(b)$, we also have $\Abs
                                                  {M(\tilde{A}, \chi')_{i j}...
The control sequence at the end of the top line
of your error message was never \def'ed. If you have
misspelled it (e.g., `\hobx'), type `I' and the correct
spelling (e.g., `I\hbox'). Otherwise just continue,
and I'll forget about whatever was undefined.

./content/algorithms.tex:158: Undefined control sequence.
<recently read> \Norm 
                      
l.158     Hence, $\Norm
                       {M(\tilde{A}, \chi')^{(i)} - M(\tilde{A}, \chi')^{(i'...
The control sequence at the end of the top line
of your error message was never \def'ed. If you have
misspelled it (e.g., `\hobx'), type `I' and the correct
spelling (e.g., `I\hbox'). Otherwise just continue,
and I'll forget about whatever was undefined.


Underfull \hbox (badness 10000) in paragraph at lines 153--159
\OT1/zplm/m/n/10.95 
[](\OT1/pplx/m/n/10.95 (+20) 1\OT1/zplm/m/n/10.95 )$\OT1/pplx/m/n/10.95 (+20) . There-fore, there ex-ists some $\OML/zplm/m/it/10.95 b \OMS/zplm/m/n/10.95 2 \OT1/zplm/m/n/10.95 [\OML/zplm/m/it/10.95 k\OT1/zplm/m/n/10.95 ]$ \OT1/pplx/m/n/10.95 (+20) such that
 []


Overfull \hbox (15.94415pt too wide) in paragraph at lines 153--159
\OT1/pplx/m/n/10.95 (-20) also have $[] \OMS/zplm/m/n/10.95 ^^U \OT1/zplm/m/n/10.95 
[](\OT1/pplx/m/n/10.95 (-20) 1\OT1/zplm/m/n/10.95 )$\OT1/pplx/m/n/10.95 (-20) . Hence, $[] \OMS/zplm/m/n/10.95 ^^U
 []


LaTeX Warning: Reference `lemma:model-colour-size' on page 1 undefined on input line 162.


LaTeX Warning: Reference `lemma: expansionimpliesvariance' on page 1 undefined on input line 163.


LaTeX Warning: Reference `lem:small-var-to-indic' on page 1 undefined on input line 163.

./content/algorithms.tex:163: Undefined control sequence.
<recently read> \Norm 
                      
l.163 ...m:small-var-to-indic} we have that $\Norm
                                                  {\tilde{A} \frac{Z_a}{\Nor...
The control sequence at the end of the top line
of your error message was never \def'ed. If you have
misspelled it (e.g., `\hobx'), type `I' and the correct
spelling (e.g., `I\hbox'). Otherwise just continue,
and I'll forget about whatever was undefined.

./content/algorithms.tex:163: Undefined control sequence.
<argument> \Norm 
                 {Z_a}
l.163 ...t $\Norm{\tilde{A} \frac{Z_a}{\Norm{Z_a}}
                                                   - W \frac{Z_a}{\Norm{Z_a}...
The control sequence at the end of the top line
of your error message was never \def'ed. If you have
misspelled it (e.g., `\hobx'), type `I' and the correct
spelling (e.g., `I\hbox'). Otherwise just continue,
and I'll forget about whatever was undefined.

./content/algorithms.tex:163: Undefined control sequence.
<argument> \Norm 
                 {Z_a}
l.163 ...a}{\Norm{Z_a}} - W \frac{Z_a}{\Norm{Z_a}}
                                                  }^2 \leq O_M\Paren{\lambda...
The control sequence at the end of the top line
of your error message was never \def'ed. If you have
misspelled it (e.g., `\hobx'), type `I' and the correct
spelling (e.g., `I\hbox'). Otherwise just continue,
and I'll forget about whatever was undefined.


LaTeX Warning: Reference `claim:close-entries-W' on page 1 undefined on input line 165.

./content/algorithms.tex:165: Undefined control sequence.
<recently read> \Norm 
                      
l.165 ...aim:close-entries-W}, we have that $\Norm
                                                  {W'-W} \leq \Norm{W'-W}_F ...
The control sequence at the end of the top line
of your error message was never \def'ed. If you have
misspelled it (e.g., `\hobx'), type `I' and the correct
spelling (e.g., `I\hbox'). Otherwise just continue,
and I'll forget about whatever was undefined.

./content/algorithms.tex:165: Undefined control sequence.
l.165 ...-W}, we have that $\Norm{W'-W} \leq \Norm
                                                  {W'-W}_F \leq O_M(\delta)$.
The control sequence at the end of the top line
of your error message was never \def'ed. If you have
misspelled it (e.g., `\hobx'), type `I' and the correct
spelling (e.g., `I\hbox'). Otherwise just continue,
and I'll forget about whatever was undefined.

./content/algorithms.tex:168: Undefined control sequence.
l.168     \[\Norm
                 {(\tilde{A} - W') \sum_{j=1}^{\ell} Z_{a_j}} \leq \sum_{j=1...
The control sequence at the end of the top line
of your error message was never \def'ed. If you have
misspelled it (e.g., `\hobx'), type `I' and the correct
spelling (e.g., `I\hbox'). Otherwise just continue,
and I'll forget about whatever was undefined.

./content/algorithms.tex:168: Undefined control sequence.
l.168 ...ll} Z_{a_j}} \leq \sum_{j=1}^{\ell} \Norm
                                                  {(\tilde{A} - W') Z_{a_j}}...
The control sequence at the end of the top line
of your error message was never \def'ed. If you have
misspelled it (e.g., `\hobx'), type `I' and the correct
spelling (e.g., `I\hbox'). Otherwise just continue,
and I'll forget about whatever was undefined.

./content/algorithms.tex:168: Undefined control sequence.
l.168 ...W') Z_{a_j}} \leq \sum_{j=1}^{\ell} \Norm
                                                  {(\tilde{A} - W) Z_{a_j}} ...
The control sequence at the end of the top line
of your error message was never \def'ed. If you have
misspelled it (e.g., `\hobx'), type `I' and the correct
spelling (e.g., `I\hbox'). Otherwise just continue,
and I'll forget about whatever was undefined.

./content/algorithms.tex:168: Undefined control sequence.
l.168 ...A} - W) Z_{a_j}} + \sum_{j=1}^{\ell}\Norm
                                                  {(W'-W)Z_{a_j}}\,.\]
The control sequence at the end of the top line
of your error message was never \def'ed. If you have
misspelled it (e.g., `\hobx'), type `I' and the correct
spelling (e.g., `I\hbox'). Otherwise just continue,
and I'll forget about whatever was undefined.

./content/algorithms.tex:169: Undefined control sequence.
<recently read> \Norm 
                      
l.169 ... the right-hand side, we have that $\Norm
                                                  {\tilde{A} \frac{Z_a}{\Nor...
The control sequence at the end of the top line
of your error message was never \def'ed. If you have
misspelled it (e.g., `\hobx'), type `I' and the correct
spelling (e.g., `I\hbox'). Otherwise just continue,
and I'll forget about whatever was undefined.

./content/algorithms.tex:169: Undefined control sequence.
<argument> \Norm 
                 {Z_a}
l.169 ...t $\Norm{\tilde{A} \frac{Z_a}{\Norm{Z_a}}
                                                   - W \frac{Z_a}{\Norm{Z_a}...
The control sequence at the end of the top line
of your error message was never \def'ed. If you have
misspelled it (e.g., `\hobx'), type `I' and the correct
spelling (e.g., `I\hbox'). Otherwise just continue,
and I'll forget about whatever was undefined.

./content/algorithms.tex:169: Undefined control sequence.
<argument> \Norm 
                 {Z_a}
l.169 ...a}{\Norm{Z_a}} - W \frac{Z_a}{\Norm{Z_a}}
                                                  }^2 \leq O_M\Paren{\lambda...
The control sequence at the end of the top line
of your error message was never \def'ed. If you have
misspelled it (e.g., `\hobx'), type `I' and the correct
spelling (e.g., `I\hbox'). Otherwise just continue,
and I'll forget about whatever was undefined.

./content/algorithms.tex:169: Undefined control sequence.
<recently read> \Norm 
                      
l.169 ...for all $a \in [k]$, so using that $\Norm
                                                  {Z_a} \leq \sqrt{n}$ we ca...
The control sequence at the end of the top line
of your error message was never \def'ed. If you have
misspelled it (e.g., `\hobx'), type `I' and the correct
spelling (e.g., `I\hbox'). Otherwise just continue,
and I'll forget about whatever was undefined.

./content/algorithms.tex:170: Undefined control sequence.
l.170     \[\sum_{j=1}^{\ell} \Norm
                                   {(\tilde{A} - W) Z_{a_j}} \leq \sqrt{n} \...
The control sequence at the end of the top line
of your error message was never \def'ed. If you have
misspelled it (e.g., `\hobx'), type `I' and the correct
spelling (e.g., `I\hbox'). Otherwise just continue,
and I'll forget about whatever was undefined.

./content/algorithms.tex:172: Undefined control sequence.
l.172     \[\sum_{j=1}^{\ell} \Norm
                                   {(W'-W)Z_{a_j}} \leq \sum_{j=1}^{\ell} \N...
The control sequence at the end of the top line
of your error message was never \def'ed. If you have
misspelled it (e.g., `\hobx'), type `I' and the correct
spelling (e.g., `I\hbox'). Otherwise just continue,
and I'll forget about whatever was undefined.

./content/algorithms.tex:172: Undefined control sequence.
l.172 ...'-W)Z_{a_j}} \leq \sum_{j=1}^{\ell} \Norm
                                                  {W'-W} \Norm{Z_{a_j}} \leq...
The control sequence at the end of the top line
of your error message was never \def'ed. If you have
misspelled it (e.g., `\hobx'), type `I' and the correct
spelling (e.g., `I\hbox'). Otherwise just continue,
and I'll forget about whatever was undefined.

./content/algorithms.tex:172: Undefined control sequence.
l.172 ... \leq \sum_{j=1}^{\ell} \Norm{W'-W} \Norm
                                                  {Z_{a_j}} \leq \sqrt{n} \c...
The control sequence at the end of the top line
of your error message was never \def'ed. If you have
misspelled it (e.g., `\hobx'), type `I' and the correct
spelling (e.g., `I\hbox'). Otherwise just continue,
and I'll forget about whatever was undefined.

./content/algorithms.tex:173: Undefined control sequence.
<recently read> \Norm 
                      
l.173     Then, also using that $\Norm
                                      {\sum_{j=1}^{\ell} Z_{a_j}} \geq \Omeg...
The control sequence at the end of the top line
of your error message was never \def'ed. If you have
misspelled it (e.g., `\hobx'), type `I' and the correct
spelling (e.g., `I\hbox'). Otherwise just continue,
and I'll forget about whatever was undefined.

./content/algorithms.tex:174: Undefined control sequence.
l.174     \[\Norm
                 {(\tilde{A} - W') \frac{\sum_{j=1}^{\ell} Z_{a_j}}{\Norm{\s...
The control sequence at the end of the top line
of your error message was never \def'ed. If you have
misspelled it (e.g., `\hobx'), type `I' and the correct
spelling (e.g., `I\hbox'). Otherwise just continue,
and I'll forget about whatever was undefined.

./content/algorithms.tex:174: Undefined control sequence.
<argument> \Norm 
                 {\sum _{j=1}^{\ell } Z_{a_j}}
l.174 ..._{a_j}}{\Norm{\sum_{j=1}^{\ell} Z_{a_j}}}
                                                  }^2 \leq O_M \Paren{\lambd...
The control sequence at the end of the top line
of your error message was never \def'ed. If you have
misspelled it (e.g., `\hobx'), type `I' and the correct
spelling (e.g., `I\hbox'). Otherwise just continue,
and I'll forget about whatever was undefined.



[25]

LaTeX Warning: Reference `thm:part-recovery' on page 1 undefined on input line 175.

./content/algorithms.tex:178: Undefined control sequence.
<recently read> \rank 
                      
l.178     Because $\rank
                        _{\geq \lambda}(\tilde{A}) \leq 1$, by applying \cre...
The control sequence at the end of the top line
of your error message was never \def'ed. If you have
misspelled it (e.g., `\hobx'), type `I' and the correct
spelling (e.g., `I\hbox'). Otherwise just continue,
and I'll forget about whatever was undefined.


LaTeX Warning: Reference `cor:spectral_small_to_small' on page 1 undefined on input line 178.

./content/algorithms.tex:178: Undefined control sequence.
<recently read> \rank 
                      
l.178 ... rank of $\tilde{A}$ is bounded by $\rank
                                                  _{\leq -\sqrt{2\lambda}}(\...
The control sequence at the end of the top line
of your error message was never \def'ed. If you have
misspelled it (e.g., `\hobx'), type `I' and the correct
spelling (e.g., `I\hbox'). Otherwise just continue,
and I'll forget about whatever was undefined.


LaTeX Warning: Reference `thm:part-recovery' on page 1 undefined on input line 180.


LaTeX Warning: Reference `thm:part-recovery' on page 1 undefined on input line 183.

./content/algorithms.tex:183: Undefined control sequence.
l.183 ... the colour classes that $\mathbb{E}_{\bm
                                                  {x} \sim \operatorname{Uni...
The control sequence at the end of the top line
of your error message was never \def'ed. If you have
misspelled it (e.g., `\hobx'), type `I' and the correct
spelling (e.g., `I\hbox'). Otherwise just continue,
and I'll forget about whatever was undefined.

./content/algorithms.tex:183: Undefined control sequence.
l.183 ...{\bm{x} \sim \operatorname{Unif}([n])} \1
                                                  [\hat\chi'(x) \neq \chi'(x...
The control sequence at the end of the top line
of your error message was never \def'ed. If you have
misspelled it (e.g., `\hobx'), type `I' and the correct
spelling (e.g., `I\hbox'). Otherwise just continue,
and I'll forget about whatever was undefined.

./content/algorithms.tex:184: Undefined control sequence.
<recently read> \e 
                   
l.184     Let $\e
                  = O_M(\lambda + \delta/\lambda)$ be equal to this upper bo...
The control sequence at the end of the top line
of your error message was never \def'ed. If you have
misspelled it (e.g., `\hobx'), type `I' and the correct
spelling (e.g., `I\hbox'). Otherwise just continue,
and I'll forget about whatever was undefined.


LaTeX Warning: Reference `lemma: generalrounding' on page 1 undefined on input line 185.


LaTeX Warning: Reference `lemma: generalrounding' on page 1 undefined on input line 188.

./content/algorithms.tex:188: Undefined control sequence.
l.188 ...generalrounding} will remove at most $2\e
                                                   n$ vertices due to miscla...
The control sequence at the end of the top line
of your error message was never \def'ed. If you have
misspelled it (e.g., `\hobx'), type `I' and the correct
spelling (e.g., `I\hbox'). Otherwise just continue,
and I'll forget about whatever was undefined.

./content/algorithms.tex:191: Undefined control sequence.
l.191 ... start by defining $\bar{a}_i^* = \argmax
                                                  _{a \in S_i} |\chi^{-1}(a)...
The control sequence at the end of the top line
of your error message was never \def'ed. If you have
misspelled it (e.g., `\hobx'), type `I' and the correct
spelling (e.g., `I\hbox'). Otherwise just continue,
and I'll forget about whatever was undefined.


LaTeX Warning: Reference `lemma: generalrounding' on page 1 undefined on input line 192.

./content/algorithms.tex:194: Undefined control sequence.
l.194 ...um_{i \in [k']} \bar{p}_i + 2\delta + 2\e
                                                  )$-colouring for $G$.
The control sequence at the end of the top line
of your error message was never \def'ed. If you have
misspelled it (e.g., `\hobx'), type `I' and the correct
spelling (e.g., `I\hbox'). Otherwise just continue,
and I'll forget about whatever was undefined.


LaTeX Warning: Reference `lemma:model-colour-size' on page 1 undefined on input line 195.

./content/algorithms.tex:195: Undefined control sequence.
l.195 ... \in [k']} p_i + O_M(\sqrt{\delta}) + 2\e
                                                  )$-colouring for $G$, wher...
The control sequence at the end of the top line
of your error message was never \def'ed. If you have
misspelled it (e.g., `\hobx'), type `I' and the correct
spelling (e.g., `I\hbox'). Otherwise just continue,
and I'll forget about whatever was undefined.

./content/algorithms.tex:196: Undefined control sequence.
<recently read> \e 
                   
l.196     Recalling that $\e
                             = O_M(\lambda + \delta/\lambda)$ gives the stat...
The control sequence at the end of the top line
of your error message was never \def'ed. If you have
misspelled it (e.g., `\hobx'), type `I' and the correct
spelling (e.g., `I\hbox'). Otherwise just continue,
and I'll forget about whatever was undefined.


Underfull \hbox (badness 10000) in paragraph at lines 191--197
\OT1/pplx/m/n/10.95 (+20) most
 []


Overfull \hbox (6.1985pt too wide) in paragraph at lines 191--197
\OT1/pplx/m/n/10.95 (-20) each $\OML/zplm/m/it/10.95 i \OMS/zplm/m/n/10.95 2 \OT1/zplm/m/n/10.95 [\OML/zplm/m/it/10.95 k[]\OT1/zplm/m/n/10.95 ]$ \OT1/pplx/m/n/10.95 (-20) the num-ber of sur-viv-ing ver-tices is at least $[] \OT1/zplm/m/n/10.95 = [](\OT1/pplx/m/n/10.95 (-20) 0, \OMS/zplm/m/n/10.95 j\OML/zplm/m/it/10.95 ^^_[]\OT1/zplm/m/n/10.95 (\OML/zplm/m/it/10.95 a[]\OT1/zplm/m/n/10.95 )\OMS/zplm/m/n/10.95 j ^^@
 []

LaTeX Font Info:    Font shape `U/msa/m/n' will be
(Font)              scaled to size 9.37807pt on input line 201.
LaTeX Font Info:    Font shape `U/msa/m/n' will be
(Font)              scaled to size 7.29405pt on input line 201.
LaTeX Font Info:    Font shape `U/msb/m/n' will be
(Font)              scaled to size 9.37807pt on input line 201.
LaTeX Font Info:    Font shape `U/msb/m/n' will be
(Font)              scaled to size 7.29405pt on input line 201.

Package natbib Warning: Citation `MR2648426' on page 26 undefined on input line 204.


LaTeX Warning: Reference `thm:kalg' on page 1 undefined on input line 204.



[26]

LaTeX Warning: Reference `def:model' on page 1 undefined on input line 215.


LaTeX Warning: Reference `thm:part-recovery' on page 1 undefined on input line 216.

./content/algorithms.tex:219: Undefined control sequence.
<recently read> \Abs 
                     
l.219 ...e than half of the vertices. Hence, $\Abs
                                                  {\chi^{-1}(a)}\geq (1/2-\d...
The control sequence at the end of the top line
of your error message was never \def'ed. If you have
misspelled it (e.g., `\hobx'), type `I' and the correct
spelling (e.g., `I\hbox'). Otherwise just continue,
and I'll forget about whatever was undefined.


LaTeX Warning: Reference `thm:kalg-partial' on page 1 undefined on input line 221.

./content/algorithms.tex:223: Undefined control sequence.
<recently read> \Norm 
                      
l.223 ... M B^{-1/2}$ is symmetric and that $\Norm
                                                  {M} = 1$.
The control sequence at the end of the top line
of your error message was never \def'ed. If you have
misspelled it (e.g., `\hobx'), type `I' and the correct
spelling (e.g., `I\hbox'). Otherwise just continue,
and I'll forget about whatever was undefined.


LaTeX Warning: Reference `lemma: expansionimpliesvariance' on page 1 undefined on input line 224.


LaTeX Warning: Reference `lem:small-var-to-indic' on page 1 undefined on input line 224.

./content/algorithms.tex:224: Undefined control sequence.
<recently read> \Norm 
                      
l.224 ...\cref{lem:small-var-to-indic} that $\Norm
                                                  {\tilde{A} \frac{Z_a}{\Nor...
The control sequence at the end of the top line
of your error message was never \def'ed. If you have
misspelled it (e.g., `\hobx'), type `I' and the correct
spelling (e.g., `I\hbox'). Otherwise just continue,
and I'll forget about whatever was undefined.

./content/algorithms.tex:224: Undefined control sequence.
<argument> \Norm 
                 {Z_a}
l.224 ...t $\Norm{\tilde{A} \frac{Z_a}{\Norm{Z_a}}
                                                   - W \frac{Z_a}{\Norm{Z_a}...
The control sequence at the end of the top line
of your error message was never \def'ed. If you have
misspelled it (e.g., `\hobx'), type `I' and the correct
spelling (e.g., `I\hbox'). Otherwise just continue,
and I'll forget about whatever was undefined.

./content/algorithms.tex:224: Undefined control sequence.
<argument> \Norm 
                 {Z_a}
l.224 ...a}{\Norm{Z_a}} - W \frac{Z_a}{\Norm{Z_a}}
                                                  }^2 \leq O\Paren{\lambda +...
The control sequence at the end of the top line
of your error message was never \def'ed. If you have
misspelled it (e.g., `\hobx'), type `I' and the correct
spelling (e.g., `I\hbox'). Otherwise just continue,
and I'll forget about whatever was undefined.


LaTeX Warning: Reference `cor:spectral_small_to_small' on page 1 undefined on input line 225.

./content/algorithms.tex:225: Undefined control sequence.
<recently read> \rank 
                      
l.225 ..._small} with $\sigma=\lambda$ that $\rank
                                                  _{\leq -\sqrt{2\lambda}}(\...
The control sequence at the end of the top line
of your error message was never \def'ed. If you have
misspelled it (e.g., `\hobx'), type `I' and the correct
spelling (e.g., `I\hbox'). Otherwise just continue,
and I'll forget about whatever was undefined.


LaTeX Warning: Reference `thm:part-recovery' on page 1 undefined on input line 227.

./content/algorithms.tex:228: Undefined control sequence.
l.228 ... the colour classes that $\mathbb{E}_{\bm
                                                  {x} \sim \operatorname{Uni...
The control sequence at the end of the top line
of your error message was never \def'ed. If you have
misspelled it (e.g., `\hobx'), type `I' and the correct
spelling (e.g., `I\hbox'). Otherwise just continue,
and I'll forget about whatever was undefined.

./content/algorithms.tex:228: Undefined control sequence.
l.228 ...{\bm{x} \sim \operatorname{Unif}([n])} \1
                                                  [\hat\chi(x) \neq \chi(x)]...
The control sequence at the end of the top line
of your error message was never \def'ed. If you have
misspelled it (e.g., `\hobx'), type `I' and the correct
spelling (e.g., `I\hbox'). Otherwise just continue,
and I'll forget about whatever was undefined.


LaTeX Warning: Reference `thm:kalg-partial' on page 1 undefined on input line 229.


LaTeX Warning: Reference `lemma: generalrounding' on page 1 undefined on input line 229.


LaTeX Warning: Reference `thm:kalg-partial' on page 1 undefined on input line 230.



[27]
./content/algorithms.tex:247: Undefined control sequence.
l.247     Also for all $b\in [3]\setminus\Set
                                             {a}$, we have $\pi(a) M_{ab} = ...
The control sequence at the end of the top line
of your error message was never \def'ed. If you have
misspelled it (e.g., `\hobx'), type `I' and the correct
spelling (e.g., `I\hbox'). Otherwise just continue,
and I'll forget about whatever was undefined.

./content/algorithms.tex:258: Undefined control sequence.
<recently read> \Norm 
                      
l.258 ...(a)}$ and $M^{(b)}$ of $M$ satisfy $\Norm
                                                  {M^{(a)} - M^{(b)}} \geq \...
The control sequence at the end of the top line
of your error message was never \def'ed. If you have
misspelled it (e.g., `\hobx'), type `I' and the correct
spelling (e.g., `I\hbox'). Otherwise just continue,
and I'll forget about whatever was undefined.


LaTeX Warning: Reference `lemma: 3colouringfixedaveragedegree' on page 1 undefined on input line 262.

./content/algorithms.tex:264: Undefined control sequence.
<recently read> \Norm 
                      
l.264 Then the conclusion follows because $\Norm
                                                {M^{(a)} - M^{(b)}} \geq M_{...
The control sequence at the end of the top line
of your error message was never \def'ed. If you have
misspelled it (e.g., `\hobx'), type `I' and the correct
spelling (e.g., `I\hbox'). Otherwise just continue,
and I'll forget about whatever was undefined.


LaTeX Warning: Reference `def:model' on page 1 undefined on input line 279.


LaTeX Warning: Reference `thm:part-recovery' on page 1 undefined on input line 280.

./content/algorithms.tex:284: Undefined control sequence.
<recently read> \Norm 
                      
l.284 ...(a)}$ and $M^{(b)}$ of $M$ satisfy $\Norm
                                                  {M^{(a)} - M^{(b)}} \geq \...
The control sequence at the end of the top line
of your error message was never \def'ed. If you have
misspelled it (e.g., `\hobx'), type `I' and the correct
spelling (e.g., `I\hbox'). Otherwise just continue,
and I'll forget about whatever was undefined.


Overfull \hbox (11.03596pt too wide) in paragraph at lines 284--285
[]\OT1/pplx/m/it/10.95 (-20) If $\OML/zplm/m/it/10.95 ^^N \OMS/zplm/m/n/10.95 ^^\ \OML/zplm/m/it/10.95 ^^M[]$\OT1/pplx/m/it/10.95 (-20) , then any two rows $\OML/zplm/m/it/10.95 M[]$ \OT1/pplx/m/it/10.95 (-20) and $\OML/zplm/m/it/10.95 M[]$ \OT1/pplx/m/it/10.95 (-20) of $\OML/zplm/m/it/10.95 M$ \OT1/pplx/m/it/10.95 (-20) sat-isfy $[] \OMS/zplm/m/n/10.95 ^^U
 []


LaTeX Warning: Reference `lemma: 3colouringrowseparation' on page 1 undefined on input line 287.

./content/algorithms.tex:291: Undefined control sequence.
<recently read> \Set 
                     
l.291 ...bution of $M$, which coincides with $\Set
                                                  {\frac{1}{n} |\chi^{-1}(a)...
The control sequence at the end of the top line
of your error message was never \def'ed. If you have
misspelled it (e.g., `\hobx'), type `I' and the correct
spelling (e.g., `I\hbox'). Otherwise just continue,
and I'll forget about whatever was undefined.

./content/algorithms.tex:293: Undefined control sequence.
<recently read> \Set 
                     
l.293 ...ility mass function proportional to $\Set
                                                  {\pi_a \Paren{\sum_{c \neq...
The control sequence at the end of the top line
of your error message was never \def'ed. If you have
misspelled it (e.g., `\hobx'), type `I' and the correct
spelling (e.g., `I\hbox'). Otherwise just continue,
and I'll forget about whatever was undefined.

./content/algorithms.tex:295: Undefined control sequence.
<recently read> \Norm 
                      
l.295 Then $\Norm
                 {M - M'} \leq O(\delta / \gamma)$, and also the stationary ...
The control sequence at the end of the top line
of your error message was never \def'ed. If you have
misspelled it (e.g., `\hobx'), type `I' and the correct
spelling (e.g., `I\hbox'). Otherwise just continue,
and I'll forget about whatever was undefined.


LaTeX Warning: Reference `lemma: 3colouringrowseparation' on page 1 undefined on input line 296.



[28]

LaTeX Warning: Reference `claim:3-row-sep' on page 1 undefined on input line 300.


LaTeX Warning: Reference `thm:kalg-partial' on page 1 undefined on input line 301.

./content/algorithms.tex:303: Undefined control sequence.
<recently read> \Norm 
                      
l.303 ... M B^{-1/2}$ is symmetric and that $\Norm
                                                  {M} = 1$.
The control sequence at the end of the top line
of your error message was never \def'ed. If you have
misspelled it (e.g., `\hobx'), type `I' and the correct
spelling (e.g., `I\hbox'). Otherwise just continue,
and I'll forget about whatever was undefined.


LaTeX Warning: Reference `claim:3-row-sep' on page 1 undefined on input line 306.


LaTeX Warning: Reference `lemma: expansionimpliesvariance' on page 1 undefined on input line 307.


LaTeX Warning: Reference `lem:small-var-to-indic' on page 1 undefined on input line 307.

./content/algorithms.tex:307: Undefined control sequence.
<recently read> \Norm 
                      
l.307 ...\cref{lem:small-var-to-indic} that $\Norm
                                                  {\tilde{A} \frac{Z_a}{\Nor...
The control sequence at the end of the top line
of your error message was never \def'ed. If you have
misspelled it (e.g., `\hobx'), type `I' and the correct
spelling (e.g., `I\hbox'). Otherwise just continue,
and I'll forget about whatever was undefined.

./content/algorithms.tex:307: Undefined control sequence.
<argument> \Norm 
                 {Z_a}
l.307 ...t $\Norm{\tilde{A} \frac{Z_a}{\Norm{Z_a}}
                                                   - W \frac{Z_a}{\Norm{Z_a}...
The control sequence at the end of the top line
of your error message was never \def'ed. If you have
misspelled it (e.g., `\hobx'), type `I' and the correct
spelling (e.g., `I\hbox'). Otherwise just continue,
and I'll forget about whatever was undefined.

./content/algorithms.tex:307: Undefined control sequence.
<argument> \Norm 
                 {Z_a}
l.307 ...a}{\Norm{Z_a}} - W \frac{Z_a}{\Norm{Z_a}}
                                                  }^2 \leq O\Paren{\lambda/\...
The control sequence at the end of the top line
of your error message was never \def'ed. If you have
misspelled it (e.g., `\hobx'), type `I' and the correct
spelling (e.g., `I\hbox'). Otherwise just continue,
and I'll forget about whatever was undefined.


LaTeX Warning: Reference `cor:spectral_small_to_small' on page 1 undefined on input line 308.

./content/algorithms.tex:308: Undefined control sequence.
<recently read> \rank 
                      
l.308 ..._small} with $\sigma=\lambda$ that $\rank
                                                  _{\leq -\sqrt{2\lambda}}(\...
The control sequence at the end of the top line
of your error message was never \def'ed. If you have
misspelled it (e.g., `\hobx'), type `I' and the correct
spelling (e.g., `I\hbox'). Otherwise just continue,
and I'll forget about whatever was undefined.


LaTeX Warning: Reference `thm:part-recovery' on page 1 undefined on input line 310.

./content/algorithms.tex:311: Undefined control sequence.
l.311 ... the colour classes that $\mathbb{E}_{\bm
                                                  {x} \sim \operatorname{Uni...
The control sequence at the end of the top line
of your error message was never \def'ed. If you have
misspelled it (e.g., `\hobx'), type `I' and the correct
spelling (e.g., `I\hbox'). Otherwise just continue,
and I'll forget about whatever was undefined.

./content/algorithms.tex:311: Undefined control sequence.
l.311 ...{\bm{x} \sim \operatorname{Unif}([n])} \1
                                                  [\hat\chi(x) \neq \chi(x)]...
The control sequence at the end of the top line
of your error message was never \def'ed. If you have
misspelled it (e.g., `\hobx'), type `I' and the correct
spelling (e.g., `I\hbox'). Otherwise just continue,
and I'll forget about whatever was undefined.


LaTeX Warning: Reference `thm:kalg-partial' on page 1 undefined on input line 312.


LaTeX Warning: Reference `lemma: generalrounding' on page 1 undefined on input line 312.


LaTeX Warning: Reference `thm:kalg-partial' on page 1 undefined on input line 313.


Package natbib Warning: Citation `barak-raghavendra-steurer' on page 29 undefined on input line 317.



[29]

LaTeX Warning: Reference `thm:3alg' on page 1 undefined on input line 319.


Package natbib Warning: Citation `barak-raghavendra-steurer' on page 30 undefined on input line 319.

./content/algorithms.tex:324: Undefined control sequence.
l.324 ...elta^6\gamma^9}{10^2}$ that admits a \tcl
                                                   $\chi$ such that $\max_{a...
The control sequence at the end of the top line
of your error message was never \def'ed. If you have
misspelled it (e.g., `\hobx'), type `I' and the correct
spelling (e.g., `I\hbox'). Otherwise just continue,
and I'll forget about whatever was undefined.

./content/algorithms.tex:324: Undefined control sequence.
l.324 ...alternative (not necessarily proper) \tcl
                                                   with $\text{agree}(\chi, ...
The control sequence at the end of the top line
of your error message was never \def'ed. If you have
misspelled it (e.g., `\hobx'), type `I' and the correct
spelling (e.g., `I\hbox'). Otherwise just continue,
and I'll forget about whatever was undefined.


LaTeX Warning: Reference `lemma: expansionimpliesvariance' on page 1 undefined on input line 327.


LaTeX Warning: Reference `thm: vertexvsedgeviolation' on page 1 undefined on input line 330.

./content/algorithms.tex:333: Undefined control sequence.
<recently read> \Abs 
                     
l.333 ...exist colours $a$ and $b$ such that $\Abs
                                                  {\chi'^{-1}(b)}$, $\Abs{\p...
The control sequence at the end of the top line
of your error message was never \def'ed. If you have
misspelled it (e.g., `\hobx'), type `I' and the correct
spelling (e.g., `I\hbox'). Otherwise just continue,
and I'll forget about whatever was undefined.

./content/algorithms.tex:333: Undefined control sequence.
<recently read> \Abs 
                     
l.333 ...b$ such that $\Abs{\chi'^{-1}(b)}$, $\Abs
                                                  {\psi^{-1}(a, b)}$, and $\...
The control sequence at the end of the top line
of your error message was never \def'ed. If you have
misspelled it (e.g., `\hobx'), type `I' and the correct
spelling (e.g., `I\hbox'). Otherwise just continue,
and I'll forget about whatever was undefined.

./content/algorithms.tex:333: Undefined control sequence.
<recently read> \Abs 
                     
l.333 ...(b)}$, $\Abs{\psi^{-1}(a, b)}$, and $\Abs
                                                  {\psi^{-1}(b, b)}$ are not...
The control sequence at the end of the top line
of your error message was never \def'ed. If you have
misspelled it (e.g., `\hobx'), type `I' and the correct
spelling (e.g., `I\hbox'). Otherwise just continue,
and I'll forget about whatever was undefined.


LaTeX Warning: Reference `lemma: expansionimpliesvariance' on page 1 undefined on input line 335.

./content/algorithms.tex:339: Undefined control sequence.
<recently read> \1
                  
l.339 ...ruct a test vector $v$ (orthogonal to $\1
                                                  $) showcasing that expansi...
The control sequence at the end of the top line
of your error message was never \def'ed. If you have
misspelled it (e.g., `\hobx'), type `I' and the correct
spelling (e.g., `I\hbox'). Otherwise just continue,
and I'll forget about whatever was undefined.



[30]
./content/algorithms.tex:353: Undefined control sequence.
l.353 ...tion we consider randomly planting a \kcl
                                                   in a regular one-sided ex...
The control sequence at the end of the top line
of your error message was never \def'ed. If you have
misspelled it (e.g., `\hobx'), type `I' and the correct
spelling (e.g., `I\hbox'). Otherwise just continue,
and I'll forget about whatever was undefined.

./content/algorithms.tex:356: Undefined control sequence.
<argument> ...\endcsname \ (Randomly planted \kcl 
                                                  )\theorem@separator 
l.356 \begin{definition}[Randomly planted \kcl]
                                                \label[definition]{def: rand...
The control sequence at the end of the top line
of your error message was never \def'ed. If you have
misspelled it (e.g., `\hobx'), type `I' and the correct
spelling (e.g., `I\hbox'). Otherwise just continue,
and I'll forget about whatever was undefined.

./content/algorithms.tex:358: Undefined control sequence.
l.358 ...$ is obtained by randomly planting a \kcl
                                                   in $H$ if it is sampled a...
The control sequence at the end of the top line
of your error message was never \def'ed. If you have
misspelled it (e.g., `\hobx'), type `I' and the correct
spelling (e.g., `I\hbox'). Otherwise just continue,
and I'll forget about whatever was undefined.


LaTeX Warning: Reference `thm: random-planting-full' on page 1 undefined on input line 370.

./content/algorithms.tex:375: Undefined control sequence.
<recently read> \rank 
                      
l.375     Suppose $\rank
                        _{\geq \lambda}(\frac{1}{d}A_H) \leq t$ for some $0 ...
The control sequence at the end of the top line
of your error message was never \def'ed. If you have
misspelled it (e.g., `\hobx'), type `I' and the correct
spelling (e.g., `I\hbox'). Otherwise just continue,
and I'll forget about whatever was undefined.

./content/algorithms.tex:376: Undefined control sequence.
l.376 ...raph obtained by randomly planting a \kcl
                                                   in $H$, and let $\chi: [n...
The control sequence at the end of the top line
of your error message was never \def'ed. If you have
misspelled it (e.g., `\hobx'), type `I' and the correct
spelling (e.g., `I\hbox'). Otherwise just continue,
and I'll forget about whatever was undefined.

./content/algorithms.tex:376: Undefined control sequence.
l.376 ...\chi: [n] \to [k]$ be the associated \kcl
                                                  .
The control sequence at the end of the top line
of your error message was never \def'ed. If you have
misspelled it (e.g., `\hobx'), type `I' and the correct
spelling (e.g., `I\hbox'). Otherwise just continue,
and I'll forget about whatever was undefined.


LaTeX Warning: Reference `thm: random-planting-partial' on page 1 undefined on input line 380.

./content/algorithms.tex:380: Undefined control sequence.
l.380 ...$ obtained after randomly planting a \kcl
                                                   in $H$.
The control sequence at the end of the top line
of your error message was never \def'ed. If you have
misspelled it (e.g., `\hobx'), type `I' and the correct
spelling (e.g., `I\hbox'). Otherwise just continue,
and I'll forget about whatever was undefined.

./content/algorithms.tex:385: Undefined control sequence.
l.385 ...raph obtained by randomly planting a \kcl
                                                   in $H$ for some $k=O(1)$,...
The control sequence at the end of the top line
of your error message was never \def'ed. If you have
misspelled it (e.g., `\hobx'), type `I' and the correct
spelling (e.g., `I\hbox'). Otherwise just continue,
and I'll forget about whatever was undefined.

./content/algorithms.tex:385: Undefined control sequence.
l.385 ...\chi: [n] \to [k]$ be the associated \kcl
                                                  .
The control sequence at the end of the top line
of your error message was never \def'ed. If you have
misspelled it (e.g., `\hobx'), type `I' and the correct
spelling (e.g., `I\hbox'). Otherwise just continue,
and I'll forget about whatever was undefined.

./content/algorithms.tex:394: Undefined control sequence.
l.394 ...raph obtained by randomly planting a \kcl
                                                   in $H$ for some $k=O(1)$,...
The control sequence at the end of the top line
of your error message was never \def'ed. If you have
misspelled it (e.g., `\hobx'), type `I' and the correct
spelling (e.g., `I\hbox'). Otherwise just continue,
and I'll forget about whatever was undefined.

./content/algorithms.tex:394: Undefined control sequence.
l.394 ...\chi: [n] \to [k]$ be the associated \kcl
                                                  .
The control sequence at the end of the top line
of your error message was never \def'ed. If you have
misspelled it (e.g., `\hobx'), type `I' and the correct
spelling (e.g., `I\hbox'). Otherwise just continue,
and I'll forget about whatever was undefined.


LaTeX Warning: Reference `def:model' on page 1 undefined on input line 396.



[31]
./content/algorithms.tex:402: Undefined control sequence.
<recently read> \D 
                   
l.402 ... for $x \in [n]$ and $a \in [k]$, let $\D
                                                  {x}{a} = \sum_{y \in \chi^...
The control sequence at the end of the top line
of your error message was never \def'ed. If you have
misspelled it (e.g., `\hobx'), type `I' and the correct
spelling (e.g., `I\hbox'). Otherwise just continue,
and I'll forget about whatever was undefined.

./content/algorithms.tex:406: Undefined control sequence.
<argument> \Brac 
                 
l.406     \E\Brac
                 {\sum_{x\in \chi^{-1}(a)} \D{x}{b}}
The control sequence at the end of the top line
of your error message was never \def'ed. If you have
misspelled it (e.g., `\hobx'), type `I' and the correct
spelling (e.g., `I\hbox'). Otherwise just continue,
and I'll forget about whatever was undefined.

./content/algorithms.tex:406: Undefined control sequence.
l.406     \E\Brac{\sum_{x\in \chi^{-1}(a)} \D
                                             {x}{b}}
The control sequence at the end of the top line
of your error message was never \def'ed. If you have
misspelled it (e.g., `\hobx'), type `I' and the correct
spelling (e.g., `I\hbox'). Otherwise just continue,
and I'll forget about whatever was undefined.

./content/algorithms.tex:407: Undefined control sequence.
<argument> \Brac 
                 
l.407     &= \frac1{d'}\;\E\Brac
                                {\sum_{x\sim y\in E(H)}
The control sequence at the end of the top line
of your error message was never \def'ed. If you have
misspelled it (e.g., `\hobx'), type `I' and the correct
spelling (e.g., `I\hbox'). Otherwise just continue,
and I'll forget about whatever was undefined.

./content/algorithms.tex:409: Undefined control sequence.
<argument> \1
             [\chi (x)=a\land \chi (y)=b] +\1[\chi (x)=b\land \chi (y)=a]
l.409             +\1[\chi(x)=b\land\chi(y)=a]}
                                               } \\[6pt]
The control sequence at the end of the top line
of your error message was never \def'ed. If you have
misspelled it (e.g., `\hobx'), type `I' and the correct
spelling (e.g., `I\hbox'). Otherwise just continue,
and I'll forget about whatever was undefined.

./content/algorithms.tex:409: Undefined control sequence.
<argument> \1[\chi (x)=a\land \chi (y)=b] +\1
                                             [\chi (x)=b\land \chi (y)=a]
l.409             +\1[\chi(x)=b\land\chi(y)=a]}
                                               } \\[6pt]
The control sequence at the end of the top line
of your error message was never \def'ed. If you have
misspelled it (e.g., `\hobx'), type `I' and the correct
spelling (e.g., `I\hbox'). Otherwise just continue,
and I'll forget about whatever was undefined.


Overfull \hbox (9.99562pt too wide) detected at line 413
[][]
 []

./content/algorithms.tex:415: Undefined control sequence.
l.415 ... or decrease $\sum_{x\in \chi^{-1}(a)} \D
                                                  {x}{b}$ by at most $O(1)$....
The control sequence at the end of the top line
of your error message was never \def'ed. If you have
misspelled it (e.g., `\hobx'), type `I' and the correct
spelling (e.g., `I\hbox'). Otherwise just continue,
and I'll forget about whatever was undefined.

./content/algorithms.tex:415: Undefined control sequence.
l.415 ...y gives that $\sum_{x\in \chi^{-1}(a)} \D
                                                  {x}{b}$ is with probabilit...
The control sequence at the end of the top line
of your error message was never \def'ed. If you have
misspelled it (e.g., `\hobx'), type `I' and the correct
spelling (e.g., `I\hbox'). Otherwise just continue,
and I'll forget about whatever was undefined.


LaTeX Warning: Reference `fact: balancedparts' on page 1 undefined on input line 415.

./content/algorithms.tex:425: Undefined control sequence.
l.425 ...raph obtained by randomly planting a \kcl
                                                   in $H$ for some $k=O(1)$,...
The control sequence at the end of the top line
of your error message was never \def'ed. If you have
misspelled it (e.g., `\hobx'), type `I' and the correct
spelling (e.g., `I\hbox'). Otherwise just continue,
and I'll forget about whatever was undefined.

./content/algorithms.tex:425: Undefined control sequence.
l.425 ...\chi: [n] \to [k]$ be the associated \kcl
                                                  .
The control sequence at the end of the top line
of your error message was never \def'ed. If you have
misspelled it (e.g., `\hobx'), type `I' and the correct
spelling (e.g., `I\hbox'). Otherwise just continue,
and I'll forget about whatever was undefined.

./content/algorithms.tex:427: Undefined control sequence.
<recently read> \D 
                   
l.427     For $x \in [n]$ and $a \in [k]$, let $\D
                                                  {x}{a} = \sum_{y \in \chi^...
The control sequence at the end of the top line
of your error message was never \def'ed. If you have
misspelled it (e.g., `\hobx'), type `I' and the correct
spelling (e.g., `I\hbox'). Otherwise just continue,
and I'll forget about whatever was undefined.

./content/algorithms.tex:428: Undefined control sequence.
<recently read> \bm 
                    
l.428 ...bability, for any $a, b \in [k]$ and $\bm
                                                  {x}$ uniformly random in $...
The control sequence at the end of the top line
of your error message was never \def'ed. If you have
misspelled it (e.g., `\hobx'), type `I' and the correct
spelling (e.g., `I\hbox'). Otherwise just continue,
and I'll forget about whatever was undefined.

./content/algorithms.tex:429: Missing { inserted.
<to be read again> 
                   \mathclose 
l.429     \[\E_
               {\bm{x} \sim \chi^{-1}(a)} \Paren{\D{\bm{x}}{b} - \E_{\bm{x} ...
A left brace was mandatory here, so I've put one in.
You might want to delete and/or insert some corrections
so that I will find a matching right brace soon.
(If you're confused by all this, try typing `I}' now.)

./content/algorithms.tex:429: Undefined control sequence.
l.429     \[\E_{\bm
                   {x} \sim \chi^{-1}(a)} \Paren{\D{\bm{x}}{b} - \E_{\bm{x} ...
The control sequence at the end of the top line
of your error message was never \def'ed. If you have
misspelled it (e.g., `\hobx'), type `I' and the correct
spelling (e.g., `I\hbox'). Otherwise just continue,
and I'll forget about whatever was undefined.

./content/algorithms.tex:429: Undefined control sequence.
<argument> \D 
              {\bm {x}}{b} - \E _{\bm {x} \sim \chi ^{-1}(a)} \D {\bm {x}}{b}
l.429 ...{\bm{x} \sim \chi^{-1}(a)} \D{\bm{x}}{b}}
                                                  ^2 \leq 1/d^{\Omega(1)}\,.\]
The control sequence at the end of the top line
of your error message was never \def'ed. If you have
misspelled it (e.g., `\hobx'), type `I' and the correct
spelling (e.g., `I\hbox'). Otherwise just continue,
and I'll forget about whatever was undefined.

./content/algorithms.tex:429: Undefined control sequence.
<argument> \D {\bm 
                   {x}}{b} - \E _{\bm {x} \sim \chi ^{-1}(a)} \D {\bm {x}}{b}
l.429 ...{\bm{x} \sim \chi^{-1}(a)} \D{\bm{x}}{b}}
                                                  ^2 \leq 1/d^{\Omega(1)}\,.\]
The control sequence at the end of the top line
of your error message was never \def'ed. If you have
misspelled it (e.g., `\hobx'), type `I' and the correct
spelling (e.g., `I\hbox'). Otherwise just continue,
and I'll forget about whatever was undefined.

./content/algorithms.tex:429: Missing { inserted.
<to be read again> 
                   \mathclose 
l.429 ...{\bm{x} \sim \chi^{-1}(a)} \D{\bm{x}}{b}}
                                                  ^2 \leq 1/d^{\Omega(1)}\,.\]
A left brace was mandatory here, so I've put one in.
You might want to delete and/or insert some corrections
so that I will find a matching right brace soon.
(If you're confused by all this, try typing `I}' now.)

./content/algorithms.tex:429: Undefined control sequence.
<argument> \D {\bm {x}}{b} - \E _{\bm 
                                      {x} \sim \chi ^{-1}(a)} \D {\bm {x}}{b}
l.429 ...{\bm{x} \sim \chi^{-1}(a)} \D{\bm{x}}{b}}
                                                  ^2 \leq 1/d^{\Omega(1)}\,.\]
The control sequence at the end of the top line
of your error message was never \def'ed. If you have
misspelled it (e.g., `\hobx'), type `I' and the correct
spelling (e.g., `I\hbox'). Otherwise just continue,
and I'll forget about whatever was undefined.

./content/algorithms.tex:429: Undefined control sequence.
<argument> ...\E _{\bm {x} \sim \chi ^{-1}(a)} \D 
                                                  {\bm {x}}{b}
l.429 ...{\bm{x} \sim \chi^{-1}(a)} \D{\bm{x}}{b}}
                                                  ^2 \leq 1/d^{\Omega(1)}\,.\]
The control sequence at the end of the top line
of your error message was never \def'ed. If you have
misspelled it (e.g., `\hobx'), type `I' and the correct
spelling (e.g., `I\hbox'). Otherwise just continue,
and I'll forget about whatever was undefined.

./content/algorithms.tex:429: Undefined control sequence.
<argument> ...\bm {x} \sim \chi ^{-1}(a)} \D {\bm 
                                                  {x}}{b}
l.429 ...{\bm{x} \sim \chi^{-1}(a)} \D{\bm{x}}{b}}
                                                  ^2 \leq 1/d^{\Omega(1)}\,.\]
The control sequence at the end of the top line
of your error message was never \def'ed. If you have
misspelled it (e.g., `\hobx'), type `I' and the correct
spelling (e.g., `I\hbox'). Otherwise just continue,
and I'll forget about whatever was undefined.


./content/algorithms.tex:429: LaTeX Error: Bad math environment delimiter.

See the LaTeX manual or LaTeX Companion for explanation.
Type  H <return>  for immediate help.
 ...                                              
                                                  
l.429 ...D{\bm{x}}{b}}^2 \leq 1/d^{\Omega(1)}\,.\]
                                                  
Your command was ignored.
Type  I <command> <return>  to replace it with another command,
or  <return>  to continue without it.

./content/algorithms.tex:433: Missing $ inserted.
<inserted text> 
                $
l.433 \end{lemma}
                 
I've inserted a begin-math/end-math symbol since I think
you left one out. Proceed, with fingers crossed.

./content/algorithms.tex:433: Missing } inserted.
<inserted text> 
                }
l.433 \end{lemma}
                 
I've inserted something that you may have forgotten.
(See the <inserted text> above.)
With luck, this will get me unwedged. But if you
really didn't forget anything, try typing `2' now; then
my insertion and my current dilemma will both disappear.

./content/algorithms.tex:433: Missing } inserted.
<inserted text> 
                }
l.433 \end{lemma}
                 
I've inserted something that you may have forgotten.
(See the <inserted text> above.)
With luck, this will get me unwedged. But if you
really didn't forget anything, try typing `2' now; then
my insertion and my current dilemma will both disappear.

./content/algorithms.tex:433: Display math should end with $$.
<to be read again> 
                   \vskip 
l.433 \end{lemma}
                 
The `$' that I just saw supposedly matches a previous `$$'.
So I shall assume that you typed `$$' both times.

./content/algorithms.tex:436: Missing { inserted.
<to be read again> 
                   \mathclose 
l.436     If $a=b$, we have $\E_
                                {\bm{x} \sim \chi^{-1}(a)} \Paren{\D{\bm{x}}...
A left brace was mandatory here, so I've put one in.
You might want to delete and/or insert some corrections
so that I will find a matching right brace soon.
(If you're confused by all this, try typing `I}' now.)

./content/algorithms.tex:436: Undefined control sequence.
l.436     If $a=b$, we have $\E_{\bm
                                    {x} \sim \chi^{-1}(a)} \Paren{\D{\bm{x}}...
The control sequence at the end of the top line
of your error message was never \def'ed. If you have
misspelled it (e.g., `\hobx'), type `I' and the correct
spelling (e.g., `I\hbox'). Otherwise just continue,
and I'll forget about whatever was undefined.

./content/algorithms.tex:436: Undefined control sequence.
<argument> \D 
              {\bm {x}}{b} - \E _{\bm {x} \sim \chi ^{-1}(a)} \D {\bm {x}}{b}
l.436 ...{\bm{x} \sim \chi^{-1}(a)} \D{\bm{x}}{b}}
                                                  ^2 = 0$ by construction, s...
The control sequence at the end of the top line
of your error message was never \def'ed. If you have
misspelled it (e.g., `\hobx'), type `I' and the correct
spelling (e.g., `I\hbox'). Otherwise just continue,
and I'll forget about whatever was undefined.

./content/algorithms.tex:436: Undefined control sequence.
<argument> \D {\bm 
                   {x}}{b} - \E _{\bm {x} \sim \chi ^{-1}(a)} \D {\bm {x}}{b}
l.436 ...{\bm{x} \sim \chi^{-1}(a)} \D{\bm{x}}{b}}
                                                  ^2 = 0$ by construction, s...
The control sequence at the end of the top line
of your error message was never \def'ed. If you have
misspelled it (e.g., `\hobx'), type `I' and the correct
spelling (e.g., `I\hbox'). Otherwise just continue,
and I'll forget about whatever was undefined.

./content/algorithms.tex:436: Missing { inserted.
<to be read again> 
                   \mathclose 
l.436 ...{\bm{x} \sim \chi^{-1}(a)} \D{\bm{x}}{b}}
                                                  ^2 = 0$ by construction, s...
A left brace was mandatory here, so I've put one in.
You might want to delete and/or insert some corrections
so that I will find a matching right brace soon.
(If you're confused by all this, try typing `I}' now.)

./content/algorithms.tex:436: Undefined control sequence.
<argument> \D {\bm {x}}{b} - \E _{\bm 
                                      {x} \sim \chi ^{-1}(a)} \D {\bm {x}}{b}
l.436 ...{\bm{x} \sim \chi^{-1}(a)} \D{\bm{x}}{b}}
                                                  ^2 = 0$ by construction, s...
The control sequence at the end of the top line
of your error message was never \def'ed. If you have
misspelled it (e.g., `\hobx'), type `I' and the correct
spelling (e.g., `I\hbox'). Otherwise just continue,
and I'll forget about whatever was undefined.

./content/algorithms.tex:436: Undefined control sequence.
<argument> ...\E _{\bm {x} \sim \chi ^{-1}(a)} \D 
                                                  {\bm {x}}{b}
l.436 ...{\bm{x} \sim \chi^{-1}(a)} \D{\bm{x}}{b}}
                                                  ^2 = 0$ by construction, s...
The control sequence at the end of the top line
of your error message was never \def'ed. If you have
misspelled it (e.g., `\hobx'), type `I' and the correct
spelling (e.g., `I\hbox'). Otherwise just continue,
and I'll forget about whatever was undefined.

./content/algorithms.tex:436: Undefined control sequence.
<argument> ...\bm {x} \sim \chi ^{-1}(a)} \D {\bm 
                                                  {x}}{b}
l.436 ...{\bm{x} \sim \chi^{-1}(a)} \D{\bm{x}}{b}}
                                                  ^2 = 0$ by construction, s...
The control sequence at the end of the top line
of your error message was never \def'ed. If you have
misspelled it (e.g., `\hobx'), type `I' and the correct
spelling (e.g., `I\hbox'). Otherwise just continue,
and I'll forget about whatever was undefined.

./content/algorithms.tex:436: Missing } inserted.
<inserted text> 
                }
l.436 ... \sim \chi^{-1}(a)} \D{\bm{x}}{b}}^2 = 0$
                                                   by construction, so we as...
I've inserted something that you may have forgotten.
(See the <inserted text> above.)
With luck, this will get me unwedged. But if you
really didn't forget anything, try typing `2' now; then
my insertion and my current dilemma will both disappear.

./content/algorithms.tex:436: Missing } inserted.
<inserted text> 
                }
l.436 ... \sim \chi^{-1}(a)} \D{\bm{x}}{b}}^2 = 0$
                                                   by construction, so we as...
I've inserted something that you may have forgotten.
(See the <inserted text> above.)
With luck, this will get me unwedged. But if you
really didn't forget anything, try typing `2' now; then
my insertion and my current dilemma will both disappear.

./content/algorithms.tex:438: Undefined control sequence.
<recently read> \D 
                   
l.438     Writing $\D
                     {\bm{x}}{b} - \E_{\bm{x} \sim \chi^{-1}(a)} \D{\bm{x}}{...
The control sequence at the end of the top line
of your error message was never \def'ed. If you have
misspelled it (e.g., `\hobx'), type `I' and the correct
spelling (e.g., `I\hbox'). Otherwise just continue,
and I'll forget about whatever was undefined.

./content/algorithms.tex:438: Undefined control sequence.
l.438     Writing $\D{\bm
                         {x}}{b} - \E_{\bm{x} \sim \chi^{-1}(a)} \D{\bm{x}}{...
The control sequence at the end of the top line
of your error message was never \def'ed. If you have
misspelled it (e.g., `\hobx'), type `I' and the correct
spelling (e.g., `I\hbox'). Otherwise just continue,
and I'll forget about whatever was undefined.

./content/algorithms.tex:438: Missing { inserted.
<to be read again> 
                   \mathclose 
l.438     Writing $\D{\bm{x}}{b} - \E_
                                      {\bm{x} \sim \chi^{-1}(a)} \D{\bm{x}}{...
A left brace was mandatory here, so I've put one in.
You might want to delete and/or insert some corrections
so that I will find a matching right brace soon.
(If you're confused by all this, try typing `I}' now.)

./content/algorithms.tex:438: Undefined control sequence.
l.438     Writing $\D{\bm{x}}{b} - \E_{\bm
                                          {x} \sim \chi^{-1}(a)} \D{\bm{x}}{...
The control sequence at the end of the top line
of your error message was never \def'ed. If you have
misspelled it (e.g., `\hobx'), type `I' and the correct
spelling (e.g., `I\hbox'). Otherwise just continue,
and I'll forget about whatever was undefined.

./content/algorithms.tex:438: Undefined control sequence.
l.438 ...x}}{b} - \E_{\bm{x} \sim \chi^{-1}(a)} \D
                                                  {\bm{x}}{b}$ as $\Paren{\D...
The control sequence at the end of the top line
of your error message was never \def'ed. If you have
misspelled it (e.g., `\hobx'), type `I' and the correct
spelling (e.g., `I\hbox'). Otherwise just continue,
and I'll forget about whatever was undefined.

./content/algorithms.tex:438: Undefined control sequence.
l.438 ...b} - \E_{\bm{x} \sim \chi^{-1}(a)} \D{\bm
                                                  {x}}{b}$ as $\Paren{\D{\bm...
The control sequence at the end of the top line
of your error message was never \def'ed. If you have
misspelled it (e.g., `\hobx'), type `I' and the correct
spelling (e.g., `I\hbox'). Otherwise just continue,
and I'll forget about whatever was undefined.

./content/algorithms.tex:438: Missing } inserted.
<inserted text> 
                }
l.438 ...{\bm{x} \sim \chi^{-1}(a)} \D{\bm{x}}{b}$
                                                   as $\Paren{\D{\bm{x}}{b} ...
I've inserted something that you may have forgotten.
(See the <inserted text> above.)
With luck, this will get me unwedged. But if you
really didn't forget anything, try typing `2' now; then
my insertion and my current dilemma will both disappear.

./content/algorithms.tex:438: Undefined control sequence.
<argument> \D 
              {\bm {x}}{b} - \frac 1{k-1}
l.438 ...$ as $\Paren{\D{\bm{x}}{b} - \frac1{k-1}}
                                                   + \Paren{\frac1{k-1} - \E...
The control sequence at the end of the top line
of your error message was never \def'ed. If you have
misspelled it (e.g., `\hobx'), type `I' and the correct
spelling (e.g., `I\hbox'). Otherwise just continue,
and I'll forget about whatever was undefined.

./content/algorithms.tex:438: Undefined control sequence.
<argument> \D {\bm 
                   {x}}{b} - \frac 1{k-1}
l.438 ...$ as $\Paren{\D{\bm{x}}{b} - \frac1{k-1}}
                                                   + \Paren{\frac1{k-1} - \E...
The control sequence at the end of the top line
of your error message was never \def'ed. If you have
misspelled it (e.g., `\hobx'), type `I' and the correct
spelling (e.g., `I\hbox'). Otherwise just continue,
and I'll forget about whatever was undefined.

./content/algorithms.tex:438: Missing { inserted.
<to be read again> 
                   \mathclose 
l.438 ...{\bm{x} \sim \chi^{-1}(a)} \D{\bm{x}}{b}}
                                                  $ and using that $(a+b)^2\...
A left brace was mandatory here, so I've put one in.
You might want to delete and/or insert some corrections
so that I will find a matching right brace soon.
(If you're confused by all this, try typing `I}' now.)

./content/algorithms.tex:438: Undefined control sequence.
<argument> \frac 1{k-1} - \E _{\bm 
                                   {x} \sim \chi ^{-1}(a)} \D {\bm {x}}{b}
l.438 ...{\bm{x} \sim \chi^{-1}(a)} \D{\bm{x}}{b}}
                                                  $ and using that $(a+b)^2\...
The control sequence at the end of the top line
of your error message was never \def'ed. If you have
misspelled it (e.g., `\hobx'), type `I' and the correct
spelling (e.g., `I\hbox'). Otherwise just continue,
and I'll forget about whatever was undefined.

./content/algorithms.tex:438: Undefined control sequence.
<argument> ...\E _{\bm {x} \sim \chi ^{-1}(a)} \D 
                                                  {\bm {x}}{b}
l.438 ...{\bm{x} \sim \chi^{-1}(a)} \D{\bm{x}}{b}}
                                                  $ and using that $(a+b)^2\...
The control sequence at the end of the top line
of your error message was never \def'ed. If you have
misspelled it (e.g., `\hobx'), type `I' and the correct
spelling (e.g., `I\hbox'). Otherwise just continue,
and I'll forget about whatever was undefined.

./content/algorithms.tex:438: Undefined control sequence.
<argument> ...\bm {x} \sim \chi ^{-1}(a)} \D {\bm 
                                                  {x}}{b}
l.438 ...{\bm{x} \sim \chi^{-1}(a)} \D{\bm{x}}{b}}
                                                  $ and using that $(a+b)^2\...
The control sequence at the end of the top line
of your error message was never \def'ed. If you have
misspelled it (e.g., `\hobx'), type `I' and the correct
spelling (e.g., `I\hbox'). Otherwise just continue,
and I'll forget about whatever was undefined.

./content/algorithms.tex:438: Missing } inserted.
<inserted text> 
                }
l.438 ...\bm{x} \sim \chi^{-1}(a)} \D{\bm{x}}{b}}$
                                                   and using that $(a+b)^2\l...
I've inserted something that you may have forgotten.
(See the <inserted text> above.)
With luck, this will get me unwedged. But if you
really didn't forget anything, try typing `2' now; then
my insertion and my current dilemma will both disappear.

./content/algorithms.tex:440: Missing { inserted.
<to be read again> 
                   \mathclose 
l.440         \E_
                 {\bm{x} \sim \chi^{-1}(a)} \Bigl(\D{\bm{x}}{b} - \E_{\bm{x}...
A left brace was mandatory here, so I've put one in.
You might want to delete and/or insert some corrections
so that I will find a matching right brace soon.
(If you're confused by all this, try typing `I}' now.)

./content/algorithms.tex:440: Undefined control sequence.
l.440         \E_{\bm
                     {x} \sim \chi^{-1}(a)} \Bigl(\D{\bm{x}}{b} - \E_{\bm{x}...
The control sequence at the end of the top line
of your error message was never \def'ed. If you have
misspelled it (e.g., `\hobx'), type `I' and the correct
spelling (e.g., `I\hbox'). Otherwise just continue,
and I'll forget about whatever was undefined.

./content/algorithms.tex:440: Undefined control sequence.
l.440 ...   \E_{\bm{x} \sim \chi^{-1}(a)} \Bigl(\D
                                                  {\bm{x}}{b} - \E_{\bm{x} \...
The control sequence at the end of the top line
of your error message was never \def'ed. If you have
misspelled it (e.g., `\hobx'), type `I' and the correct
spelling (e.g., `I\hbox'). Otherwise just continue,
and I'll forget about whatever was undefined.

./content/algorithms.tex:440: Undefined control sequence.
l.440 ...E_{\bm{x} \sim \chi^{-1}(a)} \Bigl(\D{\bm
                                                  {x}}{b} - \E_{\bm{x} \sim ...
The control sequence at the end of the top line
of your error message was never \def'ed. If you have
misspelled it (e.g., `\hobx'), type `I' and the correct
spelling (e.g., `I\hbox'). Otherwise just continue,
and I'll forget about whatever was undefined.

./content/algorithms.tex:440: Missing { inserted.
<to be read again> 
                   \mathclose 
l.440 ...m \chi^{-1}(a)} \Bigl(\D{\bm{x}}{b} - \E_
                                                  {\bm{x} \sim \chi^{-1}(a)}...
A left brace was mandatory here, so I've put one in.
You might want to delete and/or insert some corrections
so that I will find a matching right brace soon.
(If you're confused by all this, try typing `I}' now.)

./content/algorithms.tex:440: Undefined control sequence.
l.440 ...hi^{-1}(a)} \Bigl(\D{\bm{x}}{b} - \E_{\bm
                                                  {x} \sim \chi^{-1}(a)} \D{...
The control sequence at the end of the top line
of your error message was never \def'ed. If you have
misspelled it (e.g., `\hobx'), type `I' and the correct
spelling (e.g., `I\hbox'). Otherwise just continue,
and I'll forget about whatever was undefined.

./content/algorithms.tex:440: Undefined control sequence.
l.440 ...x}}{b} - \E_{\bm{x} \sim \chi^{-1}(a)} \D
                                                  {\bm{x}}{b}\Bigr)^2
The control sequence at the end of the top line
of your error message was never \def'ed. If you have
misspelled it (e.g., `\hobx'), type `I' and the correct
spelling (e.g., `I\hbox'). Otherwise just continue,
and I'll forget about whatever was undefined.

./content/algorithms.tex:440: Undefined control sequence.
l.440 ...b} - \E_{\bm{x} \sim \chi^{-1}(a)} \D{\bm
                                                  {x}}{b}\Bigr)^2
The control sequence at the end of the top line
of your error message was never \def'ed. If you have
misspelled it (e.g., `\hobx'), type `I' and the correct
spelling (e.g., `I\hbox'). Otherwise just continue,
and I'll forget about whatever was undefined.

./content/algorithms.tex:442: Missing { inserted.
<to be read again> 
                   \mathclose 
l.442         2\Bigl(\E_
                        {\bm{x} \sim \chi^{-1}(a)} \bigl(\D{\bm{x}}{b} - \tf...
A left brace was mandatory here, so I've put one in.
You might want to delete and/or insert some corrections
so that I will find a matching right brace soon.
(If you're confused by all this, try typing `I}' now.)

./content/algorithms.tex:442: Undefined control sequence.
l.442         2\Bigl(\E_{\bm
                            {x} \sim \chi^{-1}(a)} \bigl(\D{\bm{x}}{b} - \tf...
The control sequence at the end of the top line
of your error message was never \def'ed. If you have
misspelled it (e.g., `\hobx'), type `I' and the correct
spelling (e.g., `I\hbox'). Otherwise just continue,
and I'll forget about whatever was undefined.

./content/algorithms.tex:442: Undefined control sequence.
l.442 ...gl(\E_{\bm{x} \sim \chi^{-1}(a)} \bigl(\D
                                                  {\bm{x}}{b} - \tfrac1{k-1}...
The control sequence at the end of the top line
of your error message was never \def'ed. If you have
misspelled it (e.g., `\hobx'), type `I' and the correct
spelling (e.g., `I\hbox'). Otherwise just continue,
and I'll forget about whatever was undefined.

./content/algorithms.tex:442: Undefined control sequence.
l.442 ...E_{\bm{x} \sim \chi^{-1}(a)} \bigl(\D{\bm
                                                  {x}}{b} - \tfrac1{k-1}\big...
The control sequence at the end of the top line
of your error message was never \def'ed. If you have
misspelled it (e.g., `\hobx'), type `I' and the correct
spelling (e.g., `I\hbox'). Otherwise just continue,
and I'll forget about whatever was undefined.

./content/algorithms.tex:444: You can't use `\eqno' in math mode.
\veqno ->\@kernel@eqno 
                       \aftergroup \ignorespaces 
l.444     \end{equation}
                        
Sorry, but I'm not programmed to handle this case;
I'll just pretend that you didn't ask for it.
If you're in the wrong mode, you might be able to
return to the right one by typing `I}' or `I$' or `I\par'.

./content/algorithms.tex:444: Missing } inserted.
<inserted text> 
                }
l.444     \end{equation}
                        
I've inserted something that you may have forgotten.
(See the <inserted text> above.)
With luck, this will get me unwedged. But if you
really didn't forget anything, try typing `2' now; then
my insertion and my current dilemma will both disappear.

./content/algorithms.tex:444: Missing } inserted.
<inserted text> 
                }
l.444     \end{equation}
                        
I've inserted something that you may have forgotten.
(See the <inserted text> above.)
With luck, this will get me unwedged. But if you
really didn't forget anything, try typing `2' now; then
my insertion and my current dilemma will both disappear.

./content/algorithms.tex:444: Missing } inserted.
<inserted text> 
                }
l.444     \end{equation}
                        
I've inserted something that you may have forgotten.
(See the <inserted text> above.)
With luck, this will get me unwedged. But if you
really didn't forget anything, try typing `2' now; then
my insertion and my current dilemma will both disappear.

./content/algorithms.tex:446: Undefined control sequence.
<argument> \D 
              {x}{b} - \frac 1{k-1}
l.446 ...i^{-1}(a)} \Paren{\D{x}{b} - \frac1{k-1}}
                                                  ^2$ to analyze the first t...
The control sequence at the end of the top line
of your error message was never \def'ed. If you have
misspelled it (e.g., `\hobx'), type `I' and the correct
spelling (e.g., `I\hbox'). Otherwise just continue,
and I'll forget about whatever was undefined.

./content/algorithms.tex:448: Undefined control sequence.
<recently read> \D 
                   
l.448 ...i^{-1}(a)$, by $d$-regularity we have $\D
                                                  {x}{b}\sim \frac1{d'}\math...
The control sequence at the end of the top line
of your error message was never \def'ed. If you have
misspelled it (e.g., `\hobx'), type `I' and the correct
spelling (e.g., `I\hbox'). Otherwise just continue,
and I'll forget about whatever was undefined.



[32]
./content/algorithms.tex:450: Missing { inserted.
<to be read again> 
                   \mathclose 
l.450     $$\E_
               {\chi}\Brac{S}=\frac{n}{k}\frac1{d'^2}d\frac1{k}\Paren{1-\fra...
A left brace was mandatory here, so I've put one in.
You might want to delete and/or insert some corrections
so that I will find a matching right brace soon.
(If you're confused by all this, try typing `I}' now.)

./content/algorithms.tex:450: Undefined control sequence.
l.450     $$\E_{\chi}\Brac
                          {S}=\frac{n}{k}\frac1{d'^2}d\frac1{k}\Paren{1-\fra...
The control sequence at the end of the top line
of your error message was never \def'ed. If you have
misspelled it (e.g., `\hobx'), type `I' and the correct
spelling (e.g., `I\hbox'). Otherwise just continue,
and I'll forget about whatever was undefined.

./content/algorithms.tex:450: Missing } inserted.
<inserted text> 
                }
l.450 ...ac1{k}}=\frac{n}{(k-1)kd} \leq O(n/d)\,.$
                                                  $
I've inserted something that you may have forgotten.
(See the <inserted text> above.)
With luck, this will get me unwedged. But if you
really didn't forget anything, try typing `2' now; then
my insertion and my current dilemma will both disappear.

./content/algorithms.tex:454: Undefined control sequence.
l.454     \Pr\Brac
                  {\,\bigl|S-\E[S]\bigr|\ge \sqrt{n\log n}}
The control sequence at the end of the top line
of your error message was never \def'ed. If you have
misspelled it (e.g., `\hobx'), type `I' and the correct
spelling (e.g., `I\hbox'). Otherwise just continue,
and I'll forget about whatever was undefined.


LaTeX Warning: Command \l invalid in math mode on input line 454.

./content/algorithms.tex:454: Missing delimiter (. inserted).
<to be read again> 
                   \mathclose 
l.454     \Pr\Brac{\,\bigl|S-\E[S]\bigr
                                       |\ge \sqrt{n\log n}}
I was expecting to see something like `(' or `\{' or
`\}' here. If you typed, e.g., `{' instead of `\{', you
should probably delete the `{' by typing `1' now, so that
braces don't get unbalanced. Otherwise just proceed.
Acceptable delimiters are characters whose \delcode is
nonnegative, or you can use `\delimiter <delimiter code>'.

./content/algorithms.tex:454: Missing { inserted.
<to be read again> 
                   \vcenter 
l.454     \Pr\Brac{\,\bigl|S-\E[S]\bigr
                                       |\ge \sqrt{n\log n}}
A left brace was mandatory here, so I've put one in.
You might want to delete and/or insert some corrections
so that I will find a matching right brace soon.
(If you're confused by all this, try typing `I}' now.)

./content/algorithms.tex:454: Missing } inserted.
<inserted text> 
                }
l.454     \Pr\Brac{\,\bigl|S-\E[S]\bigr
                                       |\ge \sqrt{n\log n}}
I've inserted something that you may have forgotten.
(See the <inserted text> above.)
With luck, this will get me unwedged. But if you
really didn't forget anything, try typing `2' now; then
my insertion and my current dilemma will both disappear.


LaTeX Warning: Command \r invalid in math mode on input line 454.

./content/algorithms.tex:454: Please use \mathaccent for accents in math mode.
\MT@orig@add@accent ...gnorespaces \relax \accent 
                                                  #1 #2\egroup \ifmmode \els...
l.454     \Pr\Brac{\,\bigl|S-\E[S]\bigr
                                       |\ge \sqrt{n\log n}}
I'm changing \accent to \mathaccent here; wish me luck.
(Accents are not the same in formulas as they are in text.)


LaTeX Warning: Command \l invalid in math mode on input line 461.


LaTeX Warning: Command \r invalid in math mode on input line 461.

./content/algorithms.tex:461: Please use \mathaccent for accents in math mode.
\MT@orig@add@accent ...gnorespaces \relax \accent 
                                                  #1 #2\egroup \ifmmode \els...
l.461     S = \E[S]\pm
                       O\Paren{\sqrt{n\log n}}
I'm changing \accent to \mathaccent here; wish me luck.
(Accents are not the same in formulas as they are in text.)


LaTeX Warning: Reference `fact: balancedparts' on page 1 undefined on input line 464.

./content/algorithms.tex:465: Missing { inserted.
<to be read again> 
                   \mathclose 
l.465     \[\E_
               {\bm{x} \sim \chi^{-1}(a)} \Paren{\D{\bm{x}}{b} - \frac1{k-1}}^2
A left brace was mandatory here, so I've put one in.
You might want to delete and/or insert some corrections
so that I will find a matching right brace soon.
(If you're confused by all this, try typing `I}' now.)

./content/algorithms.tex:465: Undefined control sequence.
l.465     \[\E_{\bm
                   {x} \sim \chi^{-1}(a)} \Paren{\D{\bm{x}}{b} - \frac1{k-1}}^2
The control sequence at the end of the top line
of your error message was never \def'ed. If you have
misspelled it (e.g., `\hobx'), type `I' and the correct
spelling (e.g., `I\hbox'). Otherwise just continue,
and I'll forget about whatever was undefined.

./content/algorithms.tex:465: Undefined control sequence.
<argument> \D 
              {\bm {x}}{b} - \frac 1{k-1}
l.465 ...}(a)} \Paren{\D{\bm{x}}{b} - \frac1{k-1}}
                                                  ^2
The control sequence at the end of the top line
of your error message was never \def'ed. If you have
misspelled it (e.g., `\hobx'), type `I' and the correct
spelling (e.g., `I\hbox'). Otherwise just continue,
and I'll forget about whatever was undefined.

./content/algorithms.tex:465: Undefined control sequence.
<argument> \D {\bm 
                   {x}}{b} - \frac 1{k-1}
l.465 ...}(a)} \Paren{\D{\bm{x}}{b} - \frac1{k-1}}
                                                  ^2
The control sequence at the end of the top line
of your error message was never \def'ed. If you have
misspelled it (e.g., `\hobx'), type `I' and the correct
spelling (e.g., `I\hbox'). Otherwise just continue,
and I'll forget about whatever was undefined.


./content/algorithms.tex:469: LaTeX Error: Bad math environment delimiter.

See the LaTeX manual or LaTeX Companion for explanation.
Type  H <return>  for immediate help.
 ...                                              
                                                  
l.469     \]
            
Your command was ignored.
Type  I <command> <return>  to replace it with another command,
or  <return>  to continue without it.

./content/algorithms.tex:470: Missing $ inserted.
<inserted text> 
                $
l.470 
      
I've inserted a begin-math/end-math symbol since I think
you left one out. Proceed, with fingers crossed.

./content/algorithms.tex:470: Missing } inserted.
<inserted text> 
                }
l.470 
      
I've inserted something that you may have forgotten.
(See the <inserted text> above.)
With luck, this will get me unwedged. But if you
really didn't forget anything, try typing `2' now; then
my insertion and my current dilemma will both disappear.

./content/algorithms.tex:470: Missing } inserted.
<inserted text> 
                }
l.470 
      
I've inserted something that you may have forgotten.
(See the <inserted text> above.)
With luck, this will get me unwedged. But if you
really didn't forget anything, try typing `2' now; then
my insertion and my current dilemma will both disappear.

./content/algorithms.tex:470: Display math should end with $$.
<to be read again> 
                   \tex_par:D 
l.470 
      
The `$' that I just saw supposedly matches a previous `$$'.
So I shall assume that you typed `$$' both times.

./content/algorithms.tex:470: Extra }, or forgotten \endgroup.
\par ...m \@noitemerr {\@@par }\fi \else {\@@par }
                                                  \fi 
l.470 
      
I've deleted a group-closing symbol because it seems to be
spurious, as in `$x}$'. But perhaps the } is legitimate and
you forgot something else, as in `\hbox{$x}'. In such cases
the way to recover is to insert both the forgotten and the
deleted material, e.g., by typing `I$}'.


LaTeX Warning: Reference `lemma: plantedmodelconcentration' on page 1 undefined on input line 471.


LaTeX Warning: Reference `eq:variance_split' on page 1 undefined on input line 471.


LaTeX Warning: Reference `thm: random-planting-partial' on page 1 undefined on input line 474.

./content/algorithms.tex:479: Undefined control sequence.
l.479 ... be the graph obtained by planting a \kcl
                                                   in $H$ (not necessarily r...
The control sequence at the end of the top line
of your error message was never \def'ed. If you have
misspelled it (e.g., `\hobx'), type `I' and the correct
spelling (e.g., `I\hbox'). Otherwise just continue,
and I'll forget about whatever was undefined.

./content/algorithms.tex:483: Undefined control sequence.
l.483     \rank
               _{\ge r_1}(\bar{A}_H)\le t_1
The control sequence at the end of the top line
of your error message was never \def'ed. If you have
misspelled it (e.g., `\hobx'), type `I' and the correct
spelling (e.g., `I\hbox'). Otherwise just continue,
and I'll forget about whatever was undefined.

./content/algorithms.tex:485: Undefined control sequence.
l.485     \rank
               _{\le -r_2}(\bar{A}_H)\le t_2,
The control sequence at the end of the top line
of your error message was never \def'ed. If you have
misspelled it (e.g., `\hobx'), type `I' and the correct
spelling (e.g., `I\hbox'). Otherwise just continue,
and I'll forget about whatever was undefined.

./content/algorithms.tex:489: Undefined control sequence.
l.489     \rank
               _{\le-(r_1+r_2)}(\bar{A}_G)\;\le\;k\,t_1 + t_2,
The control sequence at the end of the top line
of your error message was never \def'ed. If you have
misspelled it (e.g., `\hobx'), type `I' and the correct
spelling (e.g., `I\hbox'). Otherwise just continue,
and I'll forget about whatever was undefined.

./content/algorithms.tex:491: Undefined control sequence.
l.491     \rank
               _{\ge \,r_1+r_2}(\bar{A}_G)\;\le\;t_1 + k\,t_2.
The control sequence at the end of the top line
of your error message was never \def'ed. If you have
misspelled it (e.g., `\hobx'), type `I' and the correct
spelling (e.g., `I\hbox'). Otherwise just continue,
and I'll forget about whatever was undefined.

./content/algorithms.tex:497: Undefined control sequence.
l.497 ..._2\) eigenvalues \(\le -r_2\), so \(\rank
                                                  _{\le -r_1}(-\bar{A}_F)=\r...
The control sequence at the end of the top line
of your error message was never \def'ed. If you have
misspelled it (e.g., `\hobx'), type `I' and the correct
spelling (e.g., `I\hbox'). Otherwise just continue,
and I'll forget about whatever was undefined.

./content/algorithms.tex:497: Undefined control sequence.
l.497 ..., so \(\rank_{\le -r_1}(-\bar{A}_F)=\rank
                                                  _{\ge r_1}(\bar{A}_F)\le k...
The control sequence at the end of the top line
of your error message was never \def'ed. If you have
misspelled it (e.g., `\hobx'), type `I' and the correct
spelling (e.g., `I\hbox'). Otherwise just continue,
and I'll forget about whatever was undefined.

./content/algorithms.tex:497: Undefined control sequence.
l.497 ...e r_1}(\bar{A}_F)\le k\,t_1\) and \(\rank
                                                  _{\ge r_2}(-\bar{A}_F)=\ra...
The control sequence at the end of the top line
of your error message was never \def'ed. If you have
misspelled it (e.g., `\hobx'), type `I' and the correct
spelling (e.g., `I\hbox'). Otherwise just continue,
and I'll forget about whatever was undefined.

./content/algorithms.tex:497: Undefined control sequence.
l.497 ...) and \(\rank_{\ge r_2}(-\bar{A}_F)=\rank
                                                  _{\le -r_2}(\bar{A}_F)\le ...
The control sequence at the end of the top line
of your error message was never \def'ed. If you have
misspelled it (e.g., `\hobx'), type `I' and the correct
spelling (e.g., `I\hbox'). Otherwise just continue,
and I'll forget about whatever was undefined.

./content/algorithms.tex:502: Undefined control sequence.
<argument>  \rank 
                  _{\le -(r_1+r_2)}(\bar {A}_H - \bar {A}_F)\le \rank _{\le ...
l.502     \end{gather*}
                       
The control sequence at the end of the top line
of your error message was never \def'ed. If you have
misspelled it (e.g., `\hobx'), type `I' and the correct
spelling (e.g., `I\hbox'). Otherwise just continue,
and I'll forget about whatever was undefined.

./content/algorithms.tex:502: Undefined control sequence.
<argument> ...}(\bar {A}_H - \bar {A}_F)\le \rank 
                                                  _{\le -r_2}(\bar {A}_H)+\r...
l.502     \end{gather*}
                       
The control sequence at the end of the top line
of your error message was never \def'ed. If you have
misspelled it (e.g., `\hobx'), type `I' and the correct
spelling (e.g., `I\hbox'). Otherwise just continue,
and I'll forget about whatever was undefined.

./content/algorithms.tex:502: Undefined control sequence.
<argument> ...\rank _{\le -r_2}(\bar {A}_H)+\rank 
                                                  _{\le -r_1}(-\bar {A}_F)\,...
l.502     \end{gather*}
                       
The control sequence at the end of the top line
of your error message was never \def'ed. If you have
misspelled it (e.g., `\hobx'), type `I' and the correct
spelling (e.g., `I\hbox'). Otherwise just continue,
and I'll forget about whatever was undefined.

./content/algorithms.tex:502: Undefined control sequence.
<argument> ...{\le -r_1}(-\bar {A}_F)\,, \\ \rank 
                                                  _{\ge r_1+r_2}(\bar {A}_H ...
l.502     \end{gather*}
                       
The control sequence at the end of the top line
of your error message was never \def'ed. If you have
misspelled it (e.g., `\hobx'), type `I' and the correct
spelling (e.g., `I\hbox'). Otherwise just continue,
and I'll forget about whatever was undefined.

./content/algorithms.tex:502: Undefined control sequence.
<argument> ...}(\bar {A}_H - \bar {A}_F)\le \rank 
                                                  _{\ge r_1}(\bar {A}_H)+\ra...
l.502     \end{gather*}
                       
The control sequence at the end of the top line
of your error message was never \def'ed. If you have
misspelled it (e.g., `\hobx'), type `I' and the correct
spelling (e.g., `I\hbox'). Otherwise just continue,
and I'll forget about whatever was undefined.

./content/algorithms.tex:502: Undefined control sequence.
<argument> ... \rank _{\ge r_1}(\bar {A}_H)+\rank 
                                                  _{\ge r_2}(-\bar {A}_F)\,, 
l.502     \end{gather*}
                       
The control sequence at the end of the top line
of your error message was never \def'ed. If you have
misspelled it (e.g., `\hobx'), type `I' and the correct
spelling (e.g., `I\hbox'). Otherwise just continue,
and I'll forget about whatever was undefined.

./content/algorithms.tex:502: Undefined control sequence.
<argument>  \rank 
                  _{\le -(r_1+r_2)}(\bar {A}_H - \bar {A}_F)\le \rank _{\le ...
l.502     \end{gather*}
                       
The control sequence at the end of the top line
of your error message was never \def'ed. If you have
misspelled it (e.g., `\hobx'), type `I' and the correct
spelling (e.g., `I\hbox'). Otherwise just continue,
and I'll forget about whatever was undefined.

./content/algorithms.tex:502: Undefined control sequence.
<argument> ...}(\bar {A}_H - \bar {A}_F)\le \rank 
                                                  _{\le -r_2}(\bar {A}_H)+\r...
l.502     \end{gather*}
                       
The control sequence at the end of the top line
of your error message was never \def'ed. If you have
misspelled it (e.g., `\hobx'), type `I' and the correct
spelling (e.g., `I\hbox'). Otherwise just continue,
and I'll forget about whatever was undefined.

./content/algorithms.tex:502: Undefined control sequence.
<argument> ...\rank _{\le -r_2}(\bar {A}_H)+\rank 
                                                  _{\le -r_1}(-\bar {A}_F)\,...
l.502     \end{gather*}
                       
The control sequence at the end of the top line
of your error message was never \def'ed. If you have
misspelled it (e.g., `\hobx'), type `I' and the correct
spelling (e.g., `I\hbox'). Otherwise just continue,
and I'll forget about whatever was undefined.

./content/algorithms.tex:502: Undefined control sequence.
<argument> ...{\le -r_1}(-\bar {A}_F)\,, \\ \rank 
                                                  _{\ge r_1+r_2}(\bar {A}_H ...
l.502     \end{gather*}
                       
The control sequence at the end of the top line
of your error message was never \def'ed. If you have
misspelled it (e.g., `\hobx'), type `I' and the correct
spelling (e.g., `I\hbox'). Otherwise just continue,
and I'll forget about whatever was undefined.

./content/algorithms.tex:502: Undefined control sequence.
<argument> ...}(\bar {A}_H - \bar {A}_F)\le \rank 
                                                  _{\ge r_1}(\bar {A}_H)+\ra...
l.502     \end{gather*}
                       
The control sequence at the end of the top line
of your error message was never \def'ed. If you have
misspelled it (e.g., `\hobx'), type `I' and the correct
spelling (e.g., `I\hbox'). Otherwise just continue,
and I'll forget about whatever was undefined.

./content/algorithms.tex:502: Undefined control sequence.
<argument> ... \rank _{\ge r_1}(\bar {A}_H)+\rank 
                                                  _{\ge r_2}(-\bar {A}_F)\,, 
l.502     \end{gather*}
                       
The control sequence at the end of the top line
of your error message was never \def'ed. If you have
misspelled it (e.g., `\hobx'), type `I' and the correct
spelling (e.g., `I\hbox'). Otherwise just continue,
and I'll forget about whatever was undefined.


LaTeX Warning: Reference `thm: random-planting-partial' on page 1 undefined on input line 506.


LaTeX Warning: Reference `thm: random-planting-partial' on page 1 undefined on input line 508.


LaTeX Warning: Reference `def:model' on page 1 undefined on input line 511.


LaTeX Warning: Reference `thm:part-recovery' on page 1 undefined on input line 512.



[33]

LaTeX Warning: Reference `lemma: plantedmodelconcentration' on page 1 undefined on input line 516.

./content/algorithms.tex:516: Undefined control sequence.
<recently read> \Norm 
                      
l.516 ...tion} and the triangle inequality, $\Norm
                                                  {M}\leq \Norm{\frac1{k-1}\...
The control sequence at the end of the top line
of your error message was never \def'ed. If you have
misspelled it (e.g., `\hobx'), type `I' and the correct
spelling (e.g., `I\hbox'). Otherwise just continue,
and I'll forget about whatever was undefined.

./content/algorithms.tex:516: Undefined control sequence.
l.516 ... triangle inequality, $\Norm{M}\leq \Norm
                                                  {\frac1{k-1}\Paren{\Allone...
The control sequence at the end of the top line
of your error message was never \def'ed. If you have
misspelled it (e.g., `\hobx'), type `I' and the correct
spelling (e.g., `I\hbox'). Otherwise just continue,
and I'll forget about whatever was undefined.

./content/algorithms.tex:516: Undefined control sequence.
<argument> \Allones 
                    -\Id 
l.516 ...leq \Norm{\frac1{k-1}\Paren{\Allones-\Id}
                                                  }+\Norm{M-\frac1{k-1}\Pare...
The control sequence at the end of the top line
of your error message was never \def'ed. If you have
misspelled it (e.g., `\hobx'), type `I' and the correct
spelling (e.g., `I\hbox'). Otherwise just continue,
and I'll forget about whatever was undefined.

./content/algorithms.tex:516: Undefined control sequence.
<argument> \Allones -\Id 
                         
l.516 ...leq \Norm{\frac1{k-1}\Paren{\Allones-\Id}
                                                  }+\Norm{M-\frac1{k-1}\Pare...
The control sequence at the end of the top line
of your error message was never \def'ed. If you have
misspelled it (e.g., `\hobx'), type `I' and the correct
spelling (e.g., `I\hbox'). Otherwise just continue,
and I'll forget about whatever was undefined.

./content/algorithms.tex:516: Undefined control sequence.
l.516 ...rm{\frac1{k-1}\Paren{\Allones-\Id}}+\Norm
                                                  {M-\frac1{k-1}\Paren{\Allo...
The control sequence at the end of the top line
of your error message was never \def'ed. If you have
misspelled it (e.g., `\hobx'), type `I' and the correct
spelling (e.g., `I\hbox'). Otherwise just continue,
and I'll forget about whatever was undefined.

./content/algorithms.tex:516: Undefined control sequence.
<argument> \Allones 
                    -\Id 
l.516 ...}+\Norm{M-\frac1{k-1}\Paren{\Allones-\Id}
                                                  }=1+o(1)$, where $\Allones...
The control sequence at the end of the top line
of your error message was never \def'ed. If you have
misspelled it (e.g., `\hobx'), type `I' and the correct
spelling (e.g., `I\hbox'). Otherwise just continue,
and I'll forget about whatever was undefined.

./content/algorithms.tex:516: Undefined control sequence.
<argument> \Allones -\Id 
                         
l.516 ...}+\Norm{M-\frac1{k-1}\Paren{\Allones-\Id}
                                                  }=1+o(1)$, where $\Allones...
The control sequence at the end of the top line
of your error message was never \def'ed. If you have
misspelled it (e.g., `\hobx'), type `I' and the correct
spelling (e.g., `I\hbox'). Otherwise just continue,
and I'll forget about whatever was undefined.

./content/algorithms.tex:516: Undefined control sequence.
<recently read> \Allones 
                         
l.516 ...n{\Allones-\Id}}=1+o(1)$, where $\Allones
                                                   \in \R^{k \times k}$ is t...
The control sequence at the end of the top line
of your error message was never \def'ed. If you have
misspelled it (e.g., `\hobx'), type `I' and the correct
spelling (e.g., `I\hbox'). Otherwise just continue,
and I'll forget about whatever was undefined.


LaTeX Warning: Reference `fact: balancedparts' on page 1 undefined on input line 517.


LaTeX Warning: Reference `lemma: plantedmodelconcentration' on page 1 undefined on input line 519.

./content/algorithms.tex:519: Undefined control sequence.
<recently read> \Norm 
                      
l.519 ...are $\frac1{k-1}\pm o(1)$, we have $\Norm
                                                  {M^{(a)} - M^{(b)}} \geq 2...
The control sequence at the end of the top line
of your error message was never \def'ed. If you have
misspelled it (e.g., `\hobx'), type `I' and the correct
spelling (e.g., `I\hbox'). Otherwise just continue,
and I'll forget about whatever was undefined.


LaTeX Warning: Reference `fact: balancedparts' on page 1 undefined on input line 520.


LaTeX Warning: Reference `lemma: randomplantinglowvariance' on page 1 undefined on input line 520.


LaTeX Warning: Reference `lem:small-var-to-indic' on page 1 undefined on input line 520.

./content/algorithms.tex:521: Undefined control sequence.
l.521     \[\Norm
                 {\tilde{A} \frac{Z_a}{\Norm{Z_a}} - W  \frac{Z_a}{\Norm{Z_a...
The control sequence at the end of the top line
of your error message was never \def'ed. If you have
misspelled it (e.g., `\hobx'), type `I' and the correct
spelling (e.g., `I\hbox'). Otherwise just continue,
and I'll forget about whatever was undefined.

./content/algorithms.tex:521: Undefined control sequence.
<argument> \Norm 
                 {Z_a}
l.521     \[\Norm{\tilde{A} \frac{Z_a}{\Norm{Z_a}}
                                                   - W  \frac{Z_a}{\Norm{Z_a...
The control sequence at the end of the top line
of your error message was never \def'ed. If you have
misspelled it (e.g., `\hobx'), type `I' and the correct
spelling (e.g., `I\hbox'). Otherwise just continue,
and I'll forget about whatever was undefined.

./content/algorithms.tex:521: Undefined control sequence.
<argument> \Norm 
                 {Z_a}
l.521 ...}{\Norm{Z_a}} - W  \frac{Z_a}{\Norm{Z_a}}
                                                  }^2 = \frac{1}{d^{\Omega(1...
The control sequence at the end of the top line
of your error message was never \def'ed. If you have
misspelled it (e.g., `\hobx'), type `I' and the correct
spelling (e.g., `I\hbox'). Otherwise just continue,
and I'll forget about whatever was undefined.

./content/algorithms.tex:523: Undefined control sequence.
<recently read> \rank 
                      
l.523 ...e low rank of $\tilde{A}$, we have $\rank
                                                  _{\geq \lambda}(\frac{1}{d...
The control sequence at the end of the top line
of your error message was never \def'ed. If you have
misspelled it (e.g., `\hobx'), type `I' and the correct
spelling (e.g., `I\hbox'). Otherwise just continue,
and I'll forget about whatever was undefined.

./content/algorithms.tex:523: Undefined control sequence.
<recently read> \Norm 
                      
l.523 ...A_H) \leq t$ by assumption, and as $\Norm
                                                  {\frac1{d}A_H}\leq 1$ beca...
The control sequence at the end of the top line
of your error message was never \def'ed. If you have
misspelled it (e.g., `\hobx'), type `I' and the correct
spelling (e.g., `I\hbox'). Otherwise just continue,
and I'll forget about whatever was undefined.


LaTeX Warning: Reference `cor:spectral_small_to_small' on page 1 undefined on input line 523.

./content/algorithms.tex:523: Undefined control sequence.
<recently read> \rank 
                      
l.523 ...mall} with $\sigma=\lambda$ to get $\rank
                                                  _{\leq -\sqrt{2\lambda}}(\...
The control sequence at the end of the top line
of your error message was never \def'ed. If you have
misspelled it (e.g., `\hobx'), type `I' and the correct
spelling (e.g., `I\hbox'). Otherwise just continue,
and I'll forget about whatever was undefined.

./content/algorithms.tex:525: Undefined control sequence.
<recently read> \rank 
                      
l.525 ...ll enough $\Omega_k(1)$, such that $\rank
                                                  _{\geq \lambda'}(\frac{1}{...
The control sequence at the end of the top line
of your error message was never \def'ed. If you have
misspelled it (e.g., `\hobx'), type `I' and the correct
spelling (e.g., `I\hbox'). Otherwise just continue,
and I'll forget about whatever was undefined.

./content/algorithms.tex:525: Undefined control sequence.
<recently read> \rank 
                      
l.525 ...mbda'}(\frac{1}{d}A_H)=O_k(t)$ and $\rank
                                                  _{\leq -\lambda'}(\frac{1}...
The control sequence at the end of the top line
of your error message was never \def'ed. If you have
misspelled it (e.g., `\hobx'), type `I' and the correct
spelling (e.g., `I\hbox'). Otherwise just continue,
and I'll forget about whatever was undefined.


LaTeX Warning: Reference `lemma: threshold_rank_kept' on page 1 undefined on input line 526.

./content/algorithms.tex:526: Undefined control sequence.
<recently read> \rank 
                      
l.526 ...ormalization parameter $d$, we get $\rank
                                                  _{\geq 2\lambda'}\Paren{\f...
The control sequence at the end of the top line
of your error message was never \def'ed. If you have
misspelled it (e.g., `\hobx'), type `I' and the correct
spelling (e.g., `I\hbox'). Otherwise just continue,
and I'll forget about whatever was undefined.

./content/algorithms.tex:526: Undefined control sequence.
<recently read> \rank 
                      
l.526 ...'}\Paren{\frac1{d}A_G}=O_k(t)$ and $\rank
                                                  _{\leq -2\lambda'}\Paren{\...
The control sequence at the end of the top line
of your error message was never \def'ed. If you have
misspelled it (e.g., `\hobx'), type `I' and the correct
spelling (e.g., `I\hbox'). Otherwise just continue,
and I'll forget about whatever was undefined.

./content/algorithms.tex:527: Undefined control sequence.
<recently read> \rank 
                      
l.527 ...d}{d'}2\lambda'\leq 3\lambda'$, so $\rank
                                                  _{\geq 3\lambda'}(\tilde{A...
The control sequence at the end of the top line
of your error message was never \def'ed. If you have
misspelled it (e.g., `\hobx'), type `I' and the correct
spelling (e.g., `I\hbox'). Otherwise just continue,
and I'll forget about whatever was undefined.

./content/algorithms.tex:527: Undefined control sequence.
l.527 ... $\rank_{\geq 3\lambda'}(\tilde{A})+\rank
                                                  _{\leq -3\lambda'}(\tilde{...
The control sequence at the end of the top line
of your error message was never \def'ed. If you have
misspelled it (e.g., `\hobx'), type `I' and the correct
spelling (e.g., `I\hbox'). Otherwise just continue,
and I'll forget about whatever was undefined.


LaTeX Warning: Reference `thm:part-recovery' on page 1 undefined on input line 540.

./content/algorithms.tex:541: Undefined control sequence.
l.541 ... the colour classes that $\mathbb{E}_{\bm
                                                  {x} \sim \operatorname{Uni...
The control sequence at the end of the top line
of your error message was never \def'ed. If you have
misspelled it (e.g., `\hobx'), type `I' and the correct
spelling (e.g., `I\hbox'). Otherwise just continue,
and I'll forget about whatever was undefined.

./content/algorithms.tex:541: Undefined control sequence.
l.541 ...{\bm{x} \sim \operatorname{Unif}([n])} \1
                                                  [\hat\chi(x) \neq \chi(x)]...
The control sequence at the end of the top line
of your error message was never \def'ed. If you have
misspelled it (e.g., `\hobx'), type `I' and the correct
spelling (e.g., `I\hbox'). Otherwise just continue,
and I'll forget about whatever was undefined.


LaTeX Warning: Reference `thm:kalg-partial' on page 1 undefined on input line 542.


LaTeX Warning: Reference `lemma: generalrounding' on page 1 undefined on input line 542.


LaTeX Warning: Reference `thm:kalg-partial' on page 1 undefined on input line 543.

./content/algorithms.tex:549: Undefined control sequence.
l.549 ..., then we can actually obtain a full \kcl
                                                   by exploiting the full ra...
The control sequence at the end of the top line
of your error message was never \def'ed. If you have
misspelled it (e.g., `\hobx'), type `I' and the correct
spelling (e.g., `I\hbox'). Otherwise just continue,
and I'll forget about whatever was undefined.


LaTeX Warning: Reference `thm: random-planting-partial-list' on page 1 undefined on input line 551.


LaTeX Warning: Reference `thm: random-planting-partial' on page 1 undefined on input line 551.


LaTeX Warning: Reference `thm: random-planting-partial' on page 1 undefined on input line 552.


LaTeX Warning: Reference `thm: random-planting-partial-list' on page 1 undefined on input line 552.



[34]
./content/algorithms.tex:560: Undefined control sequence.
l.560 ...raph obtained by randomly planting a \kcl
                                                   in $H$, and let $\chi: [n...
The control sequence at the end of the top line
of your error message was never \def'ed. If you have
misspelled it (e.g., `\hobx'), type `I' and the correct
spelling (e.g., `I\hbox'). Otherwise just continue,
and I'll forget about whatever was undefined.

./content/algorithms.tex:560: Undefined control sequence.
l.560 ...\chi: [n] \to [k]$ be the associated \kcl
                                                  .
The control sequence at the end of the top line
of your error message was never \def'ed. If you have
misspelled it (e.g., `\hobx'), type `I' and the correct
spelling (e.g., `I\hbox'). Otherwise just continue,
and I'll forget about whatever was undefined.


Overfull \hbox (11.15862pt too wide) in paragraph at lines 558--562
[]\OT1/pplx/m/it/10.95 (-20) Let $\OML/zplm/m/it/10.95 H$ \OT1/pplx/m/it/10.95 (-20) be an $\OML/zplm/m/it/10.95 n$\OT1/pplx/m/it/10.95 (-20) -vertex
 []


LaTeX Warning: Reference `thm: random-planting-full' on page 1 undefined on input line 564.


Package natbib Warning: Citation `MR3536556-David16' on page 35 undefined on input line 564.


LaTeX Warning: Reference `app: plantedcolouring' on page 1 undefined on input line 564.


Package natbib Warning: Citation `MR3536556-David16' on page 35 undefined on input line 567.


Package natbib Warning: Citation `MR3536556-David16' on page 35 undefined on input line 568.


Package natbib Warning: Citation `MR3536556-David16' on page 35 undefined on input line 568.


Package natbib Warning: Citation `MR3536556-David16' on page 35 undefined on input line 570.

./content/algorithms.tex:571: Undefined control sequence.
l.571 $$\Abs
            {N(S)\setminus S}\geq \Paren{\frac{1}{(1-\alpha)c^2+\alpha}-1}|S...
The control sequence at the end of the top line
of your error message was never \def'ed. If you have
misspelled it (e.g., `\hobx'), type `I' and the correct
spelling (e.g., `I\hbox'). Otherwise just continue,
and I'll forget about whatever was undefined.


Package natbib Warning: Citation `MR3536556-David16' on page 35 undefined on input line 573.


Package natbib Warning: Citation `MR3536556-David16' on page 35 undefined on input line 573.

./content/algorithms.tex:579: Undefined control sequence.
l.579     $$\Abs
                {E(G_S)}\leq\frac{d|S|}{2}\Paren{\frac{|S|}{n}+c}\,,$$
The control sequence at the end of the top line
of your error message was never \def'ed. If you have
misspelled it (e.g., `\hobx'), type `I' and the correct
spelling (e.g., `I\hbox'). Otherwise just continue,
and I'll forget about whatever was undefined.



[35]
./content/algorithms.tex:589: Undefined control sequence.
l.589     $$\Abs
                {N(S)\setminus S}\geq \Paren{\frac{1}{c+\sqrt{\alpha}}-1}|S|...
The control sequence at the end of the top line
of your error message was never \def'ed. If you have
misspelled it (e.g., `\hobx'), type `I' and the correct
spelling (e.g., `I\hbox'). Otherwise just continue,
and I'll forget about whatever was undefined.


LaTeX Warning: Reference `lemma: emlonesided' on page 1 undefined on input line 593.


LaTeX Warning: Reference `lemma: ssveonesided' on page 1 undefined on input line 593.


LaTeX Warning: Reference `app: plantedcolouring' on page 1 undefined on input line 593.

./content/algorithms.tex:603: Undefined control sequence.
<recently read> \rank 
                      
l.603     Suppose $\rank
                        _{\leq -\lambda}(\tilde{A}) \leq t$ for some $0 < \l...
The control sequence at the end of the top line
of your error message was never \def'ed. If you have
misspelled it (e.g., `\hobx'), type `I' and the correct
spelling (e.g., `I\hbox'). Otherwise just continue,
and I'll forget about whatever was undefined.

./content/algorithms.tex:604: Undefined control sequence.
<recently read> \poly 
                      
l.604 ...e exists an algorithm with runtime $\poly
                                                  (n) \cdot (\gamma/(1-\lamb...
The control sequence at the end of the top line
of your error message was never \def'ed. If you have
misspelled it (e.g., `\hobx'), type `I' and the correct
spelling (e.g., `I\hbox'). Otherwise just continue,
and I'll forget about whatever was undefined.


LaTeX Warning: Reference `cor:spectral_small_to_small' on page 1 undefined on input line 607.

./content/algorithms.tex:612: Undefined control sequence.
<argument> \frac {1}{2}-\e 
                           
l.612 ...eteq [n]$ of size $\Paren{\frac{1}{2}-\e}
                                                  n$.
The control sequence at the end of the top line
of your error message was never \def'ed. If you have
misspelled it (e.g., `\hobx'), type `I' and the correct
spelling (e.g., `I\hbox'). Otherwise just continue,
and I'll forget about whatever was undefined.

./content/algorithms.tex:613: Undefined control sequence.
<recently read> \rank 
                      
l.613     Suppose $\rank
                        _{\geq \lambda}(\tilde{A}) \leq t$ for some $0 < \la...
The control sequence at the end of the top line
of your error message was never \def'ed. If you have
misspelled it (e.g., `\hobx'), type `I' and the correct
spelling (e.g., `I\hbox'). Otherwise just continue,
and I'll forget about whatever was undefined.

./content/algorithms.tex:614: Undefined control sequence.
<recently read> \poly 
                      
l.614 ...e exists an algorithm with runtime $\poly
                                                  (n) \cdot (\gamma/(1-\lamb...
The control sequence at the end of the top line
of your error message was never \def'ed. If you have
misspelled it (e.g., `\hobx'), type `I' and the correct
spelling (e.g., `I\hbox'). Otherwise just continue,
and I'll forget about whatever was undefined.


Overfull \hbox (13.86812pt too wide) in paragraph at lines 611--615
[]\OT1/pplx/m/it/10.95 (-20) Let $\OML/zplm/m/it/10.95 G$ \OT1/pplx/m/it/10.95 (-20) be an $\OML/zplm/m/it/10.95 n$\OT1/pplx/m/it/10.95 (-20) -vertex $\OML/zplm/m/it/10.95 d$\OT1/pplx/m/it/10.95 (-20) -regular
 []

./content/algorithms.tex:617: Undefined control sequence.
<recently read> \rank 
                      
l.617     Because $\rank
                        _{\geq \lambda}(\tilde{A}) \leq t$, we get by applyi...
The control sequence at the end of the top line
of your error message was never \def'ed. If you have
misspelled it (e.g., `\hobx'), type `I' and the correct
spelling (e.g., `I\hbox'). Otherwise just continue,
and I'll forget about whatever was undefined.


LaTeX Warning: Reference `cor:spectral_small_to_small' on page 1 undefined on input line 617.

./content/algorithms.tex:617: Undefined control sequence.
<recently read> \rank 
                      
l.617 ...l_to_small} with $\sigma = c$ that $\rank
                                                  _{\leq -\lambda'}(\tilde{A...
The control sequence at the end of the top line
of your error message was never \def'ed. If you have
misspelled it (e.g., `\hobx'), type `I' and the correct
spelling (e.g., `I\hbox'). Otherwise just continue,
and I'll forget about whatever was undefined.


LaTeX Warning: Reference `thm:independentsetrecovery' on page 1 undefined on input line 618.


LaTeX Warning: Reference `thm:independentsetrecovery' on page 1 undefined on input line 621.


LaTeX Warning: Reference `thm:independentsetrecovery' on page 1 undefined on input line 625.



[36]
./content/algorithms.tex:633: Undefined control sequence.
<recently read> \rank 
                      
l.633     Then, because $\rank
                              _{\leq -\lambda}(\tilde{A}) \leq t$ and all ei...
The control sequence at the end of the top line
of your error message was never \def'ed. If you have
misspelled it (e.g., `\hobx'), type `I' and the correct
spelling (e.g., `I\hbox'). Otherwise just continue,
and I'll forget about whatever was undefined.

./content/algorithms.tex:639: Undefined control sequence.
<argument> 1-\Norm 
                   {Pu}^2
l.639     \end{align*}
                      
The control sequence at the end of the top line
of your error message was never \def'ed. If you have
misspelled it (e.g., `\hobx'), type `I' and the correct
spelling (e.g., `I\hbox'). Otherwise just continue,
and I'll forget about whatever was undefined.

./content/algorithms.tex:639: Undefined control sequence.
<argument> 1-\Norm 
                   {Pu}^2
l.639     \end{align*}
                      
The control sequence at the end of the top line
of your error message was never \def'ed. If you have
misspelled it (e.g., `\hobx'), type `I' and the correct
spelling (e.g., `I\hbox'). Otherwise just continue,
and I'll forget about whatever was undefined.

./content/algorithms.tex:639: Undefined control sequence.
<argument> ...dot \Paren {1-\Norm {Pu}^2} - \Norm 
                                                  {Pu}^2\\ &= -\lambda - \ga...
l.639     \end{align*}
                      
The control sequence at the end of the top line
of your error message was never \def'ed. If you have
misspelled it (e.g., `\hobx'), type `I' and the correct
spelling (e.g., `I\hbox'). Otherwise just continue,
and I'll forget about whatever was undefined.

./content/algorithms.tex:639: Undefined control sequence.
<argument> ...{Pu}^2\\ &= -\lambda - \gamma \Norm 
                                                  {Pu}^2\,. 
l.639     \end{align*}
                      
The control sequence at the end of the top line
of your error message was never \def'ed. If you have
misspelled it (e.g., `\hobx'), type `I' and the correct
spelling (e.g., `I\hbox'). Otherwise just continue,
and I'll forget about whatever was undefined.

./content/algorithms.tex:639: Undefined control sequence.
<argument> 1-\Norm 
                   {Pu}^2
l.639     \end{align*}
                      
The control sequence at the end of the top line
of your error message was never \def'ed. If you have
misspelled it (e.g., `\hobx'), type `I' and the correct
spelling (e.g., `I\hbox'). Otherwise just continue,
and I'll forget about whatever was undefined.

./content/algorithms.tex:639: Undefined control sequence.
<argument> 1-\Norm 
                   {Pu}^2
l.639     \end{align*}
                      
The control sequence at the end of the top line
of your error message was never \def'ed. If you have
misspelled it (e.g., `\hobx'), type `I' and the correct
spelling (e.g., `I\hbox'). Otherwise just continue,
and I'll forget about whatever was undefined.

./content/algorithms.tex:639: Undefined control sequence.
<argument> ...dot \Paren {1-\Norm {Pu}^2} - \Norm 
                                                  {Pu}^2\\ &= -\lambda - \ga...
l.639     \end{align*}
                      
The control sequence at the end of the top line
of your error message was never \def'ed. If you have
misspelled it (e.g., `\hobx'), type `I' and the correct
spelling (e.g., `I\hbox'). Otherwise just continue,
and I'll forget about whatever was undefined.

./content/algorithms.tex:639: Undefined control sequence.
<argument> ...{Pu}^2\\ &= -\lambda - \gamma \Norm 
                                                  {Pu}^2\,. 
l.639     \end{align*}
                      
The control sequence at the end of the top line
of your error message was never \def'ed. If you have
misspelled it (e.g., `\hobx'), type `I' and the correct
spelling (e.g., `I\hbox'). Otherwise just continue,
and I'll forget about whatever was undefined.

./content/algorithms.tex:640: Undefined control sequence.
l.640 ...plugging in $u^\top \tilde{A} u = -(1-4\e
                                                  )$ and rearranging, we get
The control sequence at the end of the top line
of your error message was never \def'ed. If you have
misspelled it (e.g., `\hobx'), type `I' and the correct
spelling (e.g., `I\hbox'). Otherwise just continue,
and I'll forget about whatever was undefined.

./content/algorithms.tex:641: Undefined control sequence.
l.641     \[\Norm
                 {Pu}^2 \geq \frac{1-\lambda-4\gamma}{1-\lambda} = 1 - \frac...
The control sequence at the end of the top line
of your error message was never \def'ed. If you have
misspelled it (e.g., `\hobx'), type `I' and the correct
spelling (e.g., `I\hbox'). Otherwise just continue,
and I'll forget about whatever was undefined.

./content/algorithms.tex:642: Undefined control sequence.
<recently read> \Norm 
                      
l.642     In particular, $\Norm
                               {u - Pu}^2 = 1 - \Norm{Pu}^2 \leq \frac{4\gam...
The control sequence at the end of the top line
of your error message was never \def'ed. If you have
misspelled it (e.g., `\hobx'), type `I' and the correct
spelling (e.g., `I\hbox'). Otherwise just continue,
and I'll forget about whatever was undefined.

./content/algorithms.tex:642: Undefined control sequence.
l.642 ... particular, $\Norm{u - Pu}^2 = 1 - \Norm
                                                  {Pu}^2 \leq \frac{4\gamma}...
The control sequence at the end of the top line
of your error message was never \def'ed. If you have
misspelled it (e.g., `\hobx'), type `I' and the correct
spelling (e.g., `I\hbox'). Otherwise just continue,
and I'll forget about whatever was undefined.

./content/algorithms.tex:651: Undefined control sequence.
<recently read> \Norm 
                      
l.651 ...lso let $\hat{u} \in \R^n$ satisfy $\Norm
                                                  {\hat{u}-u}^2\leq \alpha$ ...
The control sequence at the end of the top line
of your error message was never \def'ed. If you have
misspelled it (e.g., `\hobx'), type `I' and the correct
spelling (e.g., `I\hbox'). Otherwise just continue,
and I'll forget about whatever was undefined.

./content/algorithms.tex:652: Undefined control sequence.
<recently read> \poly 
                      
l.652 ...e exists an algorithm with runtime $\poly
                                                  (n)$ that returns an indep...
The control sequence at the end of the top line
of your error message was never \def'ed. If you have
misspelled it (e.g., `\hobx'), type `I' and the correct
spelling (e.g., `I\hbox'). Otherwise just continue,
and I'll forget about whatever was undefined.

./content/algorithms.tex:655: Undefined control sequence.
l.655     Letting $\hat{I} = \Set
                                 {x \in V \mid \hat{u}_x \geq 0}$, by $\Norm...
The control sequence at the end of the top line
of your error message was never \def'ed. If you have
misspelled it (e.g., `\hobx'), type `I' and the correct
spelling (e.g., `I\hbox'). Otherwise just continue,
and I'll forget about whatever was undefined.

./content/algorithms.tex:655: Undefined control sequence.
<recently read> \Norm 
                      
l.655 ... \in V \mid \hat{u}_x \geq 0}$, by $\Norm
                                                  {\hat{u}-u}^2\leq \alpha$ ...
The control sequence at the end of the top line
of your error message was never \def'ed. If you have
misspelled it (e.g., `\hobx'), type `I' and the correct
spelling (e.g., `I\hbox'). Otherwise just continue,
and I'll forget about whatever was undefined.

./content/algorithms.tex:655: Undefined control sequence.
<recently read> \Abs 
                     
l.655 ...rm{\hat{u}-u}^2\leq \alpha$ we have $\Abs
                                                  {I\triangle \hat{I}}\Paren...
The control sequence at the end of the top line
of your error message was never \def'ed. If you have
misspelled it (e.g., `\hobx'), type `I' and the correct
spelling (e.g., `I\hbox'). Otherwise just continue,
and I'll forget about whatever was undefined.


LaTeX Warning: Reference `lemma: generalrounding' on page 1 undefined on input line 656.

./content/algorithms.tex:656: Undefined control sequence.
<recently read> \Abs 
                     
l.656 ...an independent set of size at least $\Abs
                                                  {\hat{I}\cap I} - \Abs{\ha...
The control sequence at the end of the top line
of your error message was never \def'ed. If you have
misspelled it (e.g., `\hobx'), type `I' and the correct
spelling (e.g., `I\hbox'). Otherwise just continue,
and I'll forget about whatever was undefined.

./content/algorithms.tex:656: Undefined control sequence.
l.656 ...size at least $\Abs{\hat{I}\cap I} - \Abs
                                                  {\hat{I}\setminus \Paren{\...
The control sequence at the end of the top line
of your error message was never \def'ed. If you have
misspelled it (e.g., `\hobx'), type `I' and the correct
spelling (e.g., `I\hbox'). Otherwise just continue,
and I'll forget about whatever was undefined.

./content/algorithms.tex:656: Undefined control sequence.
l.656 ...t{I}\setminus \Paren{\hat{I}\cap I}}=\Abs
                                                  {I} - \Abs{I\triangle \hat...
The control sequence at the end of the top line
of your error message was never \def'ed. If you have
misspelled it (e.g., `\hobx'), type `I' and the correct
spelling (e.g., `I\hbox'). Otherwise just continue,
and I'll forget about whatever was undefined.

./content/algorithms.tex:656: Undefined control sequence.
l.656 ...nus \Paren{\hat{I}\cap I}}=\Abs{I} - \Abs
                                                  {I\triangle \hat{I}}\geq \...
The control sequence at the end of the top line
of your error message was never \def'ed. If you have
misspelled it (e.g., `\hobx'), type `I' and the correct
spelling (e.g., `I\hbox'). Otherwise just continue,
and I'll forget about whatever was undefined.

./content/algorithms.tex:656: Undefined control sequence.
l.656 ...bs{I} - \Abs{I\triangle \hat{I}}\geq \Abs
                                                  {I} - \alpha n$.
The control sequence at the end of the top line
of your error message was never \def'ed. If you have
misspelled it (e.g., `\hobx'), type `I' and the correct
spelling (e.g., `I\hbox'). Otherwise just continue,
and I'll forget about whatever was undefined.


LaTeX Warning: Reference `lemma:strongerprojectionargument' on page 1 undefined on input line 659.


LaTeX Warning: Reference `lemma:independentsetrounding' on page 1 undefined on input line 659.


LaTeX Warning: Reference `thm:independentsetrecovery' on page 1 undefined on input line 659.


LaTeX Warning: Reference `thm:independentsetrecovery' on page 1 undefined on input line 661.


LaTeX Warning: Reference `lemma:independentsetrounding' on page 1 undefined on input line 662.


LaTeX Warning: Reference `lemma:independentsetrounding' on page 1 undefined on input line 662.


LaTeX Warning: Reference `lemma:independentsetrounding' on page 1 undefined on input line 666.


Overfull \hbox (29.08759pt too wide) in paragraph at lines 664--668
\OT1/zplm/m/n/10.95 (\OML/zplm/m/it/10.95 ^^M\OT1/zplm/m/n/10.95 /(\OT1/pplx/m/n/10.95 (-20) 1 \OMS/zplm/m/n/10.95 ^^@ \OML/zplm/m/it/10.95 ^^U\OT1/zplm/m/n/10.95 ))[]$\OT1/pplx/m/n/10.95 (-20) , for any con-stant $\OML/zplm/m/it/10.95 c > \OT1/pplx/m/n/10.95 (-20) 0$. The cover will have size $\OML/zplm/m/it/10.95 O\OT1/zplm/m/n/10.95 ([])[]$\OT1/pplx/m/n/10.95 (-20) .
 []


LaTeX Warning: Reference `lemma:strongerprojectionargument' on page 1 undefined on input line 669.


LaTeX Warning: Reference `lemma:independentsetrounding' on page 1 undefined on input line 671.



[37]
Overfull \hbox (10.30464pt too wide) in paragraph at lines 680--682
[]\OT1/pplx/m/it/10.95 (-20) Let $\OML/zplm/m/it/10.95 G$ \OT1/pplx/m/it/10.95 (-20) be an $\OML/zplm/m/it/10.95 n$\OT1/pplx/m/it/10.95 (-20) -vertex
 []


Overfull \hbox (3.00578pt too wide) in paragraph at lines 684--687
[]\OT1/pplx/m/n/10.95 (-20) Note that $\OML/zplm/m/it/10.95 S \OMS/zplm/m/n/10.95 n \OML/zplm/m/it/10.95 I$ \OT1/pplx/m/n/10.95 (-20) is a ver-tex cover of $\OML/zplm/m/it/10.95 G[]$\OT1/pplx/m/n/10.95 (-20) . Hence, us-ing the $2$-approximation
 []


LaTeX Warning: Reference `lemma: generalrounding' on page 1 undefined on input line 689.

./content/algorithms.tex:694: Undefined control sequence.
<recently read> \e 
                   
l.694 ...ints in the same part of size at most $\e
                                                   n$ with respect to $\chi$.
The control sequence at the end of the top line
of your error message was never \def'ed. If you have
misspelled it (e.g., `\hobx'), type `I' and the correct
spelling (e.g., `I\hbox'). Otherwise just continue,
and I'll forget about whatever was undefined.

./content/algorithms.tex:695: Undefined control sequence.
l.695 ...al-time algorithm that returns a $(k, 2\e
                                                  )$-colouring of $G$.
The control sequence at the end of the top line
of your error message was never \def'ed. If you have
misspelled it (e.g., `\hobx'), type `I' and the correct
spelling (e.g., `I\hbox'). Otherwise just continue,
and I'll forget about whatever was undefined.


LaTeX Warning: Reference `lemma: generalrounding' on page 1 undefined on input line 699.

./content/algorithms.tex:703: Undefined control sequence.
l.703 ...|\chi^{-1}(a) \setminus I_a| \geq (1 - \e
                                                  )n - \e n = (1-2\e)n\,.\]
The control sequence at the end of the top line
of your error message was never \def'ed. If you have
misspelled it (e.g., `\hobx'), type `I' and the correct
spelling (e.g., `I\hbox'). Otherwise just continue,
and I'll forget about whatever was undefined.

./content/algorithms.tex:703: Undefined control sequence.
l.703 ...-1}(a) \setminus I_a| \geq (1 - \e)n - \e
                                                   n = (1-2\e)n\,.\]
The control sequence at the end of the top line
of your error message was never \def'ed. If you have
misspelled it (e.g., `\hobx'), type `I' and the correct
spelling (e.g., `I\hbox'). Otherwise just continue,
and I'll forget about whatever was undefined.

./content/algorithms.tex:703: Undefined control sequence.
l.703 ...minus I_a| \geq (1 - \e)n - \e n = (1-2\e
                                                  )n\,.\]
The control sequence at the end of the top line
of your error message was never \def'ed. If you have
misspelled it (e.g., `\hobx'), type `I' and the correct
spelling (e.g., `I\hbox'). Otherwise just continue,
and I'll forget about whatever was undefined.

)

[38] (./content/hardness.tex

Package natbib Warning: Citation `bafna-hsieh-kothari' on page 39 undefined on input line 4.


Package natbib Warning: Citation `MR2648426-Bansal09' on page 39 undefined on input line 4.


./content/hardness.tex:6: LaTeX Error: Environment fact undefined.

See the LaTeX manual or LaTeX Companion for explanation.
Type  H <return>  for immediate help.
 ...                                              
                                                  
l.6 \begin{fact}
                [Hardness of approximating independent sets~\cite{MR2648426-...
Your command was ignored.
Type  I <command> <return>  to replace it with another command,
or  <return>  to continue without it.


Package natbib Warning: Citation `MR2648426-Bansal09' on page 39 undefined on input line 6.

./content/hardness.tex:8: Undefined control sequence.
<recently read> \e 
                   
l.8 Let $\e
           , \gamma > 0$ be any small enough constants.
The control sequence at the end of the top line
of your error message was never \def'ed. If you have
misspelled it (e.g., `\hobx'), type `I' and the correct
spelling (e.g., `I\hbox'). Otherwise just continue,
and I'll forget about whatever was undefined.

./content/hardness.tex:11: Undefined control sequence.
<argument> \frac {1}{2}-\e 
                           
l.11 ...ndent sets of size $\Paren{\frac{1}{2}-\e}
                                                  n$,
The control sequence at the end of the top line
of your error message was never \def'ed. If you have
misspelled it (e.g., `\hobx'), type `I' and the correct
spelling (e.g., `I\hbox'). Otherwise just continue,
and I'll forget about whatever was undefined.


./content/hardness.tex:14: LaTeX Error: \begin{document} ended by \end{fact}.

See the LaTeX manual or LaTeX Companion for explanation.
Type  H <return>  for immediate help.
 ...                                              
                                                  
l.14 \end{fact}
               
Your command was ignored.
Type  I <command> <return>  to replace it with another command,
or  <return>  to continue without it.


Package natbib Warning: Citation `bafna-hsieh-kothari' on page 39 undefined on input line 16.


LaTeX Warning: Reference `thm:propA1' on page 1 undefined on input line 16.

./content/hardness.tex:16: Undefined control sequence.
l.16 ...sided expander graph that admits a $(4, \e
                                                  )$-colouring.
The control sequence at the end of the top line
of your error message was never \def'ed. If you have
misspelled it (e.g., `\hobx'), type `I' and the correct
spelling (e.g., `I\hbox'). Otherwise just continue,
and I'll forget about whatever was undefined.


LaTeX Warning: Reference `def:model-colouring' on page 1 undefined on input line 18.


LaTeX Warning: Reference `thm:kalg-partial' on page 1 undefined on input line 20.

./content/hardness.tex:26: Undefined control sequence.
l.26 ...For all $i \in [k']$, let $a_i^* = \argmax
                                                  _{a \in S_i} \pi_a$, and l...
The control sequence at the end of the top line
of your error message was never \def'ed. If you have
misspelled it (e.g., `\hobx'), type `I' and the correct
spelling (e.g., `I\hbox'). Otherwise just continue,
and I'll forget about whatever was undefined.

./content/hardness.tex:27: Undefined control sequence.
<recently read> \e 
                   
l.27 ...e following problem is NP-hard for all $\e
                                                  , \gamma, \lambda > 0$ sma...
The control sequence at the end of the top line
of your error message was never \def'ed. If you have
misspelled it (e.g., `\hobx'), type `I' and the correct
spelling (e.g., `I\hbox'). Otherwise just continue,
and I'll forget about whatever was undefined.

./content/hardness.tex:28: Undefined control sequence.
l.28 ... expander graph $G$ that admits an $(M, \e
                                                  )$-colouring, find a $(k, ...
The control sequence at the end of the top line
of your error message was never \def'ed. If you have
misspelled it (e.g., `\hobx'), type `I' and the correct
spelling (e.g., `I\hbox'). Otherwise just continue,
and I'll forget about whatever was undefined.


Overfull \hbox (0.89377pt too wide) in paragraph at lines 24--29
[]\OT1/pplx/m/it/10.95 (-20) Let $\OML/zplm/m/it/10.95 M \OMS/zplm/m/n/10.95 2 \U/fplmbb/m/n/10.95 R[]$ \OT1/pplx/m/it/10.95 (-20) be a re-versible
 []



[39

]
./content/hardness.tex:37: Undefined control sequence.
<recently read> \e 
                   
l.37 ... following problem is NP-hard, for all $\e
                                                  , \lambda > 0$:
The control sequence at the end of the top line
of your error message was never \def'ed. If you have
misspelled it (e.g., `\hobx'), type `I' and the correct
spelling (e.g., `I\hbox'). Otherwise just continue,
and I'll forget about whatever was undefined.

./content/hardness.tex:38: Undefined control sequence.
l.38 ... expander graph $G$ that admits an $(M, \e
                                                  )$-colouring, find a $(k, ...
The control sequence at the end of the top line
of your error message was never \def'ed. If you have
misspelled it (e.g., `\hobx'), type `I' and the correct
spelling (e.g., `I\hbox'). Otherwise just continue,
and I'll forget about whatever was undefined.


LaTeX Warning: Reference `thm: finegrainedrowshard' on page 1 undefined on input line 41.


LaTeX Warning: Reference `thm:3alg' on page 1 undefined on input line 42.


LaTeX Warning: Reference `thm: finegrainedrowshard' on page 1 undefined on input line 43.

./content/hardness.tex:47: Undefined control sequence.
<recently read> \e 
                   
l.47     Let $\e
                , \gamma > 0$ be any small enough constants.
The control sequence at the end of the top line
of your error message was never \def'ed. If you have
misspelled it (e.g., `\hobx'), type `I' and the correct
spelling (e.g., `I\hbox'). Otherwise just continue,
and I'll forget about whatever was undefined.

./content/hardness.tex:48: Undefined control sequence.
l.48 ...ith $\lambda_2=o(1)$ that admits a $(3, \e
                                                  )$-colouring, it is NP-har...
The control sequence at the end of the top line
of your error message was never \def'ed. If you have
misspelled it (e.g., `\hobx'), type `I' and the correct
spelling (e.g., `I\hbox'). Otherwise just continue,
and I'll forget about whatever was undefined.


LaTeX Warning: Reference `thm: finegrainedrowshard' on page 1 undefined on input line 51.


Package natbib Warning: Citation `bafna-hsieh-kothari' on page 40 undefined on input line 51.


Package natbib Warning: Citation `bafna-hsieh-kothari' on page 40 undefined on input line 53.

./content/hardness.tex:54: Undefined control sequence.
<recently read> \e 
                   
l.54     Let $\e
                , \gamma > 0$ be any small enough constants and let $k$ be c...
The control sequence at the end of the top line
of your error message was never \def'ed. If you have
misspelled it (e.g., `\hobx'), type `I' and the correct
spelling (e.g., `I\hbox'). Otherwise just continue,
and I'll forget about whatever was undefined.

./content/hardness.tex:55: Undefined control sequence.
l.55 ...with $\lambda_2=o(1)$ that admits a $(k,\e
                                                  )$-colouring with identica...
The control sequence at the end of the top line
of your error message was never \def'ed. If you have
misspelled it (e.g., `\hobx'), type `I' and the correct
spelling (e.g., `I\hbox'). Otherwise just continue,
and I'll forget about whatever was undefined.


Overfull \hbox (6.5871pt too wide) in paragraph at lines 54--56
[]\OT1/pplx/m/it/10.95 (-20) Let $\OT1/pplx/m/n/10.95 (-20) , \OML/zplm/m/it/10.95 ^^M > \OT1/pplx/m/n/10.95 (-20) 0$ \OT1/pplx/m/it/10.95 (-20) be any small
 []

./content/hardness.tex:63: Undefined control sequence.
<recently read> \e 
                   
l.63     Let $\e
                , \gamma > 0$ be any small enough constants.
The control sequence at the end of the top line
of your error message was never \def'ed. If you have
misspelled it (e.g., `\hobx'), type `I' and the correct
spelling (e.g., `I\hbox'). Otherwise just continue,
and I'll forget about whatever was undefined.

./content/hardness.tex:64: Undefined control sequence.
l.64 ...ith $\lambda_3=o(1)$ that admits a $(3, \e
                                                  )$-colouring with identica...
The control sequence at the end of the top line
of your error message was never \def'ed. If you have
misspelled it (e.g., `\hobx'), type `I' and the correct
spelling (e.g., `I\hbox'). Otherwise just continue,
and I'll forget about whatever was undefined.


LaTeX Warning: Reference `thm: finegrainedrowshard' on page 1 undefined on input line 67.



[40]
./content/hardness.tex:72: Undefined control sequence.
<recently read> \Norm 
                      
l.72 ...ition $\chi: [n] \to [k]$ such that $\Norm
                                                  {M-M(\tilde{A},\chi)}=o(1)$.
The control sequence at the end of the top line
of your error message was never \def'ed. If you have
misspelled it (e.g., `\hobx'), type `I' and the correct
spelling (e.g., `I\hbox'). Otherwise just continue,
and I'll forget about whatever was undefined.

./content/hardness.tex:73: Undefined control sequence.
<recently read> \D 
                   
l.73     For $x \in [n]$ and $a \in [k]$, let $\D
                                                 {x}{a} = \sum_{y \in \chi^{...
The control sequence at the end of the top line
of your error message was never \def'ed. If you have
misspelled it (e.g., `\hobx'), type `I' and the correct
spelling (e.g., `I\hbox'). Otherwise just continue,
and I'll forget about whatever was undefined.

./content/hardness.tex:84: Undefined control sequence.
<argument> \Abs 
                {\chi ^{-1}(\chi (y))}
l.84 ...\chi(x)\chi(y)}}{\Abs{\chi^{-1}(\chi(y))}}
                                                  $ for $\Set{\chi(x), \chi(...
The control sequence at the end of the top line
of your error message was never \def'ed. If you have
misspelled it (e.g., `\hobx'), type `I' and the correct
spelling (e.g., `I\hbox'). Otherwise just continue,
and I'll forget about whatever was undefined.

./content/hardness.tex:84: Undefined control sequence.
<recently read> \Set 
                     
l.84 ...(y)}}{\Abs{\chi^{-1}(\chi(y))}}$ for $\Set
                                                  {\chi(x), \chi(y)}=\Set{a,...
The control sequence at the end of the top line
of your error message was never \def'ed. If you have
misspelled it (e.g., `\hobx'), type `I' and the correct
spelling (e.g., `I\hbox'). Otherwise just continue,
and I'll forget about whatever was undefined.

./content/hardness.tex:84: Undefined control sequence.
l.84 ...hi(y))}}$ for $\Set{\chi(x), \chi(y)}=\Set
                                                  {a, b}$ and $E^{(ab)}_{xy}...
The control sequence at the end of the top line
of your error message was never \def'ed. If you have
misspelled it (e.g., `\hobx'), type `I' and the correct
spelling (e.g., `I\hbox'). Otherwise just continue,
and I'll forget about whatever was undefined.


LaTeX Warning: Reference `def:partition_Z' on page 1 undefined on input line 85.


LaTeX Warning: Reference `def:model' on page 1 undefined on input line 85.


LaTeX Warning: Reference `thm:part-recovery' on page 1 undefined on input line 90.

./content/hardness.tex:91: Undefined control sequence.
<recently read> \Norm 
                      
l.91         \item because $\Norm
                                 {M-M(\tilde{A},\chi)}=o(1)$ and $\Norm{Z}^2...
The control sequence at the end of the top line
of your error message was never \def'ed. If you have
misspelled it (e.g., `\hobx'), type `I' and the correct
spelling (e.g., `I\hbox'). Otherwise just continue,
and I'll forget about whatever was undefined.

./content/hardness.tex:91: Undefined control sequence.
<recently read> \Norm 
                      
l.91 ...Norm{M-M(\tilde{A},\chi)}=o(1)$ and $\Norm
                                                  {Z}^2=\Norm{B}$ we have
The control sequence at the end of the top line
of your error message was never \def'ed. If you have
misspelled it (e.g., `\hobx'), type `I' and the correct
spelling (e.g., `I\hbox'). Otherwise just continue,
and I'll forget about whatever was undefined.

./content/hardness.tex:91: Undefined control sequence.
l.91 ...ilde{A},\chi)}=o(1)$ and $\Norm{Z}^2=\Norm
                                                  {B}$ we have
The control sequence at the end of the top line
of your error message was never \def'ed. If you have
misspelled it (e.g., `\hobx'), type `I' and the correct
spelling (e.g., `I\hbox'). Otherwise just continue,
and I'll forget about whatever was undefined.

./content/hardness.tex:92: Undefined control sequence.
l.92     $$\Norm
                {Z\Paren{M(\tilde{A},\chi)-M}B^{-1}Z^T}\leq \Norm{Z}\Norm{M(...
The control sequence at the end of the top line
of your error message was never \def'ed. If you have
misspelled it (e.g., `\hobx'), type `I' and the correct
spelling (e.g., `I\hbox'). Otherwise just continue,
and I'll forget about whatever was undefined.

./content/hardness.tex:92: Undefined control sequence.
l.92 ...n{M(\tilde{A},\chi)-M}B^{-1}Z^T}\leq \Norm
                                                  {Z}\Norm{M(\tilde{A},\chi)...
The control sequence at the end of the top line
of your error message was never \def'ed. If you have
misspelled it (e.g., `\hobx'), type `I' and the correct
spelling (e.g., `I\hbox'). Otherwise just continue,
and I'll forget about whatever was undefined.

./content/hardness.tex:92: Undefined control sequence.
l.92 ...de{A},\chi)-M}B^{-1}Z^T}\leq \Norm{Z}\Norm
                                                  {M(\tilde{A},\chi)-M}\Norm...
The control sequence at the end of the top line
of your error message was never \def'ed. If you have
misspelled it (e.g., `\hobx'), type `I' and the correct
spelling (e.g., `I\hbox'). Otherwise just continue,
and I'll forget about whatever was undefined.

./content/hardness.tex:92: Undefined control sequence.
l.92 ...eq \Norm{Z}\Norm{M(\tilde{A},\chi)-M}\Norm
                                                  {B^{-1}}\Norm{Z^T}=\frac{\...
The control sequence at the end of the top line
of your error message was never \def'ed. If you have
misspelled it (e.g., `\hobx'), type `I' and the correct
spelling (e.g., `I\hbox'). Otherwise just continue,
and I'll forget about whatever was undefined.

./content/hardness.tex:92: Undefined control sequence.
l.92 ...orm{M(\tilde{A},\chi)-M}\Norm{B^{-1}}\Norm
                                                  {Z^T}=\frac{\max_{a\in[k]}...
The control sequence at the end of the top line
of your error message was never \def'ed. If you have
misspelled it (e.g., `\hobx'), type `I' and the correct
spelling (e.g., `I\hbox'). Otherwise just continue,
and I'll forget about whatever was undefined.

./content/hardness.tex:92: Undefined control sequence.
<argument> \max _{a\in [k]}\Abs 
                                {\chi ^{-1}(a)}
l.92 ...-1}(a)}}{\min_{a\in[k]}\Abs{\chi^{-1}(a)}}
                                                  \ o(1)=o(1)\,,$$
The control sequence at the end of the top line
of your error message was never \def'ed. If you have
misspelled it (e.g., `\hobx'), type `I' and the correct
spelling (e.g., `I\hbox'). Otherwise just continue,
and I'll forget about whatever was undefined.

./content/hardness.tex:92: Undefined control sequence.
<argument> \min _{a\in [k]}\Abs 
                                {\chi ^{-1}(a)}
l.92 ...-1}(a)}}{\min_{a\in[k]}\Abs{\chi^{-1}(a)}}
                                                  \ o(1)=o(1)\,,$$
The control sequence at the end of the top line
of your error message was never \def'ed. If you have
misspelled it (e.g., `\hobx'), type `I' and the correct
spelling (e.g., `I\hbox'). Otherwise just continue,
and I'll forget about whatever was undefined.


Overfull \hbox (47.7948pt too wide) detected at line 92
[] \OMS/zplm/m/n/10.95 ^^T \OML/zplm/m/it/10.95 Z[][][] \OT1/zplm/m/n/10.95 = [] \OML/zplm/m/it/10.95 o\OT1/zplm/m/n/10.95 (\OT1/pplx/m/n/10.95 1\OT1/zplm/m/n/10.95 ) = \OML/zplm/m/it/10.95 o\OT1/zplm/m/n/10.95 (\OT1/pplx/m/n/10.95 1\OT1/zplm/m/n/10.95 ) \OT1/pplx/m/n/10.95 ,
 []

./content/hardness.tex:94: Undefined control sequence.
<recently read> \Set 
                     
l.94 ...ed, so the spectrum of $E^{(ab)}$ is $\Set
                                                  {0, 0}\cup \lambda_{\btw{2...
The control sequence at the end of the top line
of your error message was never \def'ed. If you have
misspelled it (e.g., `\hobx'), type `I' and the correct
spelling (e.g., `I\hbox'). Otherwise just continue,
and I'll forget about whatever was undefined.

./content/hardness.tex:94: Undefined control sequence.
l.94 ...E^{(ab)}$ is $\Set{0, 0}\cup \lambda_{\btw
                                                  {2}{\Paren{\chi^{-1}(a)+\c...
The control sequence at the end of the top line
of your error message was never \def'ed. If you have
misspelled it (e.g., `\hobx'), type `I' and the correct
spelling (e.g., `I\hbox'). Otherwise just continue,
and I'll forget about whatever was undefined.


LaTeX Warning: Reference `thm: finegrainedrowshard' on page 1 undefined on input line 99.


LaTeX Warning: Reference `thm: finegrainedrowshard' on page 1 undefined on input line 101.

./content/hardness.tex:102: Undefined control sequence.
<recently read> \ALG 
                     
l.102 ...contradiction, suppose an algorithm $\ALG
                                                  $ solves the problem above...
The control sequence at the end of the top line
of your error message was never \def'ed. If you have
misspelled it (e.g., `\hobx'), type `I' and the correct
spelling (e.g., `I\hbox'). Otherwise just continue,
and I'll forget about whatever was undefined.

./content/hardness.tex:103: Undefined control sequence.
l.103 ..._k$ be even integers bounded by $O_{M, \e
                                                  , \gamma}(1)$\footnote{By ...
The control sequence at the end of the top line
of your error message was never \def'ed. If you have
misspelled it (e.g., `\hobx'), type `I' and the correct
spelling (e.g., `I\hbox'). Otherwise just continue,
and I'll forget about whatever was undefined.


LaTeX Warning: Reference `lemma:model-colour-size' on page 1 undefined on input line 103.

./content/hardness.tex:103: Undefined control sequence.
<recently read> \Norm 
                      
l.103 ...(1)$ for all $i\in[k]$.} such that $\Norm
                                                  {\hat{\pi} - \pi}_{\infty}...
The control sequence at the end of the top line
of your error message was never \def'ed. If you have
misspelled it (e.g., `\hobx'), type `I' and the correct
spelling (e.g., `I\hbox'). Otherwise just continue,
and I'll forget about whatever was undefined.

./content/hardness.tex:103: Undefined control sequence.
<argument> \e 
              
l.103 ...a}{2k}, \frac{\e}{2}\min_{i\in [k]}\pi_i}
                                                  $ and $\argmax_{a \in S_i}...
The control sequence at the end of the top line
of your error message was never \def'ed. If you have
misspelled it (e.g., `\hobx'), type `I' and the correct
spelling (e.g., `I\hbox'). Otherwise just continue,
and I'll forget about whatever was undefined.

./content/hardness.tex:103: Undefined control sequence.
<recently read> \argmax 
                        
l.103 ...\e}{2}\min_{i\in [k]}\pi_i}$ and $\argmax
                                                  _{a \in S_i} \pi_a=\argmax...
The control sequence at the end of the top line
of your error message was never \def'ed. If you have
misspelled it (e.g., `\hobx'), type `I' and the correct
spelling (e.g., `I\hbox'). Otherwise just continue,
and I'll forget about whatever was undefined.

./content/hardness.tex:103: Undefined control sequence.
l.103 ...}$ and $\argmax_{a \in S_i} \pi_a=\argmax
                                                  _{a \in S_i} \hat{\pi}_a$ ...
The control sequence at the end of the top line
of your error message was never \def'ed. If you have
misspelled it (e.g., `\hobx'), type `I' and the correct
spelling (e.g., `I\hbox'). Otherwise just continue,
and I'll forget about whatever was undefined.



[41]

LaTeX Warning: Reference `thm:propA1' on page 1 undefined on input line 107.

./content/hardness.tex:112: Undefined control sequence.
l.112         \DontPrintSemicolon
                                 
The control sequence at the end of the top line
of your error message was never \def'ed. If you have
misspelled it (e.g., `\hobx'), type `I' and the correct
spelling (e.g., `I\hbox'). Otherwise just continue,
and I'll forget about whatever was undefined.


LaTeX Warning: Reference `thm:propA1' on page 1 undefined on input line 113.

./content/hardness.tex:113: Undefined control sequence.
<recently read> \e 
                   
l.113 ...rom \cref{thm:propA1} with parameters $\e
                                                  /2$ and $\frac{\gamma}{2k}$\;
The control sequence at the end of the top line
of your error message was never \def'ed. If you have
misspelled it (e.g., `\hobx'), type `I' and the correct
spelling (e.g., `I\hbox'). Otherwise just continue,
and I'll forget about whatever was undefined.

./content/hardness.tex:118: Undefined control sequence.
<recently read> \ALG 
                     
l.118 ...    Decide based on whether running $\ALG
                                                  $ on the final graph $G^*=...
The control sequence at the end of the top line
of your error message was never \def'ed. If you have
misspelled it (e.g., `\hobx'), type `I' and the correct
spelling (e.g., `I\hbox'). Otherwise just continue,
and I'll forget about whatever was undefined.


LaTeX Warning: Reference `alg: lowtopthresholdrankhard' on page 1 undefined on input line 121.

./content/hardness.tex:123: Undefined control sequence.
l.123 ... disjoint independent sets of size $(1-\e
                                                  /2)n$ each. Then, by const...
The control sequence at the end of the top line
of your error message was never \def'ed. If you have
misspelled it (e.g., `\hobx'), type `I' and the correct
spelling (e.g., `I\hbox'). Otherwise just continue,
and I'll forget about whatever was undefined.

./content/hardness.tex:123: Undefined control sequence.
l.123 ...n, by construction $G^*$ admits a $(k, \e
                                                  )$-colouring $\chi$ such t...
The control sequence at the end of the top line
of your error message was never \def'ed. If you have
misspelled it (e.g., `\hobx'), type `I' and the correct
spelling (e.g., `I\hbox'). Otherwise just continue,
and I'll forget about whatever was undefined.

./content/hardness.tex:123: Undefined control sequence.
<recently read> \Abs 
                     
l.123 ...(k, \e)$-colouring $\chi$ such that $\Abs
                                                  {\chi^{-1}(a)}=\hat{\pi}_a...
The control sequence at the end of the top line
of your error message was never \def'ed. If you have
misspelled it (e.g., `\hobx'), type `I' and the correct
spelling (e.g., `I\hbox'). Otherwise just continue,
and I'll forget about whatever was undefined.

./content/hardness.tex:123: Undefined control sequence.
l.123 ...that $\Abs{\chi^{-1}(a)}=\hat{\pi}_a \Abs
                                                  {V(G^*)}$ for all $a\in[k]...
The control sequence at the end of the top line
of your error message was never \def'ed. If you have
misspelled it (e.g., `\hobx'), type `I' and the correct
spelling (e.g., `I\hbox'). Otherwise just continue,
and I'll forget about whatever was undefined.

./content/hardness.tex:125: Undefined control sequence.
<recently read> \Norm 
                      
l.125 ... matrix of $G^*$. Let us show that $\Norm
                                                  {M(\tilde{A}^*, \allowbrea...
The control sequence at the end of the top line
of your error message was never \def'ed. If you have
misspelled it (e.g., `\hobx'), type `I' and the correct
spelling (e.g., `I\hbox'). Otherwise just continue,
and I'll forget about whatever was undefined.

./content/hardness.tex:125: Undefined control sequence.
l.125 ...e{A}^*, \allowbreak\chi)-M}_{\max}\leq \e
                                                  $. Let $x\in S_i$ and $y\i...
The control sequence at the end of the top line
of your error message was never \def'ed. If you have
misspelled it (e.g., `\hobx'), type `I' and the correct
spelling (e.g., `I\hbox'). Otherwise just continue,
and I'll forget about whatever was undefined.

./content/hardness.tex:125: Undefined control sequence.
<recently read> \Norm 
                      
l.125 ...pm o(1)$. On the other hand, using $\Norm
                                                  {\hat{\pi} - \pi}_{\infty}...
The control sequence at the end of the top line
of your error message was never \def'ed. If you have
misspelled it (e.g., `\hobx'), type `I' and the correct
spelling (e.g., `I\hbox'). Otherwise just continue,
and I'll forget about whatever was undefined.

./content/hardness.tex:125: Undefined control sequence.
<argument> \e 
              
l.125 ...hat{\pi} - \pi}_{\infty}\leq \frac{\e}{2}
                                                   \min_{i\in [k]}\pi_i$ it ...
The control sequence at the end of the top line
of your error message was never \def'ed. If you have
misspelled it (e.g., `\hobx'), type `I' and the correct
spelling (e.g., `I\hbox'). Otherwise just continue,
and I'll forget about whatever was undefined.

./content/hardness.tex:125: Undefined control sequence.
<recently read> \Abs 
                     
l.125 ...in_{i\in [k]}\pi_i$ it follows that $\Abs
                                                  {\widehat{M}_{ab}-M_{ab}}=...
The control sequence at the end of the top line
of your error message was never \def'ed. If you have
misspelled it (e.g., `\hobx'), type `I' and the correct
spelling (e.g., `I\hbox'). Otherwise just continue,
and I'll forget about whatever was undefined.

./content/hardness.tex:125: Undefined control sequence.
l.125 ... that $\Abs{\widehat{M}_{ab}-M_{ab}}=\Abs
                                                  {\frac{\hat{\pi}_b}{\pi_b}...
The control sequence at the end of the top line
of your error message was never \def'ed. If you have
misspelled it (e.g., `\hobx'), type `I' and the correct
spelling (e.g., `I\hbox'). Otherwise just continue,
and I'll forget about whatever was undefined.

./content/hardness.tex:125: Undefined control sequence.
<argument> \e 
              
l.125 ...}{\pi_b}M_{ab} - M_{ab}}\leq \frac{\e}{2}
                                                   M_{ab}\leq \e/2$. Combini...
The control sequence at the end of the top line
of your error message was never \def'ed. If you have
misspelled it (e.g., `\hobx'), type `I' and the correct
spelling (e.g., `I\hbox'). Otherwise just continue,
and I'll forget about whatever was undefined.

./content/hardness.tex:125: Undefined control sequence.
l.125 ... - M_{ab}}\leq \frac{\e}{2} M_{ab}\leq \e
                                                  /2$. Combining the two by ...
The control sequence at the end of the top line
of your error message was never \def'ed. If you have
misspelled it (e.g., `\hobx'), type `I' and the correct
spelling (e.g., `I\hbox'). Otherwise just continue,
and I'll forget about whatever was undefined.

./content/hardness.tex:125: Undefined control sequence.
<recently read> \Abs 
                     
l.125 ...ty and using $M_{xy}=M_{ab}$ we get $\Abs
                                                  {M(\tilde{A}^*, \chi)_{xy}...
The control sequence at the end of the top line
of your error message was never \def'ed. If you have
misspelled it (e.g., `\hobx'), type `I' and the correct
spelling (e.g., `I\hbox'). Otherwise just continue,
and I'll forget about whatever was undefined.

./content/hardness.tex:125: Undefined control sequence.
l.125 ...{M(\tilde{A}^*, \chi)_{xy}-M_{xy}}\leq \e
                                                  $ as desired.
The control sequence at the end of the top line
of your error message was never \def'ed. If you have
misspelled it (e.g., `\hobx'), type `I' and the correct
spelling (e.g., `I\hbox'). Otherwise just continue,
and I'll forget about whatever was undefined.


Overfull \hbox (45.37354pt too wide) in paragraph at lines 125--126
[]\OT1/pplx/m/n/10.95 (-20) Let $[]$ be the nor-mal-ized ad-ja-cency ma-trix of $\OML/zplm/m/it/10.95 G[]$\OT1/pplx/m/n/10.95 (-20) . Let us show that $[][] \OMS/zplm/m/n/10.95 ^^T$\OT1/pplx/m/n/10.95 (-20) .
 []

./content/hardness.tex:127: Undefined control sequence.
l.127 ...in this case $G^*$ would admit an $(M, \e
                                                  )$-colouring. Furthermore,...
The control sequence at the end of the top line
of your error message was never \def'ed. If you have
misspelled it (e.g., `\hobx'), type `I' and the correct
spelling (e.g., `I\hbox'). Otherwise just continue,
and I'll forget about whatever was undefined.


LaTeX Warning: Reference `lem: blowupexpanding' on page 1 undefined on input line 127.

./content/hardness.tex:127: Undefined control sequence.
<recently read> \ALG 
                     
l.127 ... conclude that the preconditions of $\ALG
                                                  $ would be satisfied, and ...
The control sequence at the end of the top line
of your error message was never \def'ed. If you have
misspelled it (e.g., `\hobx'), type `I' and the correct
spelling (e.g., `I\hbox'). Otherwise just continue,
and I'll forget about whatever was undefined.



[42]
./content/hardness.tex:133: Undefined control sequence.
<recently read> \Norm 
                      
l.133 ...pies of $G$ and the colours, using $\Norm
                                                  {\hat{\pi} - \pi}_{\infty}...
The control sequence at the end of the top line
of your error message was never \def'ed. If you have
misspelled it (e.g., `\hobx'), type `I' and the correct
spelling (e.g., `I\hbox'). Otherwise just continue,
and I'll forget about whatever was undefined.

./content/hardness.tex:140: Undefined control sequence.
<argument> ...}{2k}}\\ &=\frac {\gamma }{2k} \Abs 
                                                  {V(G)} 
l.140     \end{align*}
                      
The control sequence at the end of the top line
of your error message was never \def'ed. If you have
misspelled it (e.g., `\hobx'), type `I' and the correct
spelling (e.g., `I\hbox'). Otherwise just continue,
and I'll forget about whatever was undefined.

./content/hardness.tex:140: Undefined control sequence.
<argument> ...}{2k}}\\ &=\frac {\gamma }{2k} \Abs 
                                                  {V(G)} 
l.140     \end{align*}
                      
The control sequence at the end of the top line
of your error message was never \def'ed. If you have
misspelled it (e.g., `\hobx'), type `I' and the correct
spelling (e.g., `I\hbox'). Otherwise just continue,
and I'll forget about whatever was undefined.


Overfull \hbox (52.57126pt too wide) detected at line 140
[]
 []


LaTeX Warning: Reference `thm: finegrainedrowshard' on page 1 undefined on input line 144.


LaTeX Warning: Reference `thm: unbalancedhard' on page 1 undefined on input line 146.


LaTeX Warning: Reference `lemma: 3colouringfixedaveragedegree' on page 1 undefined on input line 147.

./content/hardness.tex:147: Undefined control sequence.
<recently read> \Set 
                     
l.147 ...$\pi_3=1/4$. The spectrum of $M$ is $\Set
                                                  {1, 0, -1}$, so it has non...
The control sequence at the end of the top line
of your error message was never \def'ed. If you have
misspelled it (e.g., `\hobx'), type `I' and the correct
spelling (e.g., `I\hbox'). Otherwise just continue,
and I'll forget about whatever was undefined.


LaTeX Warning: Reference `thm: finegrainedrowshard' on page 1 undefined on input line 149.


LaTeX Warning: Reference `thm: kgeq4hard' on page 1 undefined on input line 152.

./content/hardness.tex:165: Undefined control sequence.
l.165 ...tationary distribution $\pi = \frac1{k}\1
                                                  \in \R^k$. The spectrum of...
The control sequence at the end of the top line
of your error message was never \def'ed. If you have
misspelled it (e.g., `\hobx'), type `I' and the correct
spelling (e.g., `I\hbox'). Otherwise just continue,
and I'll forget about whatever was undefined.

./content/hardness.tex:165: Undefined control sequence.
<recently read> \Set 
                     
l.165 ...\1\in \R^k$. The spectrum of $M$ is $\Set
                                                  {1,\;0\ (\text{mult.\ }k-k...
The control sequence at the end of the top line
of your error message was never \def'ed. If you have
misspelled it (e.g., `\hobx'), type `I' and the correct
spelling (e.g., `I\hbox'). Otherwise just continue,
and I'll forget about whatever was undefined.



[43]
./content/hardness.tex:167: Undefined control sequence.
l.167 ...r all $x \in [k']$, let $a_x^* := \argmax
                                                  _{a \in S_x} \pi_a$, and l...
The control sequence at the end of the top line
of your error message was never \def'ed. If you have
misspelled it (e.g., `\hobx'), type `I' and the correct
spelling (e.g., `I\hbox'). Otherwise just continue,
and I'll forget about whatever was undefined.

./content/hardness.tex:167: Undefined control sequence.
<recently read> \Abs 
                     
l.167 ...x\in [k']$, using $q\geq 2$ we have $\Abs
                                                  {S_x}\geq 2$, so $p_x=0$.
The control sequence at the end of the top line
of your error message was never \def'ed. If you have
misspelled it (e.g., `\hobx'), type `I' and the correct
spelling (e.g., `I\hbox'). Otherwise just continue,
and I'll forget about whatever was undefined.


LaTeX Warning: Reference `thm: finegrainedrowshard' on page 1 undefined on input line 169.


LaTeX Warning: Reference `thm: lowtopthresholdrankhard' on page 1 undefined on input line 172.


LaTeX Warning: Reference `thm: lowtopthresholdrankhard' on page 1 undefined on input line 174.

./content/hardness.tex:175: Undefined control sequence.
<recently read> \ALG 
                     
l.175 ...contradiction, suppose an algorithm $\ALG
                                                  $ solves the problem above...
The control sequence at the end of the top line
of your error message was never \def'ed. If you have
misspelled it (e.g., `\hobx'), type `I' and the correct
spelling (e.g., `I\hbox'). Otherwise just continue,
and I'll forget about whatever was undefined.


LaTeX Warning: Reference `thm:propA1' on page 1 undefined on input line 176.

./content/hardness.tex:181: Undefined control sequence.
l.181         \DontPrintSemicolon
                                 
The control sequence at the end of the top line
of your error message was never \def'ed. If you have
misspelled it (e.g., `\hobx'), type `I' and the correct
spelling (e.g., `I\hbox'). Otherwise just continue,
and I'll forget about whatever was undefined.

./content/hardness.tex:182: Undefined control sequence.
l.182 ...ex graph $G$ with average degree $d_{\avg
                                                  } = o(n)$ and maximum degr...
The control sequence at the end of the top line
of your error message was never \def'ed. If you have
misspelled it (e.g., `\hobx'), type `I' and the correct
spelling (e.g., `I\hbox'). Otherwise just continue,
and I'll forget about whatever was undefined.


LaTeX Warning: Reference `thm:propA1' on page 1 undefined on input line 182.

./content/hardness.tex:182: Undefined control sequence.
<recently read> \e 
                   
l.182 ...rom \cref{thm:propA1} with parameters $\e
                                                  , \frac{3}{2}\gamma$\;
The control sequence at the end of the top line
of your error message was never \def'ed. If you have
misspelled it (e.g., `\hobx'), type `I' and the correct
spelling (e.g., `I\hbox'). Otherwise just continue,
and I'll forget about whatever was undefined.

./content/hardness.tex:183: Undefined control sequence.
<argument> n+\sqrt {n(n-4d_{\avg 
                                 })}
l.183 ... graph $\frac{n+\sqrt{n(n-4d_{\avg})}}{2}
                                                  $ new vertices and denote ...
The control sequence at the end of the top line
of your error message was never \def'ed. If you have
misspelled it (e.g., `\hobx'), type `I' and the correct
spelling (e.g., `I\hbox'). Otherwise just continue,
and I'll forget about whatever was undefined.

./content/hardness.tex:185: Undefined control sequence.
<argument> nd_{\avg 
                    }
l.185 ...x\in V(G)$ and $\frac{nd_{\avg}}{\Abs{S}}
                                                  $ for $y\in S$\;
The control sequence at the end of the top line
of your error message was never \def'ed. If you have
misspelled it (e.g., `\hobx'), type `I' and the correct
spelling (e.g., `I\hbox'). Otherwise just continue,
and I'll forget about whatever was undefined.

./content/hardness.tex:185: Undefined control sequence.
<argument> \Abs 
                {S}
l.185 ...x\in V(G)$ and $\frac{nd_{\avg}}{\Abs{S}}
                                                  $ for $y\in S$\;
The control sequence at the end of the top line
of your error message was never \def'ed. If you have
misspelled it (e.g., `\hobx'), type `I' and the correct
spelling (e.g., `I\hbox'). Otherwise just continue,
and I'll forget about whatever was undefined.

./content/hardness.tex:187: Undefined control sequence.
<recently read> \Abs 
                     
l.187         Let $G''$ be a new $\Abs
                                      {S}$-regular tripartite graph with $\l...
The control sequence at the end of the top line
of your error message was never \def'ed. If you have
misspelled it (e.g., `\hobx'), type `I' and the correct
spelling (e.g., `I\hbox'). Otherwise just continue,
and I'll forget about whatever was undefined.

./content/hardness.tex:187: Undefined control sequence.
l.187 ...ite graph with $\lambda_2(A_{G''})=o(\Abs
                                                  {S})$ and sides of size $\...
The control sequence at the end of the top line
of your error message was never \def'ed. If you have
misspelled it (e.g., `\hobx'), type `I' and the correct
spelling (e.g., `I\hbox'). Otherwise just continue,
and I'll forget about whatever was undefined.

./content/hardness.tex:187: Undefined control sequence.
<recently read> \Abs 
                     
l.187 ...G''})=o(\Abs{S})$ and sides of size $\Abs
                                                  {S}, \Abs{S}, \Paren{\frac...
The control sequence at the end of the top line
of your error message was never \def'ed. If you have
misspelled it (e.g., `\hobx'), type `I' and the correct
spelling (e.g., `I\hbox'). Otherwise just continue,
and I'll forget about whatever was undefined.

./content/hardness.tex:187: Undefined control sequence.
l.187 ...Abs{S})$ and sides of size $\Abs{S}, \Abs
                                                  {S}, \Paren{\frac{1}{2} - ...
The control sequence at the end of the top line
of your error message was never \def'ed. If you have
misspelled it (e.g., `\hobx'), type `I' and the correct
spelling (e.g., `I\hbox'). Otherwise just continue,
and I'll forget about whatever was undefined.

./content/hardness.tex:187: Undefined control sequence.
<argument> \frac {1}{2} - \e 
                             
l.187 ...Abs{S}, \Abs{S}, \Paren{\frac{1}{2} - \e}
                                                  n\;$\footnotemark{}\;
The control sequence at the end of the top line
of your error message was never \def'ed. If you have
misspelled it (e.g., `\hobx'), type `I' and the correct
spelling (e.g., `I\hbox'). Otherwise just continue,
and I'll forget about whatever was undefined.

./content/hardness.tex:188: Undefined control sequence.
<recently read> \ALG 
                     
l.188 ...    Decide based on whether running $\ALG
                                                  $ on the final graph $G^* ...
The control sequence at the end of the top line
of your error message was never \def'ed. If you have
misspelled it (e.g., `\hobx'), type `I' and the correct
spelling (e.g., `I\hbox'). Otherwise just continue,
and I'll forget about whatever was undefined.


LaTeX Warning: Reference `lem: blowupexpanding' on page 1 undefined on input line 194.

./content/hardness.tex:194: Undefined control sequence.
<recently read> \Abs 
                     
l.194 ...) with a non-positive second eigenvalue.}
                                                  
The control sequence at the end of the top line
of your error message was never \def'ed. If you have
misspelled it (e.g., `\hobx'), type `I' and the correct
spelling (e.g., `I\hbox'). Otherwise just continue,
and I'll forget about whatever was undefined.

./content/hardness.tex:194: Undefined control sequence.
<argument> ...left (\begin {smallmatrix} 0 & \Abs 
                                                  {S} - (1/4-\e /2)n & (1/4-...
l.194 ...) with a non-positive second eigenvalue.}
                                                  
The control sequence at the end of the top line
of your error message was never \def'ed. If you have
misspelled it (e.g., `\hobx'), type `I' and the correct
spelling (e.g., `I\hbox'). Otherwise just continue,
and I'll forget about whatever was undefined.

./content/hardness.tex:194: Undefined control sequence.
<argument> ...smallmatrix} 0 & \Abs {S} - (1/4-\e 
                                                  /2)n & (1/4-\e /2)n \\ \Ab...
l.194 ...) with a non-positive second eigenvalue.}
                                                  
The control sequence at the end of the top line
of your error message was never \def'ed. If you have
misspelled it (e.g., `\hobx'), type `I' and the correct
spelling (e.g., `I\hbox'). Otherwise just continue,
and I'll forget about whatever was undefined.

./content/hardness.tex:194: Undefined control sequence.
<argument> ...& \Abs {S} - (1/4-\e /2)n & (1/4-\e 
                                                  /2)n \\ \Abs {S} - (1/4-\e...
l.194 ...) with a non-positive second eigenvalue.}
                                                  
The control sequence at the end of the top line
of your error message was never \def'ed. If you have
misspelled it (e.g., `\hobx'), type `I' and the correct
spelling (e.g., `I\hbox'). Otherwise just continue,
and I'll forget about whatever was undefined.

./content/hardness.tex:194: Undefined control sequence.
<argument> ...(1/4-\e /2)n & (1/4-\e /2)n \\ \Abs 
                                                  {S} - (1/4-\e /2)n & 0 & (...
l.194 ...) with a non-positive second eigenvalue.}
                                                  
The control sequence at the end of the top line
of your error message was never \def'ed. If you have
misspelled it (e.g., `\hobx'), type `I' and the correct
spelling (e.g., `I\hbox'). Otherwise just continue,
and I'll forget about whatever was undefined.

./content/hardness.tex:194: Undefined control sequence.
<argument> ... (1/4-\e /2)n \\ \Abs {S} - (1/4-\e 
                                                  /2)n & 0 & (1/4-\e /2)n \\...
l.194 ...) with a non-positive second eigenvalue.}
                                                  
The control sequence at the end of the top line
of your error message was never \def'ed. If you have
misspelled it (e.g., `\hobx'), type `I' and the correct
spelling (e.g., `I\hbox'). Otherwise just continue,
and I'll forget about whatever was undefined.

./content/hardness.tex:194: Undefined control sequence.
<argument> ...bs {S} - (1/4-\e /2)n & 0 & (1/4-\e 
                                                  /2)n \\ å\Abs {S}/2 & \Ab...
l.194 ...) with a non-positive second eigenvalue.}
                                                  
The control sequence at the end of the top line
of your error message was never \def'ed. If you have
misspelled it (e.g., `\hobx'), type `I' and the correct
spelling (e.g., `I\hbox'). Otherwise just continue,
and I'll forget about whatever was undefined.


LaTeX Warning: Command \r invalid in math mode on input line 194.

./content/hardness.tex:194: Please use \mathaccent for accents in math mode.
\MT@orig@add@accent ...gnorespaces \relax \accent 
                                                  #1 #2\egroup \ifmmode \els...
l.194 ...) with a non-positive second eigenvalue.}
                                                  
I'm changing \accent to \mathaccent here; wish me luck.
(Accents are not the same in formulas as they are in text.)

./content/hardness.tex:194: Undefined control sequence.
<argument> ...e /2)n & 0 & (1/4-\e /2)n \\ å\Abs 
                                                  {S}/2 & \Abs {S}/2 & 0 \en...
l.194 ...) with a non-positive second eigenvalue.}
                                                  
The control sequence at the end of the top line
of your error message was never \def'ed. If you have
misspelled it (e.g., `\hobx'), type `I' and the correct
spelling (e.g., `I\hbox'). Otherwise just continue,
and I'll forget about whatever was undefined.

./content/hardness.tex:194: Undefined control sequence.
<argument> ...(1/4-\e /2)n \\ å\Abs {S}/2 & \Abs 
                                                  {S}/2 & 0 \end {smallmatri...
l.194 ...) with a non-positive second eigenvalue.}
                                                  
The control sequence at the end of the top line
of your error message was never \def'ed. If you have
misspelled it (e.g., `\hobx'), type `I' and the correct
spelling (e.g., `I\hbox'). Otherwise just continue,
and I'll forget about whatever was undefined.


Underfull \hbox (badness 1953) in paragraph at lines 194--194
[][] [][][]\OT1/pplx/m/n/9 (+20) Using [] and $\OML/zplm/m/it/9 S \OMS/zplm/m/n/9 ^^U \OML/zplm/m/it/9 n\OT1/zplm/m/n/9 /\OT1/pplx/m/n/9 (+20) 4$, such a graph ex-ists based on the model ma-trix
 []

./content/hardness.tex:196: Undefined control sequence.
<recently read> \Abs 
                     
l.196     Let us first show that $G^*$ is $\Abs
                                               {S}$-regular. Note that the d...
The control sequence at the end of the top line
of your error message was never \def'ed. If you have
misspelled it (e.g., `\hobx'), type `I' and the correct
spelling (e.g., `I\hbox'). Otherwise just continue,
and I'll forget about whatever was undefined.

./content/hardness.tex:196: Undefined control sequence.
<recently read> \Abs 
                     
l.196 ...$, so they will exactly have degree $\Abs
                                                  {S}$ coming from $H$. For ...
The control sequence at the end of the top line
of your error message was never \def'ed. If you have
misspelled it (e.g., `\hobx'), type `I' and the correct
spelling (e.g., `I\hbox'). Otherwise just continue,
and I'll forget about whatever was undefined.

./content/hardness.tex:196: Undefined control sequence.
<argument> nd_{\avg 
                    }
l.196 ...ved by $H'$ is $\frac{nd_{\avg}}{\Abs{S}}
                                                  $, so the degree of $y$ in...
The control sequence at the end of the top line
of your error message was never \def'ed. If you have
misspelled it (e.g., `\hobx'), type `I' and the correct
spelling (e.g., `I\hbox'). Otherwise just continue,
and I'll forget about whatever was undefined.

./content/hardness.tex:196: Undefined control sequence.
<argument> \Abs 
                {S}
l.196 ...ved by $H'$ is $\frac{nd_{\avg}}{\Abs{S}}
                                                  $, so the degree of $y$ in...
The control sequence at the end of the top line
of your error message was never \def'ed. If you have
misspelled it (e.g., `\hobx'), type `I' and the correct
spelling (e.g., `I\hbox'). Otherwise just continue,
and I'll forget about whatever was undefined.

./content/hardness.tex:198: Undefined control sequence.
<argument> nd_{\avg 
                    }
l.198     $$n-\frac{nd_{\avg}}{\Abs{S}}
                                       =n-\frac{nd_{\avg}}{\frac{n+\sqrt{n(n...
The control sequence at the end of the top line
of your error message was never \def'ed. If you have
misspelled it (e.g., `\hobx'), type `I' and the correct
spelling (e.g., `I\hbox'). Otherwise just continue,
and I'll forget about whatever was undefined.

./content/hardness.tex:198: Undefined control sequence.
<argument> \Abs 
                {S}
l.198     $$n-\frac{nd_{\avg}}{\Abs{S}}
                                       =n-\frac{nd_{\avg}}{\frac{n+\sqrt{n(n...
The control sequence at the end of the top line
of your error message was never \def'ed. If you have
misspelled it (e.g., `\hobx'), type `I' and the correct
spelling (e.g., `I\hbox'). Otherwise just continue,
and I'll forget about whatever was undefined.

./content/hardness.tex:198: Undefined control sequence.
<argument> nd_{\avg 
                    }
l.198 ...\avg}}{\frac{n+\sqrt{n(n-4d_{\avg})}}{2}}
                                                  =\frac{n+\sqrt{n(n-4d_{\av...
The control sequence at the end of the top line
of your error message was never \def'ed. If you have
misspelled it (e.g., `\hobx'), type `I' and the correct
spelling (e.g., `I\hbox'). Otherwise just continue,
and I'll forget about whatever was undefined.

./content/hardness.tex:198: Undefined control sequence.
<argument> n+\sqrt {n(n-4d_{\avg 
                                 })}
l.198 ...\avg}}{\frac{n+\sqrt{n(n-4d_{\avg})}}{2}}
                                                  =\frac{n+\sqrt{n(n-4d_{\av...
The control sequence at the end of the top line
of your error message was never \def'ed. If you have
misspelled it (e.g., `\hobx'), type `I' and the correct
spelling (e.g., `I\hbox'). Otherwise just continue,
and I'll forget about whatever was undefined.

./content/hardness.tex:198: Undefined control sequence.
<argument> n+\sqrt {n(n-4d_{\avg 
                                 })}
l.198 ...)}}{2}}=\frac{n+\sqrt{n(n-4d_{\avg})}}{2}
                                                  =\Abs{S}\,.$$
The control sequence at the end of the top line
of your error message was never \def'ed. If you have
misspelled it (e.g., `\hobx'), type `I' and the correct
spelling (e.g., `I\hbox'). Otherwise just continue,
and I'll forget about whatever was undefined.

./content/hardness.tex:198: Undefined control sequence.
l.198 ...}}=\frac{n+\sqrt{n(n-4d_{\avg})}}{2}=\Abs
                                                  {S}\,.$$
The control sequence at the end of the top line
of your error message was never \def'ed. If you have
misspelled it (e.g., `\hobx'), type `I' and the correct
spelling (e.g., `I\hbox'). Otherwise just continue,
and I'll forget about whatever was undefined.



[44]
./content/hardness.tex:203: Undefined control sequence.
l.203     Using $d_{\avg
                        }=o(n)$ we have $|S| = \Omega(n)$, so $\lambda_2(A_{...
The control sequence at the end of the top line
of your error message was never \def'ed. If you have
misspelled it (e.g., `\hobx'), type `I' and the correct
spelling (e.g., `I\hbox'). Otherwise just continue,
and I'll forget about whatever was undefined.

./content/hardness.tex:206: Undefined control sequence.
<argument> \frac {1}{2}-\e 
                           
l.206 ...dent sets of size $\Paren{\frac{1}{2}-\e}
                                                  n$, then $G^*$ admits a \t...
The control sequence at the end of the top line
of your error message was never \def'ed. If you have
misspelled it (e.g., `\hobx'), type `I' and the correct
spelling (e.g., `I\hbox'). Otherwise just continue,
and I'll forget about whatever was undefined.

./content/hardness.tex:206: Undefined control sequence.
l.206 ...rac{1}{2}-\e}n$, then $G^*$ admits a \tcl
                                                   with identical colour cla...
The control sequence at the end of the top line
of your error message was never \def'ed. If you have
misspelled it (e.g., `\hobx'), type `I' and the correct
spelling (e.g., `I\hbox'). Otherwise just continue,
and I'll forget about whatever was undefined.

./content/hardness.tex:206: Undefined control sequence.
l.206 ...ntical colour class sizes on all but $2\e
                                                   n \leq \e |V(G^*)|$ verti...
The control sequence at the end of the top line
of your error message was never \def'ed. If you have
misspelled it (e.g., `\hobx'), type `I' and the correct
spelling (e.g., `I\hbox'). Otherwise just continue,
and I'll forget about whatever was undefined.

./content/hardness.tex:206: Undefined control sequence.
l.206 ...our class sizes on all but $2\e n \leq \e
                                                   |V(G^*)|$ vertices.
The control sequence at the end of the top line
of your error message was never \def'ed. If you have
misspelled it (e.g., `\hobx'), type `I' and the correct
spelling (e.g., `I\hbox'). Otherwise just continue,
and I'll forget about whatever was undefined.

./content/hardness.tex:207: Undefined control sequence.
<recently read> \ALG 
                     
l.207 ...''$ and that $\lambda_3(G^*)=o(1)$, $\ALG
                                                  $ returns a $\Paren{3, \fr...
The control sequence at the end of the top line
of your error message was never \def'ed. If you have
misspelled it (e.g., `\hobx'), type `I' and the correct
spelling (e.g., `I\hbox'). Otherwise just continue,
and I'll forget about whatever was undefined.

./content/hardness.tex:209: Undefined control sequence.
<recently read> \ALG 
                     
l.209 ... of size $\frac{3}{2}\gamma n$, and $\ALG
                                                  $ is a distinguisher.
The control sequence at the end of the top line
of your error message was never \def'ed. If you have
misspelled it (e.g., `\hobx'), type `I' and the correct
spelling (e.g., `I\hbox'). Otherwise just continue,
and I'll forget about whatever was undefined.

./content/hardness.tex:211: Undefined control sequence.
l.211 ...1}{3}\Bigg(\Paren{\frac{7}{9}+\gamma}\Abs
                                                  {V(G^*)}-\Paren{\Abs{S}+|V...
The control sequence at the end of the top line
of your error message was never \def'ed. If you have
misspelled it (e.g., `\hobx'), type `I' and the correct
spelling (e.g., `I\hbox'). Otherwise just continue,
and I'll forget about whatever was undefined.

./content/hardness.tex:211: Undefined control sequence.
<argument> \Abs 
                {S}+|V(G'')|
l.211 ...mma}\Abs{V(G^*)}-\Paren{\Abs{S}+|V(G'')|}
                                                  \Bigg)\,,$$
The control sequence at the end of the top line
of your error message was never \def'ed. If you have
misspelled it (e.g., `\hobx'), type `I' and the correct
spelling (e.g., `I\hbox'). Otherwise just continue,
and I'll forget about whatever was undefined.

./content/hardness.tex:212: Undefined control sequence.
<recently read> \Abs 
                     
l.212 ...e of the components, and using that $\Abs
                                                  {S}\leq n$, is lower bound...
The control sequence at the end of the top line
of your error message was never \def'ed. If you have
misspelled it (e.g., `\hobx'), type `I' and the correct
spelling (e.g., `I\hbox'). Otherwise just continue,
and I'll forget about whatever was undefined.

)

[45] (./thesis.bbl

[46


]) (./content/threshold_rank.tex

Package natbib Warning: Citation `barak-raghavendra-steurer' on page 47 undefined on input line 4.


Package natbib Warning: Citation `barak-raghavendra-steurer' on page 47 undefined on input line 8.

./content/threshold_rank.tex:9: Undefined control sequence.
<recently read> \Norm 
                      
l.9 ...n \R^{n \times n}$ be symmetric with $\Norm
                                                  {A} \leq 1$.
The control sequence at the end of the top line
of your error message was never \def'ed. If you have
misspelled it (e.g., `\hobx'), type `I' and the correct
spelling (e.g., `I\hbox'). Otherwise just continue,
and I'll forget about whatever was undefined.

./content/threshold_rank.tex:13: Undefined control sequence.
l.13         \iprod
                   {A, M} \geq 1-\e \,, \quad
The control sequence at the end of the top line
of your error message was never \def'ed. If you have
misspelled it (e.g., `\hobx'), type `I' and the correct
spelling (e.g., `I\hbox'). Otherwise just continue,
and I'll forget about whatever was undefined.

./content/threshold_rank.tex:13: Undefined control sequence.
l.13         \iprod{A, M} \geq 1-\e
                                    \,, \quad
The control sequence at the end of the top line
of your error message was never \def'ed. If you have
misspelled it (e.g., `\hobx'), type `I' and the correct
spelling (e.g., `I\hbox'). Otherwise just continue,
and I'll forget about whatever was undefined.

./content/threshold_rank.tex:14: Undefined control sequence.
l.14         \Norm
                  {M}_F^2 \leq \frac{1}{r} \,, \quad
The control sequence at the end of the top line
of your error message was never \def'ed. If you have
misspelled it (e.g., `\hobx'), type `I' and the correct
spelling (e.g., `I\hbox'). Otherwise just continue,
and I'll forget about whatever was undefined.

./content/threshold_rank.tex:15: Undefined control sequence.
l.15         \Tr
                (M) = 1 \,.
The control sequence at the end of the top line
of your error message was never \def'ed. If you have
misspelled it (e.g., `\hobx'), type `I' and the correct
spelling (e.g., `I\hbox'). Otherwise just continue,
and I'll forget about whatever was undefined.

./content/threshold_rank.tex:19: Undefined control sequence.
l.19         \rank
                  _{\geq 1- C \cdot \e} (A) \geq \Paren{1-\frac{1}{C}}^2 r \,.
The control sequence at the end of the top line
of your error message was never \def'ed. If you have
misspelled it (e.g., `\hobx'), type `I' and the correct
spelling (e.g., `I\hbox'). Otherwise just continue,
and I'll forget about whatever was undefined.

./content/threshold_rank.tex:19: Undefined control sequence.
l.19         \rank_{\geq 1- C \cdot \e
                                      } (A) \geq \Paren{1-\frac{1}{C}}^2 r \,.
The control sequence at the end of the top line
of your error message was never \def'ed. If you have
misspelled it (e.g., `\hobx'), type `I' and the correct
spelling (e.g., `I\hbox'). Otherwise just continue,
and I'll forget about whatever was undefined.

./content/threshold_rank.tex:24: Undefined control sequence.
l.24 ...ambda_i u_i u_i^{\top}$ and let $k = \rank
                                                  _{\geq 1- C \e} (A)$.
The control sequence at the end of the top line
of your error message was never \def'ed. If you have
misspelled it (e.g., `\hobx'), type `I' and the correct
spelling (e.g., `I\hbox'). Otherwise just continue,
and I'll forget about whatever was undefined.

./content/threshold_rank.tex:24: Undefined control sequence.
l.24 ...i^{\top}$ and let $k = \rank_{\geq 1- C \e
                                                  } (A)$.
The control sequence at the end of the top line
of your error message was never \def'ed. If you have
misspelled it (e.g., `\hobx'), type `I' and the correct
spelling (e.g., `I\hbox'). Otherwise just continue,
and I'll forget about whatever was undefined.

./content/threshold_rank.tex:25: Undefined control sequence.
l.25     We use $\Lambda_{\geq 1- C\e
                                     } = \sum_{i=1}^{k} u_i u_i^{\top}$ to d...
The control sequence at the end of the top line
of your error message was never \def'ed. If you have
misspelled it (e.g., `\hobx'), type `I' and the correct
spelling (e.g., `I\hbox'). Otherwise just continue,
and I'll forget about whatever was undefined.

./content/threshold_rank.tex:25: Undefined control sequence.
l.25 ...corresponding eigenvalues at least $1- C\e
                                                  $.
The control sequence at the end of the top line
of your error message was never \def'ed. If you have
misspelled it (e.g., `\hobx'), type `I' and the correct
spelling (e.g., `I\hbox'). Otherwise just continue,
and I'll forget about whatever was undefined.

./content/threshold_rank.tex:26: Undefined control sequence.
<recently read> \iprod 
                       
l.26     Then we can rewrite $\iprod
                                    {A, M}$ as
The control sequence at the end of the top line
of your error message was never \def'ed. If you have
misspelled it (e.g., `\hobx'), type `I' and the correct
spelling (e.g., `I\hbox'). Otherwise just continue,
and I'll forget about whatever was undefined.

./content/threshold_rank.tex:35: Undefined control sequence.
<argument> ...RS11_proof_1} \begin {split} \iprod 
                                                  {A, M} & = \sum _{i=1}^{k}...
l.35     \end{align}
                    
The control sequence at the end of the top line
of your error message was never \def'ed. If you have
misspelled it (e.g., `\hobx'), type `I' and the correct
spelling (e.g., `I\hbox'). Otherwise just continue,
and I'll forget about whatever was undefined.

./content/threshold_rank.tex:35: Undefined control sequence.
<argument> ...= \sum _{i=1}^{k} \lambda _i \iprod 
                                                  {u_i u_i^{\top }, M} + \su...
l.35     \end{align}
                    
The control sequence at the end of the top line
of your error message was never \def'ed. If you have
misspelled it (e.g., `\hobx'), type `I' and the correct
spelling (e.g., `I\hbox'). Otherwise just continue,
and I'll forget about whatever was undefined.

./content/threshold_rank.tex:35: Undefined control sequence.
<argument> ...\sum _{i=k+1}^{n} \lambda _i \iprod 
                                                  {u_i u_i^{\top }, M} \\ & ...
l.35     \end{align}
                    
The control sequence at the end of the top line
of your error message was never \def'ed. If you have
misspelled it (e.g., `\hobx'), type `I' and the correct
spelling (e.g., `I\hbox'). Otherwise just continue,
and I'll forget about whatever was undefined.

./content/threshold_rank.tex:35: Undefined control sequence.
<argument> ..._i u_i^{\top }, M} \\ & \leq \iprod 
                                                  {\Lambda _{\geq 1- C\e }, ...
l.35     \end{align}
                    
The control sequence at the end of the top line
of your error message was never \def'ed. If you have
misspelled it (e.g., `\hobx'), type `I' and the correct
spelling (e.g., `I\hbox'). Otherwise just continue,
and I'll forget about whatever was undefined.

./content/threshold_rank.tex:35: Undefined control sequence.
<argument> ... \leq \iprod {\Lambda _{\geq 1- C\e 
                                                  }, M} + (1- C\e ) \iprod {...
l.35     \end{align}
                    
The control sequence at the end of the top line
of your error message was never \def'ed. If you have
misspelled it (e.g., `\hobx'), type `I' and the correct
spelling (e.g., `I\hbox'). Otherwise just continue,
and I'll forget about whatever was undefined.

./content/threshold_rank.tex:35: Undefined control sequence.
<argument> ...ambda _{\geq 1- C\e }, M} + (1- C\e 
                                                  ) \iprod {\Id _n - \Lambda...
l.35     \end{align}
                    
The control sequence at the end of the top line
of your error message was never \def'ed. If you have
misspelled it (e.g., `\hobx'), type `I' and the correct
spelling (e.g., `I\hbox'). Otherwise just continue,
and I'll forget about whatever was undefined.

./content/threshold_rank.tex:35: Undefined control sequence.
<argument> ...geq 1- C\e }, M} + (1- C\e ) \iprod 
                                                  {\Id _n - \Lambda _{\geq 1...
l.35     \end{align}
                    
The control sequence at the end of the top line
of your error message was never \def'ed. If you have
misspelled it (e.g., `\hobx'), type `I' and the correct
spelling (e.g., `I\hbox'). Otherwise just continue,
and I'll forget about whatever was undefined.

./content/threshold_rank.tex:35: Undefined control sequence.
<argument> ...- C\e }, M} + (1- C\e ) \iprod {\Id 
                                                  _n - \Lambda _{\geq 1- C\e...
l.35     \end{align}
                    
The control sequence at the end of the top line
of your error message was never \def'ed. If you have
misspelled it (e.g., `\hobx'), type `I' and the correct
spelling (e.g., `I\hbox'). Otherwise just continue,
and I'll forget about whatever was undefined.

./content/threshold_rank.tex:35: Undefined control sequence.
<argument> ...rod {\Id _n - \Lambda _{\geq 1- C\e 
                                                  }, M} \\ & = C \e \iprod {...
l.35     \end{align}
                    
The control sequence at the end of the top line
of your error message was never \def'ed. If you have
misspelled it (e.g., `\hobx'), type `I' and the correct
spelling (e.g., `I\hbox'). Otherwise just continue,
and I'll forget about whatever was undefined.

./content/threshold_rank.tex:35: Undefined control sequence.
<argument> ...bda _{\geq 1- C\e }, M} \\ & = C \e 
                                                  \iprod {\Lambda _{\geq 1- ...
l.35     \end{align}
                    
The control sequence at the end of the top line
of your error message was never \def'ed. If you have
misspelled it (e.g., `\hobx'), type `I' and the correct
spelling (e.g., `I\hbox'). Otherwise just continue,
and I'll forget about whatever was undefined.

./content/threshold_rank.tex:35: Undefined control sequence.
<argument> ...geq 1- C\e }, M} \\ & = C \e \iprod 
                                                  {\Lambda _{\geq 1- C\e }, ...
l.35     \end{align}
                    
The control sequence at the end of the top line
of your error message was never \def'ed. If you have
misspelled it (e.g., `\hobx'), type `I' and the correct
spelling (e.g., `I\hbox'). Otherwise just continue,
and I'll forget about whatever was undefined.

./content/threshold_rank.tex:35: Undefined control sequence.
<argument> ... C \e \iprod {\Lambda _{\geq 1- C\e 
                                                  }, M} + (1- C\e ) \iprod {...
l.35     \end{align}
                    
The control sequence at the end of the top line
of your error message was never \def'ed. If you have
misspelled it (e.g., `\hobx'), type `I' and the correct
spelling (e.g., `I\hbox'). Otherwise just continue,
and I'll forget about whatever was undefined.

./content/threshold_rank.tex:35: Undefined control sequence.
<argument> ...ambda _{\geq 1- C\e }, M} + (1- C\e 
                                                  ) \iprod {\Id _n, M} \,. \...
l.35     \end{align}
                    
The control sequence at the end of the top line
of your error message was never \def'ed. If you have
misspelled it (e.g., `\hobx'), type `I' and the correct
spelling (e.g., `I\hbox'). Otherwise just continue,
and I'll forget about whatever was undefined.

./content/threshold_rank.tex:35: Undefined control sequence.
<argument> ...geq 1- C\e }, M} + (1- C\e ) \iprod 
                                                  {\Id _n, M} \,. \end {split} 
l.35     \end{align}
                    
The control sequence at the end of the top line
of your error message was never \def'ed. If you have
misspelled it (e.g., `\hobx'), type `I' and the correct
spelling (e.g., `I\hbox'). Otherwise just continue,
and I'll forget about whatever was undefined.

./content/threshold_rank.tex:35: Undefined control sequence.
<argument> ...- C\e }, M} + (1- C\e ) \iprod {\Id 
                                                  _n, M} \,. \end {split} 
l.35     \end{align}
                    
The control sequence at the end of the top line
of your error message was never \def'ed. If you have
misspelled it (e.g., `\hobx'), type `I' and the correct
spelling (e.g., `I\hbox'). Otherwise just continue,
and I'll forget about whatever was undefined.

./content/threshold_rank.tex:35: Undefined control sequence.
<argument> ...RS11_proof_1} \begin {split} \iprod 
                                                  {A, M} & = \sum _{i=1}^{k}...
l.35     \end{align}
                    
The control sequence at the end of the top line
of your error message was never \def'ed. If you have
misspelled it (e.g., `\hobx'), type `I' and the correct
spelling (e.g., `I\hbox'). Otherwise just continue,
and I'll forget about whatever was undefined.

./content/threshold_rank.tex:35: Undefined control sequence.
<argument> ...= \sum _{i=1}^{k} \lambda _i \iprod 
                                                  {u_i u_i^{\top }, M} + \su...
l.35     \end{align}
                    
The control sequence at the end of the top line
of your error message was never \def'ed. If you have
misspelled it (e.g., `\hobx'), type `I' and the correct
spelling (e.g., `I\hbox'). Otherwise just continue,
and I'll forget about whatever was undefined.

./content/threshold_rank.tex:35: Undefined control sequence.
<argument> ...\sum _{i=k+1}^{n} \lambda _i \iprod 
                                                  {u_i u_i^{\top }, M} \\ & ...
l.35     \end{align}
                    
The control sequence at the end of the top line
of your error message was never \def'ed. If you have
misspelled it (e.g., `\hobx'), type `I' and the correct
spelling (e.g., `I\hbox'). Otherwise just continue,
and I'll forget about whatever was undefined.

./content/threshold_rank.tex:35: Undefined control sequence.
<argument> ..._i u_i^{\top }, M} \\ & \leq \iprod 
                                                  {\Lambda _{\geq 1- C\e }, ...
l.35     \end{align}
                    
The control sequence at the end of the top line
of your error message was never \def'ed. If you have
misspelled it (e.g., `\hobx'), type `I' and the correct
spelling (e.g., `I\hbox'). Otherwise just continue,
and I'll forget about whatever was undefined.

./content/threshold_rank.tex:35: Undefined control sequence.
<argument> ... \leq \iprod {\Lambda _{\geq 1- C\e 
                                                  }, M} + (1- C\e ) \iprod {...
l.35     \end{align}
                    
The control sequence at the end of the top line
of your error message was never \def'ed. If you have
misspelled it (e.g., `\hobx'), type `I' and the correct
spelling (e.g., `I\hbox'). Otherwise just continue,
and I'll forget about whatever was undefined.

./content/threshold_rank.tex:35: Undefined control sequence.
<argument> ...ambda _{\geq 1- C\e }, M} + (1- C\e 
                                                  ) \iprod {\Id _n - \Lambda...
l.35     \end{align}
                    
The control sequence at the end of the top line
of your error message was never \def'ed. If you have
misspelled it (e.g., `\hobx'), type `I' and the correct
spelling (e.g., `I\hbox'). Otherwise just continue,
and I'll forget about whatever was undefined.

./content/threshold_rank.tex:35: Undefined control sequence.
<argument> ...geq 1- C\e }, M} + (1- C\e ) \iprod 
                                                  {\Id _n - \Lambda _{\geq 1...
l.35     \end{align}
                    
The control sequence at the end of the top line
of your error message was never \def'ed. If you have
misspelled it (e.g., `\hobx'), type `I' and the correct
spelling (e.g., `I\hbox'). Otherwise just continue,
and I'll forget about whatever was undefined.

./content/threshold_rank.tex:35: Undefined control sequence.
<argument> ...- C\e }, M} + (1- C\e ) \iprod {\Id 
                                                  _n - \Lambda _{\geq 1- C\e...
l.35     \end{align}
                    
The control sequence at the end of the top line
of your error message was never \def'ed. If you have
misspelled it (e.g., `\hobx'), type `I' and the correct
spelling (e.g., `I\hbox'). Otherwise just continue,
and I'll forget about whatever was undefined.

./content/threshold_rank.tex:35: Undefined control sequence.
<argument> ...rod {\Id _n - \Lambda _{\geq 1- C\e 
                                                  }, M} \\ & = C \e \iprod {...
l.35     \end{align}
                    
The control sequence at the end of the top line
of your error message was never \def'ed. If you have
misspelled it (e.g., `\hobx'), type `I' and the correct
spelling (e.g., `I\hbox'). Otherwise just continue,
and I'll forget about whatever was undefined.

./content/threshold_rank.tex:35: Undefined control sequence.
<argument> ...bda _{\geq 1- C\e }, M} \\ & = C \e 
                                                  \iprod {\Lambda _{\geq 1- ...
l.35     \end{align}
                    
The control sequence at the end of the top line
of your error message was never \def'ed. If you have
misspelled it (e.g., `\hobx'), type `I' and the correct
spelling (e.g., `I\hbox'). Otherwise just continue,
and I'll forget about whatever was undefined.

./content/threshold_rank.tex:35: Undefined control sequence.
<argument> ...geq 1- C\e }, M} \\ & = C \e \iprod 
                                                  {\Lambda _{\geq 1- C\e }, ...
l.35     \end{align}
                    
The control sequence at the end of the top line
of your error message was never \def'ed. If you have
misspelled it (e.g., `\hobx'), type `I' and the correct
spelling (e.g., `I\hbox'). Otherwise just continue,
and I'll forget about whatever was undefined.

./content/threshold_rank.tex:35: Undefined control sequence.
<argument> ... C \e \iprod {\Lambda _{\geq 1- C\e 
                                                  }, M} + (1- C\e ) \iprod {...
l.35     \end{align}
                    
The control sequence at the end of the top line
of your error message was never \def'ed. If you have
misspelled it (e.g., `\hobx'), type `I' and the correct
spelling (e.g., `I\hbox'). Otherwise just continue,
and I'll forget about whatever was undefined.

./content/threshold_rank.tex:35: Undefined control sequence.
<argument> ...ambda _{\geq 1- C\e }, M} + (1- C\e 
                                                  ) \iprod {\Id _n, M} \,. \...
l.35     \end{align}
                    
The control sequence at the end of the top line
of your error message was never \def'ed. If you have
misspelled it (e.g., `\hobx'), type `I' and the correct
spelling (e.g., `I\hbox'). Otherwise just continue,
and I'll forget about whatever was undefined.

./content/threshold_rank.tex:35: Undefined control sequence.
<argument> ...geq 1- C\e }, M} + (1- C\e ) \iprod 
                                                  {\Id _n, M} \,. \end {split} 
l.35     \end{align}
                    
The control sequence at the end of the top line
of your error message was never \def'ed. If you have
misspelled it (e.g., `\hobx'), type `I' and the correct
spelling (e.g., `I\hbox'). Otherwise just continue,
and I'll forget about whatever was undefined.

./content/threshold_rank.tex:35: Undefined control sequence.
<argument> ...- C\e }, M} + (1- C\e ) \iprod {\Id 
                                                  _n, M} \,. \end {split} 
l.35     \end{align}
                    
The control sequence at the end of the top line
of your error message was never \def'ed. If you have
misspelled it (e.g., `\hobx'), type `I' and the correct
spelling (e.g., `I\hbox'). Otherwise just continue,
and I'll forget about whatever was undefined.

./content/threshold_rank.tex:36: Undefined control sequence.
<recently read> \Norm 
                      
l.36 ... term, it follows by the assumption $\Norm
                                                  {M}_F^2 \leq \frac{1}{r}$ ...
The control sequence at the end of the top line
of your error message was never \def'ed. If you have
misspelled it (e.g., `\hobx'), type `I' and the correct
spelling (e.g., `I\hbox'). Otherwise just continue,
and I'll forget about whatever was undefined.

./content/threshold_rank.tex:39: Undefined control sequence.
l.39         \iprod
                   {\Lambda_{\geq 1- C\e}, M}
The control sequence at the end of the top line
of your error message was never \def'ed. If you have
misspelled it (e.g., `\hobx'), type `I' and the correct
spelling (e.g., `I\hbox'). Otherwise just continue,
and I'll forget about whatever was undefined.

./content/threshold_rank.tex:39: Undefined control sequence.
l.39         \iprod{\Lambda_{\geq 1- C\e
                                        }, M}
The control sequence at the end of the top line
of your error message was never \def'ed. If you have
misspelled it (e.g., `\hobx'), type `I' and the correct
spelling (e.g., `I\hbox'). Otherwise just continue,
and I'll forget about whatever was undefined.

./content/threshold_rank.tex:40: Undefined control sequence.
l.40         \leq \Norm
                       {\Lambda_{\geq 1- C\e}}_F \Norm{M}_F
The control sequence at the end of the top line
of your error message was never \def'ed. If you have
misspelled it (e.g., `\hobx'), type `I' and the correct
spelling (e.g., `I\hbox'). Otherwise just continue,
and I'll forget about whatever was undefined.

./content/threshold_rank.tex:40: Undefined control sequence.
l.40         \leq \Norm{\Lambda_{\geq 1- C\e
                                            }}_F \Norm{M}_F
The control sequence at the end of the top line
of your error message was never \def'ed. If you have
misspelled it (e.g., `\hobx'), type `I' and the correct
spelling (e.g., `I\hbox'). Otherwise just continue,
and I'll forget about whatever was undefined.

./content/threshold_rank.tex:40: Undefined control sequence.
l.40 ... \leq \Norm{\Lambda_{\geq 1- C\e}}_F \Norm
                                                  {M}_F
The control sequence at the end of the top line
of your error message was never \def'ed. If you have
misspelled it (e.g., `\hobx'), type `I' and the correct
spelling (e.g., `I\hbox'). Otherwise just continue,
and I'll forget about whatever was undefined.

./content/threshold_rank.tex:43: Undefined control sequence.
<recently read> \Tr 
                    
l.43 ...nd term, it follows by the assumption $\Tr
                                                  (M) = 1$ that
The control sequence at the end of the top line
of your error message was never \def'ed. If you have
misspelled it (e.g., `\hobx'), type `I' and the correct
spelling (e.g., `I\hbox'). Otherwise just continue,
and I'll forget about whatever was undefined.

./content/threshold_rank.tex:46: Undefined control sequence.
l.46         \iprod
                   {\Id_n, M} = \Tr(M) = 1 \,.
The control sequence at the end of the top line
of your error message was never \def'ed. If you have
misspelled it (e.g., `\hobx'), type `I' and the correct
spelling (e.g., `I\hbox'). Otherwise just continue,
and I'll forget about whatever was undefined.

./content/threshold_rank.tex:46: Undefined control sequence.
l.46         \iprod{\Id
                       _n, M} = \Tr(M) = 1 \,.
The control sequence at the end of the top line
of your error message was never \def'ed. If you have
misspelled it (e.g., `\hobx'), type `I' and the correct
spelling (e.g., `I\hbox'). Otherwise just continue,
and I'll forget about whatever was undefined.

./content/threshold_rank.tex:46: Undefined control sequence.
l.46         \iprod{\Id_n, M} = \Tr
                                   (M) = 1 \,.
The control sequence at the end of the top line
of your error message was never \def'ed. If you have
misspelled it (e.g., `\hobx'), type `I' and the correct
spelling (e.g., `I\hbox'). Otherwise just continue,
and I'll forget about whatever was undefined.


LaTeX Warning: Reference `eq:BRS11_proof_2' on page 1 undefined on input line 48.


LaTeX Warning: Reference `eq:BRS11_proof_3' on page 1 undefined on input line 48.


LaTeX Warning: Reference `eq:BRS11_proof_1' on page 1 undefined on input line 48.

./content/threshold_rank.tex:50: Undefined control sequence.
l.50         \iprod
                   {A, M}
The control sequence at the end of the top line
of your error message was never \def'ed. If you have
misspelled it (e.g., `\hobx'), type `I' and the correct
spelling (e.g., `I\hbox'). Otherwise just continue,
and I'll forget about whatever was undefined.

./content/threshold_rank.tex:51: Undefined control sequence.
l.51         \leq C \e
                       \sqrt{\frac{k}{r}} + 1- C\e \,.
The control sequence at the end of the top line
of your error message was never \def'ed. If you have
misspelled it (e.g., `\hobx'), type `I' and the correct
spelling (e.g., `I\hbox'). Otherwise just continue,
and I'll forget about whatever was undefined.

./content/threshold_rank.tex:51: Undefined control sequence.
l.51         \leq C \e \sqrt{\frac{k}{r}} + 1- C\e
                                                   \,.
The control sequence at the end of the top line
of your error message was never \def'ed. If you have
misspelled it (e.g., `\hobx'), type `I' and the correct
spelling (e.g., `I\hbox'). Otherwise just continue,
and I'll forget about whatever was undefined.



[47]
./content/threshold_rank.tex:53: Undefined control sequence.
<recently read> \iprod 
                       
l.53     Since by assumption $\iprod
                                    {A, M} \geq 1-\e$, it follows by rearran...
The control sequence at the end of the top line
of your error message was never \def'ed. If you have
misspelled it (e.g., `\hobx'), type `I' and the correct
spelling (e.g., `I\hbox'). Otherwise just continue,
and I'll forget about whatever was undefined.

./content/threshold_rank.tex:53: Undefined control sequence.
l.53 ...ince by assumption $\iprod{A, M} \geq 1-\e
                                                  $, it follows by rearrangi...
The control sequence at the end of the top line
of your error message was never \def'ed. If you have
misspelled it (e.g., `\hobx'), type `I' and the correct
spelling (e.g., `I\hbox'). Otherwise just continue,
and I'll forget about whatever was undefined.

./content/threshold_rank.tex:55: Undefined control sequence.
l.55         \rank
                  _{\geq 1- C \cdot \e} (A)
The control sequence at the end of the top line
of your error message was never \def'ed. If you have
misspelled it (e.g., `\hobx'), type `I' and the correct
spelling (e.g., `I\hbox'). Otherwise just continue,
and I'll forget about whatever was undefined.

./content/threshold_rank.tex:55: Undefined control sequence.
l.55         \rank_{\geq 1- C \cdot \e
                                      } (A)
The control sequence at the end of the top line
of your error message was never \def'ed. If you have
misspelled it (e.g., `\hobx'), type `I' and the correct
spelling (e.g., `I\hbox'). Otherwise just continue,
and I'll forget about whatever was undefined.

) (./content/random_planting.tex

LaTeX Warning: Reference `thm: random-planting-full' on page 1 undefined on input line 3.

./content/random_planting.tex:9: Undefined control sequence.
<recently read> \rank 
                      
l.9     Suppose $\rank
                      _{\geq \lambda}(\frac{1}{d}A_H) \leq t$ for some $0 < ...
The control sequence at the end of the top line
of your error message was never \def'ed. If you have
misspelled it (e.g., `\hobx'), type `I' and the correct
spelling (e.g., `I\hbox'). Otherwise just continue,
and I'll forget about whatever was undefined.

./content/random_planting.tex:10: Undefined control sequence.
l.10 ...graph obtained by randomly planting a \kcl
                                                   in $H$, and let $\chi: [n...
The control sequence at the end of the top line
of your error message was never \def'ed. If you have
misspelled it (e.g., `\hobx'), type `I' and the correct
spelling (e.g., `I\hbox'). Otherwise just continue,
and I'll forget about whatever was undefined.

./content/random_planting.tex:10: Undefined control sequence.
l.10 ...$\chi: [n] \to [k]$ be the associated \kcl
                                                  .
The control sequence at the end of the top line
of your error message was never \def'ed. If you have
misspelled it (e.g., `\hobx'), type `I' and the correct
spelling (e.g., `I\hbox'). Otherwise just continue,
and I'll forget about whatever was undefined.

./content/random_planting.tex:11: Undefined control sequence.
l.11 ...f the colour classes that $\mathbb{E}_{\bm
                                                  {x} \sim \operatorname{Uni...
The control sequence at the end of the top line
of your error message was never \def'ed. If you have
misspelled it (e.g., `\hobx'), type `I' and the correct
spelling (e.g., `I\hbox'). Otherwise just continue,
and I'll forget about whatever was undefined.

./content/random_planting.tex:11: Undefined control sequence.
l.11 ..._{\bm{x} \sim \operatorname{Unif}([n])} \1
                                                  [\hat\chi(\bm{x}) \neq \ch...
The control sequence at the end of the top line
of your error message was never \def'ed. If you have
misspelled it (e.g., `\hobx'), type `I' and the correct
spelling (e.g., `I\hbox'). Otherwise just continue,
and I'll forget about whatever was undefined.

./content/random_planting.tex:11: Undefined control sequence.
l.11 ... \operatorname{Unif}([n])} \1[\hat\chi(\bm
                                                  {x}) \neq \chi(\bm{x})] \l...
The control sequence at the end of the top line
of your error message was never \def'ed. If you have
misspelled it (e.g., `\hobx'), type `I' and the correct
spelling (e.g., `I\hbox'). Otherwise just continue,
and I'll forget about whatever was undefined.

./content/random_planting.tex:11: Undefined control sequence.
l.11 ...f}([n])} \1[\hat\chi(\bm{x}) \neq \chi(\bm
                                                  {x})] \leq O_k(1/d^{\Omega...
The control sequence at the end of the top line
of your error message was never \def'ed. If you have
misspelled it (e.g., `\hobx'), type `I' and the correct
spelling (e.g., `I\hbox'). Otherwise just continue,
and I'll forget about whatever was undefined.


Overfull \hbox (3.87317pt too wide) in paragraph at lines 8--12
[]\OT1/pplx/m/it/10.95 (-20) Let $\OML/zplm/m/it/10.95 H$ \OT1/pplx/m/it/10.95 (-20) be
 []


LaTeX Warning: Reference `thm: random-planting-partial' on page 1 undefined on input line 14.


LaTeX Warning: Reference `thm: random-planting-partial-list' on page 1 undefined on input line 18.


LaTeX Warning: Reference `lemma: emlonesided' on page 1 undefined on input line 20.

./content/random_planting.tex:21: Undefined control sequence.
<recently read> \1
                  
l.21     Let $\1
                _S \in \{0,1\}^n$ be the indicator vector of $S$ and write $...
The control sequence at the end of the top line
of your error message was never \def'ed. If you have
misspelled it (e.g., `\hobx'), type `I' and the correct
spelling (e.g., `I\hbox'). Otherwise just continue,
and I'll forget about whatever was undefined.

./content/random_planting.tex:21: Undefined control sequence.
<recently read> \1
                  
l.21 ... the indicator vector of $S$ and write $\1
                                                  _S$ in the orthonormal eig...
The control sequence at the end of the top line
of your error message was never \def'ed. If you have
misspelled it (e.g., `\hobx'), type `I' and the correct
spelling (e.g., `I\hbox'). Otherwise just continue,
and I'll forget about whatever was undefined.

./content/random_planting.tex:22: Undefined control sequence.
l.22     $$\1
             _S = \sum_{i=1}^n \alpha_i e_i\,.$$
The control sequence at the end of the top line
of your error message was never \def'ed. If you have
misspelled it (e.g., `\hobx'), type `I' and the correct
spelling (e.g., `I\hbox'). Otherwise just continue,
and I'll forget about whatever was undefined.

./content/random_planting.tex:31: Undefined control sequence.
<argument>  &\Abs 
                  {E(H_S)}\\ &=\frac {1}{2} \1_S^\top A \1_S\\ &=\frac {1}{2...
l.31     \end{align*}
                     
The control sequence at the end of the top line
of your error message was never \def'ed. If you have
misspelled it (e.g., `\hobx'), type `I' and the correct
spelling (e.g., `I\hbox'). Otherwise just continue,
and I'll forget about whatever was undefined.

./content/random_planting.tex:31: Undefined control sequence.
<argument>  &\Abs {E(H_S)}\\ &=\frac {1}{2} \1
                                              _S^\top A \1_S\\ &=\frac {1}{2...
l.31     \end{align*}
                     
The control sequence at the end of the top line
of your error message was never \def'ed. If you have
misspelled it (e.g., `\hobx'), type `I' and the correct
spelling (e.g., `I\hbox'). Otherwise just continue,
and I'll forget about whatever was undefined.

./content/random_planting.tex:31: Undefined control sequence.
<argument> ..._S)}\\ &=\frac {1}{2} \1_S^\top A \1
                                                  _S\\ &=\frac {1}{2} \Paren...
l.31     \end{align*}
                     
The control sequence at the end of the top line
of your error message was never \def'ed. If you have
misspelled it (e.g., `\hobx'), type `I' and the correct
spelling (e.g., `I\hbox'). Otherwise just continue,
and I'll forget about whatever was undefined.

./content/random_planting.tex:31: Undefined control sequence.
<argument>  &\Abs 
                  {E(H_S)}\\ &=\frac {1}{2} \1_S^\top A \1_S\\ &=\frac {1}{2...
l.31     \end{align*}
                     
The control sequence at the end of the top line
of your error message was never \def'ed. If you have
misspelled it (e.g., `\hobx'), type `I' and the correct
spelling (e.g., `I\hbox'). Otherwise just continue,
and I'll forget about whatever was undefined.

./content/random_planting.tex:31: Undefined control sequence.
<argument>  &\Abs {E(H_S)}\\ &=\frac {1}{2} \1
                                              _S^\top A \1_S\\ &=\frac {1}{2...
l.31     \end{align*}
                     
The control sequence at the end of the top line
of your error message was never \def'ed. If you have
misspelled it (e.g., `\hobx'), type `I' and the correct
spelling (e.g., `I\hbox'). Otherwise just continue,
and I'll forget about whatever was undefined.

./content/random_planting.tex:31: Undefined control sequence.
<argument> ..._S)}\\ &=\frac {1}{2} \1_S^\top A \1
                                                  _S\\ &=\frac {1}{2} \Paren...
l.31     \end{align*}
                     
The control sequence at the end of the top line
of your error message was never \def'ed. If you have
misspelled it (e.g., `\hobx'), type `I' and the correct
spelling (e.g., `I\hbox'). Otherwise just continue,
and I'll forget about whatever was undefined.



[48]
./content/random_planting.tex:34: Undefined control sequence.
l.34     Then, as $e_1=\frac{1}{\sqrt{n}}\1
                                           $, we get $\alpha_1=\Iprod{e_1, \...
The control sequence at the end of the top line
of your error message was never \def'ed. If you have
misspelled it (e.g., `\hobx'), type `I' and the correct
spelling (e.g., `I\hbox'). Otherwise just continue,
and I'll forget about whatever was undefined.

./content/random_planting.tex:34: Undefined control sequence.
l.34 ...c{1}{\sqrt{n}}\1$, we get $\alpha_1=\Iprod
                                                  {e_1, \1_S }=\frac{|S|}{\s...
The control sequence at the end of the top line
of your error message was never \def'ed. If you have
misspelled it (e.g., `\hobx'), type `I' and the correct
spelling (e.g., `I\hbox'). Otherwise just continue,
and I'll forget about whatever was undefined.

./content/random_planting.tex:34: Undefined control sequence.
l.34 ...rt{n}}\1$, we get $\alpha_1=\Iprod{e_1, \1
                                                  _S }=\frac{|S|}{\sqrt{n}}$...
The control sequence at the end of the top line
of your error message was never \def'ed. If you have
misspelled it (e.g., `\hobx'), type `I' and the correct
spelling (e.g., `I\hbox'). Otherwise just continue,
and I'll forget about whatever was undefined.

./content/random_planting.tex:37: Undefined control sequence.
l.37     $$\Abs
               {E(H_S)}\leq \frac{1}{2}\Paren{\frac{d|S|^2}{n} + cd\sum_{i=2...
The control sequence at the end of the top line
of your error message was never \def'ed. If you have
misspelled it (e.g., `\hobx'), type `I' and the correct
spelling (e.g., `I\hbox'). Otherwise just continue,
and I'll forget about whatever was undefined.

./content/random_planting.tex:39: Undefined control sequence.
l.39 ...lpha_i^2\leq \sum_{i=1}^n \alpha_i^2=\Norm
                                                  {\1_S}_2^2=|S|$ gives the ...
The control sequence at the end of the top line
of your error message was never \def'ed. If you have
misspelled it (e.g., `\hobx'), type `I' and the correct
spelling (e.g., `I\hbox'). Otherwise just continue,
and I'll forget about whatever was undefined.

./content/random_planting.tex:39: Undefined control sequence.
l.39 ...a_i^2\leq \sum_{i=1}^n \alpha_i^2=\Norm{\1
                                                  _S}_2^2=|S|$ gives the des...
The control sequence at the end of the top line
of your error message was never \def'ed. If you have
misspelled it (e.g., `\hobx'), type `I' and the correct
spelling (e.g., `I\hbox'). Otherwise just continue,
and I'll forget about whatever was undefined.


LaTeX Warning: Reference `lemma: ssveonesided' on page 1 undefined on input line 42.


LaTeX Warning: Reference `lemma: emlonesided' on page 1 undefined on input line 47.

./content/random_planting.tex:53: Undefined control sequence.
<recently read> \Abs 
                     
l.53 ...a+b}\leq \sqrt{a}+\sqrt{b}$ and that $\Abs
                                                  {N(S)\setminus S}\geq \Abs...
The control sequence at the end of the top line
of your error message was never \def'ed. If you have
misspelled it (e.g., `\hobx'), type `I' and the correct
spelling (e.g., `I\hbox'). Otherwise just continue,
and I'll forget about whatever was undefined.

./content/random_planting.tex:53: Undefined control sequence.
l.53 ...$ and that $\Abs{N(S)\setminus S}\geq \Abs
                                                  {N(S)}-|S|$ we get the des...
The control sequence at the end of the top line
of your error message was never \def'ed. If you have
misspelled it (e.g., `\hobx'), type `I' and the correct
spelling (e.g., `I\hbox'). Otherwise just continue,
and I'll forget about whatever was undefined.

./content/random_planting.tex:61: Undefined control sequence.
l.61 ... be an $n$-vertex graph that admits a \kcl
                                                   $\chi$.
The control sequence at the end of the top line
of your error message was never \def'ed. If you have
misspelled it (e.g., `\hobx'), type `I' and the correct
spelling (e.g., `I\hbox'). Otherwise just continue,
and I'll forget about whatever was undefined.

./content/random_planting.tex:62: Undefined control sequence.
l.62 ...artial} colouring w.r.t.\ $\chi$ is a \kcl
                                                   of at least $(1-\beta)n$ ...
The control sequence at the end of the top line
of your error message was never \def'ed. If you have
misspelled it (e.g., `\hobx'), type `I' and the correct
spelling (e.g., `I\hbox'). Otherwise just continue,
and I'll forget about whatever was undefined.

./content/random_planting.tex:63: Undefined control sequence.
l.63 ...licitly take $\chi$ to be the planted \kcl
                                                  .
The control sequence at the end of the top line
of your error message was never \def'ed. If you have
misspelled it (e.g., `\hobx'), type `I' and the correct
spelling (e.g., `I\hbox'). Otherwise just continue,
and I'll forget about whatever was undefined.



[49]

Package natbib Warning: Citation `MR3536556-David16' on page 50 undefined on input line 74.

./content/random_planting.tex:76: Undefined control sequence.
l.76 ...ained from $H$ by randomly planting a \kcl
                                                   $\chi$ in it. Given an \k...
The control sequence at the end of the top line
of your error message was never \def'ed. If you have
misspelled it (e.g., `\hobx'), type `I' and the correct
spelling (e.g., `I\hbox'). Otherwise just continue,
and I'll forget about whatever was undefined.

./content/random_planting.tex:76: Undefined control sequence.
l.76 ...lanting a \kcl $\chi$ in it. Given an \kcl
                                                   $\hat{\chi}$ of $G$ with ...
The control sequence at the end of the top line
of your error message was never \def'ed. If you have
misspelled it (e.g., `\hobx'), type `I' and the correct
spelling (e.g., `I\hbox'). Otherwise just continue,
and I'll forget about whatever was undefined.

./content/random_planting.tex:76: Undefined control sequence.
l.76 ... $\hat{\chi}$ of $G$ with $\mathbb{E}_{\bm
                                                  {x} \sim \operatorname{Uni...
The control sequence at the end of the top line
of your error message was never \def'ed. If you have
misspelled it (e.g., `\hobx'), type `I' and the correct
spelling (e.g., `I\hbox'). Otherwise just continue,
and I'll forget about whatever was undefined.

./content/random_planting.tex:76: Undefined control sequence.
l.76 ..._{\bm{x} \sim \operatorname{Unif}([n])} \1
                                                  [\hat{\chi}(\bm{x}) \neq \...
The control sequence at the end of the top line
of your error message was never \def'ed. If you have
misspelled it (e.g., `\hobx'), type `I' and the correct
spelling (e.g., `I\hbox'). Otherwise just continue,
and I'll forget about whatever was undefined.

./content/random_planting.tex:76: Undefined control sequence.
l.76 ...operatorname{Unif}([n])} \1[\hat{\chi}(\bm
                                                  {x}) \neq \chi(\bm{x})] \l...
The control sequence at the end of the top line
of your error message was never \def'ed. If you have
misspelled it (e.g., `\hobx'), type `I' and the correct
spelling (e.g., `I\hbox'). Otherwise just continue,
and I'll forget about whatever was undefined.

./content/random_planting.tex:76: Undefined control sequence.
l.76 ...([n])} \1[\hat{\chi}(\bm{x}) \neq \chi(\bm
                                                  {x})] \leq \alpha$, \cref{...
The control sequence at the end of the top line
of your error message was never \def'ed. If you have
misspelled it (e.g., `\hobx'), type `I' and the correct
spelling (e.g., `I\hbox'). Otherwise just continue,
and I'll forget about whatever was undefined.


LaTeX Warning: Reference `alg: uncolouring' on page 1 undefined on input line 76.

./content/random_planting.tex:76: Undefined control sequence.
l.76 ...\leq \alpha$, \cref{alg: uncolouring} \whp
                                                   returns an $(k, 4\alpha)$...
The control sequence at the end of the top line
of your error message was never \def'ed. If you have
misspelled it (e.g., `\hobx'), type `I' and the correct
spelling (e.g., `I\hbox'). Otherwise just continue,
and I'll forget about whatever was undefined.


LaTeX Warning: Reference `lemma: approximatetopartial' on page 1 undefined on input line 79.

./content/random_planting.tex:83: Undefined control sequence.
l.83 ...ained from $H$ by randomly planting a \kcl
                                                   $\chi$ in it. We call a v...
The control sequence at the end of the top line
of your error message was never \def'ed. If you have
misspelled it (e.g., `\hobx'), type `I' and the correct
spelling (e.g., `I\hbox'). Otherwise just continue,
and I'll forget about whatever was undefined.


Package natbib Warning: Citation `MR3536556-David16' on page 50 undefined on input line 86.

./content/random_planting.tex:87: Undefined control sequence.
l.87 ...ained from $H$ by randomly planting a \kcl
                                                   in it. It holds that $\Ab...
The control sequence at the end of the top line
of your error message was never \def'ed. If you have
misspelled it (e.g., `\hobx'), type `I' and the correct
spelling (e.g., `I\hbox'). Otherwise just continue,
and I'll forget about whatever was undefined.

./content/random_planting.tex:87: Undefined control sequence.
<recently read> \Abs 
                     
l.87 ...planting a \kcl in it. It holds that $\Abs
                                                  {SB(G)}\leq n2^{-\Omega(d)...
The control sequence at the end of the top line
of your error message was never \def'ed. If you have
misspelled it (e.g., `\hobx'), type `I' and the correct
spelling (e.g., `I\hbox'). Otherwise just continue,
and I'll forget about whatever was undefined.

./content/random_planting.tex:87: Undefined control sequence.
l.87 ...hat $\Abs{SB(G)}\leq n2^{-\Omega(d)}$ \whp
                                                  .
The control sequence at the end of the top line
of your error message was never \def'ed. If you have
misspelled it (e.g., `\hobx'), type `I' and the correct
spelling (e.g., `I\hbox'). Otherwise just continue,
and I'll forget about whatever was undefined.


Package natbib Warning: Citation `MR3536556-David16' on page 50 undefined on input line 90.

./content/random_planting.tex:91: Undefined control sequence.
<recently read> \Abs 
                     
l.91 ...\leq c$. For any $S\subseteq V$ with $\Abs
                                                  {S}<\alpha n$, there exist...
The control sequence at the end of the top line
of your error message was never \def'ed. If you have
misspelled it (e.g., `\hobx'), type `I' and the correct
spelling (e.g., `I\hbox'). Otherwise just continue,
and I'll forget about whatever was undefined.

./content/random_planting.tex:91: Undefined control sequence.
<recently read> \Abs 
                     
l.91 ... $R\subseteq V\setminus S$ such that $\Abs
                                                  {R}\geq \Paren{1-2\alpha}n...
The control sequence at the end of the top line
of your error message was never \def'ed. If you have
misspelled it (e.g., `\hobx'), type `I' and the correct
spelling (e.g., `I\hbox'). Otherwise just continue,
and I'll forget about whatever was undefined.

./content/random_planting.tex:95: Undefined control sequence.
<recently read> \e 
                   
l.95     Let $\e
                :=2\alpha + c$. Consider the following iterative procedure. ...
The control sequence at the end of the top line
of your error message was never \def'ed. If you have
misspelled it (e.g., `\hobx'), type `I' and the correct
spelling (e.g., `I\hbox'). Otherwise just continue,
and I'll forget about whatever was undefined.

./content/random_planting.tex:95: Undefined control sequence.
<recently read> \e 
                   
l.95 ...=1}^{t-1} v_i}$ if $v_t$ has more than $\e
                                                   d$ neighbors in $S_t := S...
The control sequence at the end of the top line
of your error message was never \def'ed. If you have
misspelled it (e.g., `\hobx'), type `I' and the correct
spelling (e.g., `I\hbox'). Otherwise just continue,
and I'll forget about whatever was undefined.

./content/random_planting.tex:95: Undefined control sequence.
l.95 ...his process stops after more than $t:=\Abs
                                                  {S}$ steps. Then, by using...
The control sequence at the end of the top line
of your error message was never \def'ed. If you have
misspelled it (e.g., `\hobx'), type `I' and the correct
spelling (e.g., `I\hbox'). Otherwise just continue,
and I'll forget about whatever was undefined.

./content/random_planting.tex:97: Undefined control sequence.
l.97     $$e(H_{S_t})\geq \Abs
                              {S_t\setminus S} \e d= \frac{1}{2}\Abs{S_t}\e ...
The control sequence at the end of the top line
of your error message was never \def'ed. If you have
misspelled it (e.g., `\hobx'), type `I' and the correct
spelling (e.g., `I\hbox'). Otherwise just continue,
and I'll forget about whatever was undefined.

./content/random_planting.tex:97: Undefined control sequence.
l.97     $$e(H_{S_t})\geq \Abs{S_t\setminus S} \e
                                                  d= \frac{1}{2}\Abs{S_t}\e ...
The control sequence at the end of the top line
of your error message was never \def'ed. If you have
misspelled it (e.g., `\hobx'), type `I' and the correct
spelling (e.g., `I\hbox'). Otherwise just continue,
and I'll forget about whatever was undefined.

./content/random_planting.tex:97: Undefined control sequence.
l.97 ...\Abs{S_t\setminus S} \e d= \frac{1}{2}\Abs
                                                  {S_t}\e d\,.$$
The control sequence at the end of the top line
of your error message was never \def'ed. If you have
misspelled it (e.g., `\hobx'), type `I' and the correct
spelling (e.g., `I\hbox'). Otherwise just continue,
and I'll forget about whatever was undefined.

./content/random_planting.tex:97: Undefined control sequence.
l.97 ...t\setminus S} \e d= \frac{1}{2}\Abs{S_t}\e
                                                   d\,.$$
The control sequence at the end of the top line
of your error message was never \def'ed. If you have
misspelled it (e.g., `\hobx'), type `I' and the correct
spelling (e.g., `I\hbox'). Otherwise just continue,
and I'll forget about whatever was undefined.


LaTeX Warning: Reference `lemma: emlonesided' on page 1 undefined on input line 99.

./content/random_planting.tex:101: Undefined control sequence.
<argument> \Abs 
                {S_t}d
l.101     $$e(H_{S_t})\leq \frac{\Abs{S_t}d}{2}
                                               \Paren{\frac{\Abs{S_t}}{n} + ...
The control sequence at the end of the top line
of your error message was never \def'ed. If you have
misspelled it (e.g., `\hobx'), type `I' and the correct
spelling (e.g., `I\hbox'). Otherwise just continue,
and I'll forget about whatever was undefined.

./content/random_planting.tex:101: Undefined control sequence.
<argument> \Abs 
                {S_t}
l.101 ...{S_t}d}{2}\Paren{\frac{\Abs{S_t}}{n} + c}
                                                  \,.$$
The control sequence at the end of the top line
of your error message was never \def'ed. If you have
misspelled it (e.g., `\hobx'), type `I' and the correct
spelling (e.g., `I\hbox'). Otherwise just continue,
and I'll forget about whatever was undefined.



[50]
./content/random_planting.tex:103: Undefined control sequence.
<recently read> \Abs 
                     
l.103     Comparing the two and using $\Abs
                                           {S}=\frac{1}{2}\Abs{S_t}$ we get
The control sequence at the end of the top line
of your error message was never \def'ed. If you have
misspelled it (e.g., `\hobx'), type `I' and the correct
spelling (e.g., `I\hbox'). Otherwise just continue,
and I'll forget about whatever was undefined.

./content/random_planting.tex:103: Undefined control sequence.
l.103 ...he two and using $\Abs{S}=\frac{1}{2}\Abs
                                                  {S_t}$ we get
The control sequence at the end of the top line
of your error message was never \def'ed. If you have
misspelled it (e.g., `\hobx'), type `I' and the correct
spelling (e.g., `I\hbox'). Otherwise just continue,
and I'll forget about whatever was undefined.

./content/random_planting.tex:105: Undefined control sequence.
l.105     $$\Abs
                {S}\geq\frac{1}{2}\Paren{\e-c}n=\alpha n$$
The control sequence at the end of the top line
of your error message was never \def'ed. If you have
misspelled it (e.g., `\hobx'), type `I' and the correct
spelling (e.g., `I\hbox'). Otherwise just continue,
and I'll forget about whatever was undefined.

./content/random_planting.tex:105: Undefined control sequence.
<argument> \e 
              -c
l.105     $$\Abs{S}\geq\frac{1}{2}\Paren{\e-c}
                                              n=\alpha n$$
The control sequence at the end of the top line
of your error message was never \def'ed. If you have
misspelled it (e.g., `\hobx'), type `I' and the correct
spelling (e.g., `I\hbox'). Otherwise just continue,
and I'll forget about whatever was undefined.

./content/random_planting.tex:107: Undefined control sequence.
<recently read> \Abs 
                     
l.107 ...ntradicts upper bound assumption on $\Abs
                                                  {S}$. Hence, letting $R:=V...
The control sequence at the end of the top line
of your error message was never \def'ed. If you have
misspelled it (e.g., `\hobx'), type `I' and the correct
spelling (e.g., `I\hbox'). Otherwise just continue,
and I'll forget about whatever was undefined.

./content/random_planting.tex:107: Undefined control sequence.
<recently read> \Abs 
                     
l.107 ...:=V\setminus S_t$ it must hold that $\Abs
                                                  {R}\geq n-2\Abs{S}\geq \Pa...
The control sequence at the end of the top line
of your error message was never \def'ed. If you have
misspelled it (e.g., `\hobx'), type `I' and the correct
spelling (e.g., `I\hbox'). Otherwise just continue,
and I'll forget about whatever was undefined.

./content/random_planting.tex:107: Undefined control sequence.
l.107 ...t$ it must hold that $\Abs{R}\geq n-2\Abs
                                                  {S}\geq \Paren{1-2\alpha}n...
The control sequence at the end of the top line
of your error message was never \def'ed. If you have
misspelled it (e.g., `\hobx'), type `I' and the correct
spelling (e.g., `I\hbox'). Otherwise just continue,
and I'll forget about whatever was undefined.

./content/random_planting.tex:107: Undefined control sequence.
l.107 ...inimum degree in $H_R$ is at least $(1-\e
                                                  )d=(1-2\alpha-c)d$ by cons...
The control sequence at the end of the top line
of your error message was never \def'ed. If you have
misspelled it (e.g., `\hobx'), type `I' and the correct
spelling (e.g., `I\hbox'). Otherwise just continue,
and I'll forget about whatever was undefined.


LaTeX Warning: Reference `lemma: approximatetopartial' on page 1 undefined on input line 111.


LaTeX Warning: Reference `lemma: approximatetopartial' on page 1 undefined on input line 114.

./content/random_planting.tex:115: Undefined control sequence.
l.115 ...Omega(d)}\leq \alpha$ holds. Let $B:=\Set
                                                  {x\in V\mid \chi(x)\neq \h...
The control sequence at the end of the top line
of your error message was never \def'ed. If you have
misspelled it (e.g., `\hobx'), type `I' and the correct
spelling (e.g., `I\hbox'). Otherwise just continue,
and I'll forget about whatever was undefined.

./content/random_planting.tex:115: Undefined control sequence.
<recently read> \Abs 
                     
l.115 ...coloured by $\hat{\chi}$. Note that $\Abs
                                                  {B}\leq \alpha n$ by assum...
The control sequence at the end of the top line
of your error message was never \def'ed. If you have
misspelled it (e.g., `\hobx'), type `I' and the correct
spelling (e.g., `I\hbox'). Otherwise just continue,
and I'll forget about whatever was undefined.

./content/random_planting.tex:115: Undefined control sequence.
<recently read> \Abs 
                     
l.115 ...B}\leq \alpha n$ by assumption, and $\Abs
                                                  {SB(G)}\leq 2^{-\Omega(d)}...
The control sequence at the end of the top line
of your error message was never \def'ed. If you have
misspelled it (e.g., `\hobx'), type `I' and the correct
spelling (e.g., `I\hbox'). Otherwise just continue,
and I'll forget about whatever was undefined.


LaTeX Warning: Reference `lemma: sbupperbound' on page 1 undefined on input line 115.


LaTeX Warning: Reference `lemma: highmindegreesubgraph' on page 1 undefined on input line 115.

./content/random_planting.tex:115: Undefined control sequence.
<recently read> \Set 
                     
l.115 ...4\alpha-c}d\geq \frac{1}{6k}d$ into $\Set
                                                  {y\in R\mid \chi(y)=c}$, i...
The control sequence at the end of the top line
of your error message was never \def'ed. If you have
misspelled it (e.g., `\hobx'), type `I' and the correct
spelling (e.g., `I\hbox'). Otherwise just continue,
and I'll forget about whatever was undefined.


LaTeX Warning: Reference `alg: uncolouring' on page 1 undefined on input line 115.


LaTeX Warning: Reference `lemma: emlonesided' on page 1 undefined on input line 119.

./content/random_planting.tex:119: Undefined control sequence.
<argument> d\Abs 
                 {B_2}
l.119 ...)\leq e(H_{B_2})\leq \frac{d\Abs{B_2}}{2}
                                                  \Paren{\frac{\Abs{B_2}}{n}...
The control sequence at the end of the top line
of your error message was never \def'ed. If you have
misspelled it (e.g., `\hobx'), type `I' and the correct
spelling (e.g., `I\hbox'). Otherwise just continue,
and I'll forget about whatever was undefined.

./content/random_planting.tex:119: Undefined control sequence.
<argument> \Abs 
                {B_2}
l.119 ...Abs{B_2}}{2}\Paren{\frac{\Abs{B_2}}{n}+c}
                                                  \,.$$
The control sequence at the end of the top line
of your error message was never \def'ed. If you have
misspelled it (e.g., `\hobx'), type `I' and the correct
spelling (e.g., `I\hbox'). Otherwise just continue,
and I'll forget about whatever was undefined.

./content/random_planting.tex:121: Undefined control sequence.
<recently read> \Abs 
                     
l.121     Using $\Abs
                     {B_2}>0$ and the bounds on $\alpha$ and $c$, we can com...
The control sequence at the end of the top line
of your error message was never \def'ed. If you have
misspelled it (e.g., `\hobx'), type `I' and the correct
spelling (e.g., `I\hbox'). Otherwise just continue,
and I'll forget about whatever was undefined.

./content/random_planting.tex:121: Undefined control sequence.
l.121 ... the above two inequalities to get $$\Abs
                                                  {B_2}\geq \Paren{\frac{1}{...
The control sequence at the end of the top line
of your error message was never \def'ed. If you have
misspelled it (e.g., `\hobx'), type `I' and the correct
spelling (e.g., `I\hbox'). Otherwise just continue,
and I'll forget about whatever was undefined.

./content/random_planting.tex:123: Undefined control sequence.
<recently read> \Abs 
                     
l.123     However, as $\Abs
                           {B_2}\leq \Abs{B}\leq \alpha n$ by assumption, we...
The control sequence at the end of the top line
of your error message was never \def'ed. If you have
misspelled it (e.g., `\hobx'), type `I' and the correct
spelling (e.g., `I\hbox'). Otherwise just continue,
and I'll forget about whatever was undefined.

./content/random_planting.tex:123: Undefined control sequence.
l.123     However, as $\Abs{B_2}\leq \Abs
                                         {B}\leq \alpha n$ by assumption, we...
The control sequence at the end of the top line
of your error message was never \def'ed. If you have
misspelled it (e.g., `\hobx'), type `I' and the correct
spelling (e.g., `I\hbox'). Otherwise just continue,
and I'll forget about whatever was undefined.

./content/random_planting.tex:123: Undefined control sequence.
<recently read> \Abs 
                     
l.123 ...umption, we get a contradiction, so $\Abs
                                                  {B_2}=0$ finishing the proof.
The control sequence at the end of the top line
of your error message was never \def'ed. If you have
misspelled it (e.g., `\hobx'), type `I' and the correct
spelling (e.g., `I\hbox'). Otherwise just continue,
and I'll forget about whatever was undefined.



[51]

Package natbib Warning: Citation `MR3536556-David16' on page 52 undefined on input line 133.

./content/random_planting.tex:135: Undefined control sequence.
l.135 ...ined from $H$ by randomly planting a \kcl
                                                   $\chi$ in it. Starting fr...
The control sequence at the end of the top line
of your error message was never \def'ed. If you have
misspelled it (e.g., `\hobx'), type `I' and the correct
spelling (e.g., `I\hbox'). Otherwise just continue,
and I'll forget about whatever was undefined.


LaTeX Warning: Reference `alg: saferecolouring' on page 1 undefined on input line 135.

./content/random_planting.tex:135: Undefined control sequence.
l.135 ...y \cref{alg: saferecolouring}. Then, \whp
                                                   each component in $G_U$ h...
The control sequence at the end of the top line
of your error message was never \def'ed. If you have
misspelled it (e.g., `\hobx'), type `I' and the correct
spelling (e.g., `I\hbox'). Otherwise just continue,
and I'll forget about whatever was undefined.


Package natbib Warning: Citation `MR3536556-David16' on page 52 undefined on input line 139.


Package natbib Warning: Citation `MR3536556-David16' on page 52 undefined on input line 139.

./content/random_planting.tex:142: Undefined control sequence.
l.142         and let $t_2:=\Abs
                                {D}$. If $t_2\ge 2k^2t_1$ then $C\subseteq U...
The control sequence at the end of the top line
of your error message was never \def'ed. If you have
misspelled it (e.g., `\hobx'), type `I' and the correct
spelling (e.g., `I\hbox'). Otherwise just continue,
and I'll forget about whatever was undefined.

./content/random_planting.tex:145: Undefined control sequence.
<recently read> \Set 
                     
l.145 ...vertices of $D$ to disjoint subsets $\Set
                                                  {D_{v}}$, where $v\in C$ a...
The control sequence at the end of the top line
of your error message was never \def'ed. If you have
misspelled it (e.g., `\hobx'), type `I' and the correct
spelling (e.g., `I\hbox'). Otherwise just continue,
and I'll forget about whatever was undefined.


LaTeX Warning: Reference `alg: saferecolouring' on page 1 undefined on input line 146.

./content/random_planting.tex:148: Undefined control sequence.
l.148 ...at most $(k-1)\Paren{\frac{k-1}{k}}^{\Abs
                                                  {D_{v}}}$. Hence, the prob...
The control sequence at the end of the top line
of your error message was never \def'ed. If you have
misspelled it (e.g., `\hobx'), type `I' and the correct
spelling (e.g., `I\hbox'). Otherwise just continue,
and I'll forget about whatever was undefined.

./content/random_planting.tex:155: Undefined control sequence.
<argument>  \prod _{D_{v}\in \Set 
                                  { D_{v}} }(k-1)\Paren {\frac {k-1}{k}}^{\A...
l.155         \end{align*}
                          
The control sequence at the end of the top line
of your error message was never \def'ed. If you have
misspelled it (e.g., `\hobx'), type `I' and the correct
spelling (e.g., `I\hbox'). Otherwise just continue,
and I'll forget about whatever was undefined.

./content/random_planting.tex:155: Undefined control sequence.
<argument> ...}(k-1)\Paren {\frac {k-1}{k}}^{\Abs 
                                                  {D_{v}}} & =(k-1)^{\Abs {\...
l.155         \end{align*}
                          
The control sequence at the end of the top line
of your error message was never \def'ed. If you have
misspelled it (e.g., `\hobx'), type `I' and the correct
spelling (e.g., `I\hbox'). Otherwise just continue,
and I'll forget about whatever was undefined.

./content/random_planting.tex:155: Undefined control sequence.
<argument> ...}{k}}^{\Abs {D_{v}}} & =(k-1)^{\Abs 
                                                  {\Set { D_{v}} }}\Paren {\...
l.155         \end{align*}
                          
The control sequence at the end of the top line
of your error message was never \def'ed. If you have
misspelled it (e.g., `\hobx'), type `I' and the correct
spelling (e.g., `I\hbox'). Otherwise just continue,
and I'll forget about whatever was undefined.

./content/random_planting.tex:155: Undefined control sequence.
<argument> ...{\Abs {D_{v}}} & =(k-1)^{\Abs {\Set 
                                                  { D_{v}} }}\Paren {\frac {...
l.155         \end{align*}
                          
The control sequence at the end of the top line
of your error message was never \def'ed. If you have
misspelled it (e.g., `\hobx'), type `I' and the correct
spelling (e.g., `I\hbox'). Otherwise just continue,
and I'll forget about whatever was undefined.

./content/random_planting.tex:155: Undefined control sequence.
<argument>  \prod _{D_{v}\in \Set 
                                  { D_{v}} }(k-1)\Paren {\frac {k-1}{k}}^{\A...
l.155         \end{align*}
                          
The control sequence at the end of the top line
of your error message was never \def'ed. If you have
misspelled it (e.g., `\hobx'), type `I' and the correct
spelling (e.g., `I\hbox'). Otherwise just continue,
and I'll forget about whatever was undefined.

./content/random_planting.tex:155: Undefined control sequence.
<argument> ...}(k-1)\Paren {\frac {k-1}{k}}^{\Abs 
                                                  {D_{v}}} & =(k-1)^{\Abs {\...
l.155         \end{align*}
                          
The control sequence at the end of the top line
of your error message was never \def'ed. If you have
misspelled it (e.g., `\hobx'), type `I' and the correct
spelling (e.g., `I\hbox'). Otherwise just continue,
and I'll forget about whatever was undefined.

./content/random_planting.tex:155: Undefined control sequence.
<argument> ...}{k}}^{\Abs {D_{v}}} & =(k-1)^{\Abs 
                                                  {\Set { D_{v}} }}\Paren {\...
l.155         \end{align*}
                          
The control sequence at the end of the top line
of your error message was never \def'ed. If you have
misspelled it (e.g., `\hobx'), type `I' and the correct
spelling (e.g., `I\hbox'). Otherwise just continue,
and I'll forget about whatever was undefined.

./content/random_planting.tex:155: Undefined control sequence.
<argument> ...{\Abs {D_{v}}} & =(k-1)^{\Abs {\Set 
                                                  { D_{v}} }}\Paren {\frac {...
l.155         \end{align*}
                          
The control sequence at the end of the top line
of your error message was never \def'ed. If you have
misspelled it (e.g., `\hobx'), type `I' and the correct
spelling (e.g., `I\hbox'). Otherwise just continue,
and I'll forget about whatever was undefined.

./content/random_planting.tex:159: Undefined control sequence.
l.159 ...tting $P_{t_1,t_2}:=\max_{C\subset H,\Abs
                                                  {C}=t_1,\Abs{N\Paren{C}}=t...
The control sequence at the end of the top line
of your error message was never \def'ed. If you have
misspelled it (e.g., `\hobx'), type `I' and the correct
spelling (e.g., `I\hbox'). Otherwise just continue,
and I'll forget about whatever was undefined.

./content/random_planting.tex:159: Undefined control sequence.
l.159 ...1,t_2}:=\max_{C\subset H,\Abs{C}=t_1,\Abs
                                                  {N\Paren{C}}=t_2}\Pr\Brac{...
The control sequence at the end of the top line
of your error message was never \def'ed. If you have
misspelled it (e.g., `\hobx'), type `I' and the correct
spelling (e.g., `I\hbox'). Otherwise just continue,
and I'll forget about whatever was undefined.

./content/random_planting.tex:159: Undefined control sequence.
l.159 ...\Abs{C}=t_1,\Abs{N\Paren{C}}=t_2}\Pr\Brac
                                                  {\text{\ensuremath{C}\,\ i...
The control sequence at the end of the top line
of your error message was never \def'ed. If you have
misspelled it (e.g., `\hobx'), type `I' and the correct
spelling (e.g., `I\hbox'). Otherwise just continue,
and I'll forget about whatever was undefined.


Overfull \hbox (59.79546pt too wide) in paragraph at lines 159--160
\OT1/pplx/m/n/10.95 (-20) with a neigh-bor-hood of size ex-actly $\OML/zplm/m/it/10.95 t[]$ \OT1/pplx/m/n/10.95 (-20) and let-ting $\OML/zplm/m/it/10.95 P[] \OT1/zplm/m/n/10.95 := [][] [] []$\OT1/pplx/m/n/10.95 (-20) ,
 []

./content/random_planting.tex:168: Undefined control sequence.
<argument>  \sum _{t_1=\ln n\,}^{\Abs 
                                      {U}}\sum _{t_2=1}^{d t_1}N_{H}\Paren {...
l.168     \end{align}
                     
The control sequence at the end of the top line
of your error message was never \def'ed. If you have
misspelled it (e.g., `\hobx'), type `I' and the correct
spelling (e.g., `I\hbox'). Otherwise just continue,
and I'll forget about whatever was undefined.

./content/random_planting.tex:168: Undefined control sequence.
<argument> ...1,t_2} & =\sum _{t_1=\ln n\,}^{\Abs 
                                                  {U}}\sum _{t_2= 7k^2t_1 }^...
l.168     \end{align}
                     
The control sequence at the end of the top line
of your error message was never \def'ed. If you have
misspelled it (e.g., `\hobx'), type `I' and the correct
spelling (e.g., `I\hbox'). Otherwise just continue,
and I'll forget about whatever was undefined.

./content/random_planting.tex:168: Undefined control sequence.
<argument> ...}\\ & \le \sum _{t_1=\ln n\,}^{\Abs 
                                                  {U}}\sum _{t_2= 7k^2t_1 }^...
l.168     \end{align}
                     
The control sequence at the end of the top line
of your error message was never \def'ed. If you have
misspelled it (e.g., `\hobx'), type `I' and the correct
spelling (e.g., `I\hbox'). Otherwise just continue,
and I'll forget about whatever was undefined.

./content/random_planting.tex:168: Undefined control sequence.
<argument> ...}\\ & \le \sum _{t_1=\ln n\,}^{\Abs 
                                                  {U}}\sum _{t_2= 7k^2t_1 }^...
l.168     \end{align}
                     
The control sequence at the end of the top line
of your error message was never \def'ed. If you have
misspelled it (e.g., `\hobx'), type `I' and the correct
spelling (e.g., `I\hbox'). Otherwise just continue,
and I'll forget about whatever was undefined.

./content/random_planting.tex:168: Undefined control sequence.
<argument> ...}\\ & \le \sum _{t_1=\ln n\,}^{\Abs 
                                                  {U}}ndt_1\max _{7k^2\le x\...
l.168     \end{align}
                     
The control sequence at the end of the top line
of your error message was never \def'ed. If you have
misspelled it (e.g., `\hobx'), type `I' and the correct
spelling (e.g., `I\hbox'). Otherwise just continue,
and I'll forget about whatever was undefined.

./content/random_planting.tex:168: Undefined control sequence.
<argument>  \sum _{t_1=\ln n\,}^{\Abs 
                                      {U}}\sum _{t_2=1}^{d t_1}N_{H}\Paren {...
l.168     \end{align}
                     
The control sequence at the end of the top line
of your error message was never \def'ed. If you have
misspelled it (e.g., `\hobx'), type `I' and the correct
spelling (e.g., `I\hbox'). Otherwise just continue,
and I'll forget about whatever was undefined.

./content/random_planting.tex:168: Undefined control sequence.
<argument> ...1,t_2} & =\sum _{t_1=\ln n\,}^{\Abs 
                                                  {U}}\sum _{t_2= 7k^2t_1 }^...
l.168     \end{align}
                     
The control sequence at the end of the top line
of your error message was never \def'ed. If you have
misspelled it (e.g., `\hobx'), type `I' and the correct
spelling (e.g., `I\hbox'). Otherwise just continue,
and I'll forget about whatever was undefined.

./content/random_planting.tex:168: Undefined control sequence.
<argument> ...}\\ & \le \sum _{t_1=\ln n\,}^{\Abs 
                                                  {U}}\sum _{t_2= 7k^2t_1 }^...
l.168     \end{align}
                     
The control sequence at the end of the top line
of your error message was never \def'ed. If you have
misspelled it (e.g., `\hobx'), type `I' and the correct
spelling (e.g., `I\hbox'). Otherwise just continue,
and I'll forget about whatever was undefined.

./content/random_planting.tex:168: Undefined control sequence.
<argument> ...}\\ & \le \sum _{t_1=\ln n\,}^{\Abs 
                                                  {U}}\sum _{t_2= 7k^2t_1 }^...
l.168     \end{align}
                     
The control sequence at the end of the top line
of your error message was never \def'ed. If you have
misspelled it (e.g., `\hobx'), type `I' and the correct
spelling (e.g., `I\hbox'). Otherwise just continue,
and I'll forget about whatever was undefined.

./content/random_planting.tex:168: Undefined control sequence.
<argument> ...}\\ & \le \sum _{t_1=\ln n\,}^{\Abs 
                                                  {U}}ndt_1\max _{7k^2\le x\...
l.168     \end{align}
                     
The control sequence at the end of the top line
of your error message was never \def'ed. If you have
misspelled it (e.g., `\hobx'), type `I' and the correct
spelling (e.g., `I\hbox'). Otherwise just continue,
and I'll forget about whatever was undefined.



[52]

LaTeX Warning: Reference `eq:alpha1' on page 53 undefined on input line 170.


LaTeX Warning: Reference `lemma: largecolouredneighborhoodprob' on page 1 undefined on input line 170.


LaTeX Warning: Reference `lemma: ssveonesided' on page 1 undefined on input line 170.

./content/random_planting.tex:171: Undefined control sequence.
l.171 ...6k^2}$ then for a set of size $t_1\le\Abs
                                                  {U}\le\frac{1}{256k^4}n$ i...
The control sequence at the end of the top line
of your error message was never \def'ed. If you have
misspelled it (e.g., `\hobx'), type `I' and the correct
spelling (e.g., `I\hbox'). Otherwise just continue,
and I'll forget about whatever was undefined.


LaTeX Warning: Reference `eq:alpha2' on page 53 undefined on input line 171.


Package natbib Warning: Citation `MR3536556-David16' on page 53 undefined on input line 171.


LaTeX Warning: Reference `eq:alpha3' on page 53 undefined on input line 171.


Package amsmath Warning: Foreign command \atopwithdelims;
(amsmath)                \frac or \genfrac should be used instead
(amsmath)                 on input line 171.


LaTeX Warning: Reference `eq:alpha4' on page 53 undefined on input line 171.


LaTeX Warning: Reference `thm: random-planting-full' on page 1 undefined on input line 174.


LaTeX Warning: Reference `thm: random-planting-full' on page 1 undefined on input line 176.


LaTeX Warning: Reference `thm: random-planting-partial-list' on page 1 undefined on input line 177.

./content/random_planting.tex:177: Undefined control sequence.
l.177 ... the colour classes that $\mathbb{E}_{\bm
                                                  {x} \sim \operatorname{Uni...
The control sequence at the end of the top line
of your error message was never \def'ed. If you have
misspelled it (e.g., `\hobx'), type `I' and the correct
spelling (e.g., `I\hbox'). Otherwise just continue,
and I'll forget about whatever was undefined.

./content/random_planting.tex:177: Undefined control sequence.
l.177 ...{\bm{x} \sim \operatorname{Unif}([n])} \1
                                                  [\hat\chi(\bm{x}) \neq \ch...
The control sequence at the end of the top line
of your error message was never \def'ed. If you have
misspelled it (e.g., `\hobx'), type `I' and the correct
spelling (e.g., `I\hbox'). Otherwise just continue,
and I'll forget about whatever was undefined.

./content/random_planting.tex:177: Undefined control sequence.
l.177 ...\operatorname{Unif}([n])} \1[\hat\chi(\bm
                                                  {x}) \neq \chi(\bm{x})] \l...
The control sequence at the end of the top line
of your error message was never \def'ed. If you have
misspelled it (e.g., `\hobx'), type `I' and the correct
spelling (e.g., `I\hbox'). Otherwise just continue,
and I'll forget about whatever was undefined.

./content/random_planting.tex:177: Undefined control sequence.
l.177 ...}([n])} \1[\hat\chi(\bm{x}) \neq \chi(\bm
                                                  {x})] \leq O_k\Paren{1/d^{...
The control sequence at the end of the top line
of your error message was never \def'ed. If you have
misspelled it (e.g., `\hobx'), type `I' and the correct
spelling (e.g., `I\hbox'). Otherwise just continue,
and I'll forget about whatever was undefined.


LaTeX Warning: Reference `alg: uncolouring' on page 1 undefined on input line 179.


LaTeX Warning: Reference `lemma: approximatetopartial' on page 1 undefined on input line 179.

./content/random_planting.tex:179: Undefined control sequence.
l.179 ...ouring $\hat{\chi}$ with $\mathbb{E}_{\bm
                                                  {x} \sim \operatorname{Uni...
The control sequence at the end of the top line
of your error message was never \def'ed. If you have
misspelled it (e.g., `\hobx'), type `I' and the correct
spelling (e.g., `I\hbox'). Otherwise just continue,
and I'll forget about whatever was undefined.

./content/random_planting.tex:179: Undefined control sequence.
l.179 ...{\bm{x} \sim \operatorname{Unif}([n])} \1
                                                  [\hat\chi(\bm{x}) \neq \ch...
The control sequence at the end of the top line
of your error message was never \def'ed. If you have
misspelled it (e.g., `\hobx'), type `I' and the correct
spelling (e.g., `I\hbox'). Otherwise just continue,
and I'll forget about whatever was undefined.

./content/random_planting.tex:179: Undefined control sequence.
l.179 ...\operatorname{Unif}([n])} \1[\hat\chi(\bm
                                                  {x}) \neq \chi(\bm{x})] \l...
The control sequence at the end of the top line
of your error message was never \def'ed. If you have
misspelled it (e.g., `\hobx'), type `I' and the correct
spelling (e.g., `I\hbox'). Otherwise just continue,
and I'll forget about whatever was undefined.

./content/random_planting.tex:179: Undefined control sequence.
l.179 ...}([n])} \1[\hat\chi(\bm{x}) \neq \chi(\bm
                                                  {x})] \leq O_k\Paren{1/d^{...
The control sequence at the end of the top line
of your error message was never \def'ed. If you have
misspelled it (e.g., `\hobx'), type `I' and the correct
spelling (e.g., `I\hbox'). Otherwise just continue,
and I'll forget about whatever was undefined.


LaTeX Warning: Reference `alg: saferecolouring' on page 1 undefined on input line 181.


LaTeX Warning: Reference `lemma: partialtologncomps' on page 1 undefined on input line 181.

)
<declaration-originality.pdf, id=451, 597.55246pt x 845.07718pt>
File: declaration-originality.pdf Graphic file (type pdf)
<use declaration-originality.pdf>
Package pdftex.def Info: declaration-originality.pdf  used on input line 107.
(pdftex.def)             Requested size: 597.551pt x 845.07512pt.
<declaration-originality.pdf, id=453, page=1, 597.55246pt x 845.07718pt>
File: declaration-originality.pdf Graphic file (type pdf)
<use declaration-originality.pdf, page 1>
Package pdftex.def Info: declaration-originality.pdf , page1 used on input line 107.
(pdftex.def)             Requested size: 597.551pt x 845.07512pt.
File: declaration-originality.pdf Graphic file (type pdf)
<use declaration-originality.pdf, page 1>
Package pdftex.def Info: declaration-originality.pdf , page1 used on input line 107.
(pdftex.def)             Requested size: 597.57834pt x 845.1138pt.


[53]
File: declaration-originality.pdf Graphic file (type pdf)
<use declaration-originality.pdf, page 1>
Package pdftex.def Info: declaration-originality.pdf , page1 used on input line 107.
(pdftex.def)             Requested size: 597.57834pt x 845.1138pt.
File: declaration-originality.pdf Graphic file (type pdf)
<use declaration-originality.pdf, page 1>
Package pdftex.def Info: declaration-originality.pdf , page1 used on input line 107.
(pdftex.def)             Requested size: 597.57834pt x 845.1138pt.


File: declaration-originality.pdf Graphic file (type pdf)
<use declaration-originality.pdf, page 1>
Package pdftex.def Info: declaration-originality.pdf , page1 used on input line 107.
(pdftex.def)             Requested size: 597.57834pt x 845.1138pt.
[54

 <./declaration-originality.pdf>]
\tf@thm=\write6
\openout6 = `thesis.thm'.



Package natbib Warning: There were undefined citations.

\tf@toc=\write7
\openout7 = `thesis.toc'.

(./thesis.aux

Package natbib Warning: Citation(s) may have changed.
(natbib)                Rerun to get citations correct.


./thesis.aux:429: Package natbib Error: Bibliography not compatible with author-year citations.
(natbib)                Press <return> to continue in numerical citation style.

See the natbib package documentation for explanation.
Type  H <return>  for immediate help.
 ...                                              
                                                  
l.429 ...and\NAT@force@numbers{}\NAT@force@numbers
                                                  
Check the bibliography entries for non-compliant syntax,
or select author-year BibTeX style, e.g. plainnat

)
 ***********
LaTeX2e <2024-11-01> patch level 2
L3 programming layer <2020/03/25>
 ***********


LaTeX Warning: There were undefined references.


LaTeX Warning: Label(s) may have changed. Rerun to get cross-references right.


Package rerunfilecheck Warning: File `thesis.out' has changed.
(rerunfilecheck)                Rerun to get outlines right
(rerunfilecheck)                or use package `bookmark'.

Package rerunfilecheck Info: Checksums for `thesis.out':
(rerunfilecheck)             Before: <no file>
(rerunfilecheck)             After:  7E47056C98D525B454F52EC5512772ED;3080.
 ) 
Here is how much of TeX's memory you used:
 36792 strings out of 473190
 661051 string characters out of 5715800
 1136759 words of memory out of 5000000
 58469 multiletter control sequences out of 15000+600000
 654335 words of font info for 635 fonts, out of 8000000 for 9000
 1141 hyphenation exceptions out of 8191
 102i,21n,125p,1277b,743s stack positions out of 10000i,1000n,20000p,200000b,200000s
</usr/local/texlive/2025/texmf-dist/fonts/type1/public/amsfonts/cm/cmbsy10.pfb></usr/local/texlive/2025/texmf-dist/fonts/type1/public/amsfonts/cm/cmbx10.pfb></usr/local/texlive/2025/texmf-dist/fonts/type1/public/amsfonts/cm/cmex10.pfb></usr/local/texlive/2025/texmf-dist/fonts/type1/public/amsfonts/cm/cmmi10.pfb></usr/local/texlive/2025/texmf-dist/fonts/type1/public/amsfonts/cm/cmr10.pfb></usr/local/texlive/2025/texmf-dist/fonts/type1/public/amsfonts/cm/cmss10.pfb></usr/local/texlive/2025/texmf-dist/fonts/type1/public/amsfonts/cm/cmss12.pfb></usr/local/texlive/2025/texmf-dist/fonts/type1/public/amsfonts/cm/cmssbx10.pfb></usr/local/texlive/2025/texmf-dist/fonts/type1/public/amsfonts/cm/cmsy10.pfb></usr/local/texlive/2025/texmf-dist/fonts/type1/public/mathpazo/fplmbb.pfb></usr/local/texlive/2025/texmf-dist/fonts/type1/public/mathpazo/fplmbi.pfb></usr/local/texlive/2025/texmf-dist/fonts/type1/public/mathpazo/fplmr.pfb></usr/local/texlive/2025/texmf-dist/fonts/type1/public/mathpazo/fplmri.pfb></usr/local/texlive/2025/texmf-dist/fonts/type1/public/amsfonts/symbols/msam10.pfb></usr/local/texlive/2025/texmf-dist/fonts/type1/urw/palatino/uplb8a.pfb></usr/local/texlive/2025/texmf-dist/fonts/type1/urw/palatino/uplbi8a.pfb></usr/local/texlive/2025/texmf-dist/fonts/type1/urw/palatino/uplr8a.pfb></usr/local/texlive/2025/texmf-dist/fonts/type1/urw/palatino/uplri8a.pfb>
Output written on thesis.pdf (57 pages, 596748 bytes).
PDF statistics:
 637 PDF objects out of 1000 (max. 8388607)
 518 compressed objects within 6 object streams
 250 named destinations out of 1000 (max. 500000)
 128033 words of extra memory for PDF output out of 128383 (max. 10000000)

